id_tiempo,dia,mes,anio,estacion
31122028,31,12,2028,Verano
1012029,1,1,2029,Verano
2012029,2,1,2029,Verano
3012029,3,1,2029,Verano
4012029,4,1,2029,Verano
5012029,5,1,2029,Verano
6012029,6,1,2029,Verano
7012029,7,1,2029,Verano
8012029,8,1,2029,Verano
9012029,9,1,2029,Verano
10012029,10,1,2029,Verano
11012029,11,1,2029,Verano
12012029,12,1,2029,Verano
13012029,13,1,2029,Verano
14012029,14,1,2029,Verano
15012029,15,1,2029,Verano
16012029,16,1,2029,Verano
17012029,17,1,2029,Verano
18012029,18,1,2029,Verano
19012029,19,1,2029,Verano
20012029,20,1,2029,Verano
21012029,21,1,2029,Verano
22012029,22,1,2029,Verano
23012029,23,1,2029,Verano
24012029,24,1,2029,Verano
25012029,25,1,2029,Verano
26012029,26,1,2029,Verano
27012029,27,1,2029,Verano
28012029,28,1,2029,Verano
29012029,29,1,2029,Verano
30012029,30,1,2029,Verano
31012029,31,1,2029,Verano
1022029,1,2,2029,Verano
2022029,2,2,2029,Verano
3022029,3,2,2029,Verano
4022029,4,2,2029,Verano
5022029,5,2,2029,Verano
6022029,6,2,2029,Verano
7022029,7,2,2029,Verano
8022029,8,2,2029,Verano
9022029,9,2,2029,Verano
10022029,10,2,2029,Verano
11022029,11,2,2029,Verano
12022029,12,2,2029,Verano
13022029,13,2,2029,Verano
14022029,14,2,2029,Verano
15022029,15,2,2029,Verano
16022029,16,2,2029,Verano
17022029,17,2,2029,Verano
18022029,18,2,2029,Verano
19022029,19,2,2029,Verano
20022029,20,2,2029,Verano
21022029,21,2,2029,Verano
22022029,22,2,2029,Verano
23022029,23,2,2029,Verano
24022029,24,2,2029,Verano
25022029,25,2,2029,Verano
26022029,26,2,2029,Verano
27022029,27,2,2029,Verano
28022029,28,2,2029,Verano
1032029,1,3,2029,Otoño
2032029,2,3,2029,Otoño
3032029,3,3,2029,Otoño
4032029,4,3,2029,Otoño
5032029,5,3,2029,Otoño
6032029,6,3,2029,Otoño
7032029,7,3,2029,Otoño
8032029,8,3,2029,Otoño
9032029,9,3,2029,Otoño
10032029,10,3,2029,Otoño
11032029,11,3,2029,Otoño
12032029,12,3,2029,Otoño
13032029,13,3,2029,Otoño
14032029,14,3,2029,Otoño
15032029,15,3,2029,Otoño
16032029,16,3,2029,Otoño
17032029,17,3,2029,Otoño
18032029,18,3,2029,Otoño
19032029,19,3,2029,Otoño
20032029,20,3,2029,Otoño
21032029,21,3,2029,Otoño
22032029,22,3,2029,Otoño
23032029,23,3,2029,Otoño
24032029,24,3,2029,Otoño
25032029,25,3,2029,Otoño
26032029,26,3,2029,Otoño
27032029,27,3,2029,Otoño
28032029,28,3,2029,Otoño
29032029,29,3,2029,Otoño
30032029,30,3,2029,Otoño
31032029,31,3,2029,Otoño
1042029,1,4,2029,Otoño
2042029,2,4,2029,Otoño
3042029,3,4,2029,Otoño
4042029,4,4,2029,Otoño
5042029,5,4,2029,Otoño
6042029,6,4,2029,Otoño
7042029,7,4,2029,Otoño
8042029,8,4,2029,Otoño
9042029,9,4,2029,Otoño
10042029,10,4,2029,Otoño
11042029,11,4,2029,Otoño
12042029,12,4,2029,Otoño
13042029,13,4,2029,Otoño
14042029,14,4,2029,Otoño
15042029,15,4,2029,Otoño
16042029,16,4,2029,Otoño
17042029,17,4,2029,Otoño
18042029,18,4,2029,Otoño
19042029,19,4,2029,Otoño
20042029,20,4,2029,Otoño
21042029,21,4,2029,Otoño
22042029,22,4,2029,Otoño
23042029,23,4,2029,Otoño
24042029,24,4,2029,Otoño
25042029,25,4,2029,Otoño
26042029,26,4,2029,Otoño
27042029,27,4,2029,Otoño
28042029,28,4,2029,Otoño
29042029,29,4,2029,Otoño
30042029,30,4,2029,Otoño
1052029,1,5,2029,Otoño
2052029,2,5,2029,Otoño
3052029,3,5,2029,Otoño
4052029,4,5,2029,Otoño
5052029,5,5,2029,Otoño
6052029,6,5,2029,Otoño
7052029,7,5,2029,Otoño
8052029,8,5,2029,Otoño
9052029,9,5,2029,Otoño
10052029,10,5,2029,Otoño
11052029,11,5,2029,Otoño
12052029,12,5,2029,Otoño
13052029,13,5,2029,Otoño
14052029,14,5,2029,Otoño
15052029,15,5,2029,Otoño
16052029,16,5,2029,Otoño
17052029,17,5,2029,Otoño
18052029,18,5,2029,Otoño
19052029,19,5,2029,Otoño
20052029,20,5,2029,Otoño
21052029,21,5,2029,Otoño
22052029,22,5,2029,Otoño
23052029,23,5,2029,Otoño
24052029,24,5,2029,Otoño
25052029,25,5,2029,Otoño
26052029,26,5,2029,Otoño
27052029,27,5,2029,Otoño
28052029,28,5,2029,Otoño
29052029,29,5,2029,Otoño
30052029,30,5,2029,Otoño
31052029,31,5,2029,Otoño
1062029,1,6,2029,Invierno
2062029,2,6,2029,Invierno
3062029,3,6,2029,Invierno
4062029,4,6,2029,Invierno
5062029,5,6,2029,Invierno
6062029,6,6,2029,Invierno
7062029,7,6,2029,Invierno
8062029,8,6,2029,Invierno
9062029,9,6,2029,Invierno
10062029,10,6,2029,Invierno
11062029,11,6,2029,Invierno
12062029,12,6,2029,Invierno
13062029,13,6,2029,Invierno
14062029,14,6,2029,Invierno
15062029,15,6,2029,Invierno
16062029,16,6,2029,Invierno
17062029,17,6,2029,Invierno
18062029,18,6,2029,Invierno
19062029,19,6,2029,Invierno
20062029,20,6,2029,Invierno
21062029,21,6,2029,Invierno
22062029,22,6,2029,Invierno
23062029,23,6,2029,Invierno
24062029,24,6,2029,Invierno
25062029,25,6,2029,Invierno
26062029,26,6,2029,Invierno
27062029,27,6,2029,Invierno
28062029,28,6,2029,Invierno
29062029,29,6,2029,Invierno
30062029,30,6,2029,Invierno
1072029,1,7,2029,Invierno
2072029,2,7,2029,Invierno
3072029,3,7,2029,Invierno
4072029,4,7,2029,Invierno
5072029,5,7,2029,Invierno
6072029,6,7,2029,Invierno
7072029,7,7,2029,Invierno
8072029,8,7,2029,Invierno
9072029,9,7,2029,Invierno
10072029,10,7,2029,Invierno
11072029,11,7,2029,Invierno
12072029,12,7,2029,Invierno
13072029,13,7,2029,Invierno
14072029,14,7,2029,Invierno
15072029,15,7,2029,Invierno
16072029,16,7,2029,Invierno
17072029,17,7,2029,Invierno
18072029,18,7,2029,Invierno
19072029,19,7,2029,Invierno
20072029,20,7,2029,Invierno
21072029,21,7,2029,Invierno
22072029,22,7,2029,Invierno
23072029,23,7,2029,Invierno
24072029,24,7,2029,Invierno
25072029,25,7,2029,Invierno
26072029,26,7,2029,Invierno
27072029,27,7,2029,Invierno
28072029,28,7,2029,Invierno
29072029,29,7,2029,Invierno
30072029,30,7,2029,Invierno
31072029,31,7,2029,Invierno
1082029,1,8,2029,Invierno
2082029,2,8,2029,Invierno
3082029,3,8,2029,Invierno
4082029,4,8,2029,Invierno
5082029,5,8,2029,Invierno
6082029,6,8,2029,Invierno
7082029,7,8,2029,Invierno
8082029,8,8,2029,Invierno
9082029,9,8,2029,Invierno
10082029,10,8,2029,Invierno
11082029,11,8,2029,Invierno
12082029,12,8,2029,Invierno
13082029,13,8,2029,Invierno
14082029,14,8,2029,Invierno
15082029,15,8,2029,Invierno
16082029,16,8,2029,Invierno
17082029,17,8,2029,Invierno
18082029,18,8,2029,Invierno
19082029,19,8,2029,Invierno
20082029,20,8,2029,Invierno
21082029,21,8,2029,Invierno
22082029,22,8,2029,Invierno
23082029,23,8,2029,Invierno
24082029,24,8,2029,Invierno
25082029,25,8,2029,Invierno
26082029,26,8,2029,Invierno
27082029,27,8,2029,Invierno
28082029,28,8,2029,Invierno
29082029,29,8,2029,Invierno
30082029,30,8,2029,Invierno
31082029,31,8,2029,Invierno
1092029,1,9,2029,Primavera
2092029,2,9,2029,Primavera
3092029,3,9,2029,Primavera
4092029,4,9,2029,Primavera
5092029,5,9,2029,Primavera
6092029,6,9,2029,Primavera
7092029,7,9,2029,Primavera
8092029,8,9,2029,Primavera
9092029,9,9,2029,Primavera
10092029,10,9,2029,Primavera
11092029,11,9,2029,Primavera
12092029,12,9,2029,Primavera
13092029,13,9,2029,Primavera
14092029,14,9,2029,Primavera
15092029,15,9,2029,Primavera
16092029,16,9,2029,Primavera
17092029,17,9,2029,Primavera
18092029,18,9,2029,Primavera
19092029,19,9,2029,Primavera
20092029,20,9,2029,Primavera
21092029,21,9,2029,Primavera
22092029,22,9,2029,Primavera
23092029,23,9,2029,Primavera
24092029,24,9,2029,Primavera
25092029,25,9,2029,Primavera
26092029,26,9,2029,Primavera
27092029,27,9,2029,Primavera
28092029,28,9,2029,Primavera
29092029,29,9,2029,Primavera
30092029,30,9,2029,Primavera
1102029,1,10,2029,Primavera
2102029,2,10,2029,Primavera
3102029,3,10,2029,Primavera
4102029,4,10,2029,Primavera
5102029,5,10,2029,Primavera
6102029,6,10,2029,Primavera
7102029,7,10,2029,Primavera
8102029,8,10,2029,Primavera
9102029,9,10,2029,Primavera
10102029,10,10,2029,Primavera
11102029,11,10,2029,Primavera
12102029,12,10,2029,Primavera
13102029,13,10,2029,Primavera
14102029,14,10,2029,Primavera
15102029,15,10,2029,Primavera
16102029,16,10,2029,Primavera
17102029,17,10,2029,Primavera
18102029,18,10,2029,Primavera
19102029,19,10,2029,Primavera
20102029,20,10,2029,Primavera
21102029,21,10,2029,Primavera
22102029,22,10,2029,Primavera
23102029,23,10,2029,Primavera
24102029,24,10,2029,Primavera
25102029,25,10,2029,Primavera
26102029,26,10,2029,Primavera
27102029,27,10,2029,Primavera
28102029,28,10,2029,Primavera
29102029,29,10,2029,Primavera
30102029,30,10,2029,Primavera
31102029,31,10,2029,Primavera
1112029,1,11,2029,Primavera
2112029,2,11,2029,Primavera
3112029,3,11,2029,Primavera
4112029,4,11,2029,Primavera
5112029,5,11,2029,Primavera
6112029,6,11,2029,Primavera
7112029,7,11,2029,Primavera
8112029,8,11,2029,Primavera
9112029,9,11,2029,Primavera
10112029,10,11,2029,Primavera
11112029,11,11,2029,Primavera
12112029,12,11,2029,Primavera
13112029,13,11,2029,Primavera
14112029,14,11,2029,Primavera
15112029,15,11,2029,Primavera
16112029,16,11,2029,Primavera
17112029,17,11,2029,Primavera
18112029,18,11,2029,Primavera
19112029,19,11,2029,Primavera
20112029,20,11,2029,Primavera
21112029,21,11,2029,Primavera
22112029,22,11,2029,Primavera
23112029,23,11,2029,Primavera
24112029,24,11,2029,Primavera
25112029,25,11,2029,Primavera
26112029,26,11,2029,Primavera
27112029,27,11,2029,Primavera
28112029,28,11,2029,Primavera
29112029,29,11,2029,Primavera
30112029,30,11,2029,Primavera
1122029,1,12,2029,Verano
2122029,2,12,2029,Verano
3122029,3,12,2029,Verano
4122029,4,12,2029,Verano
5122029,5,12,2029,Verano
6122029,6,12,2029,Verano
7122029,7,12,2029,Verano
8122029,8,12,2029,Verano
9122029,9,12,2029,Verano
10122029,10,12,2029,Verano
11122029,11,12,2029,Verano
12122029,12,12,2029,Verano
13122029,13,12,2029,Verano
14122029,14,12,2029,Verano
15122029,15,12,2029,Verano
16122029,16,12,2029,Verano
17122029,17,12,2029,Verano
18122029,18,12,2029,Verano
19122029,19,12,2029,Verano
20122029,20,12,2029,Verano
21122029,21,12,2029,Verano
22122029,22,12,2029,Verano
23122029,23,12,2029,Verano
24122029,24,12,2029,Verano
25122029,25,12,2029,Verano
26122029,26,12,2029,Verano
27122029,27,12,2029,Verano
28122029,28,12,2029,Verano
29122029,29,12,2029,Verano
30122029,30,12,2029,Verano
31122029,31,12,2029,Verano
1012030,1,1,2030,Verano
2012030,2,1,2030,Verano
3012030,3,1,2030,Verano
4012030,4,1,2030,Verano
5012030,5,1,2030,Verano
6012030,6,1,2030,Verano
7012030,7,1,2030,Verano
8012030,8,1,2030,Verano
9012030,9,1,2030,Verano
10012030,10,1,2030,Verano
11012030,11,1,2030,Verano
12012030,12,1,2030,Verano
13012030,13,1,2030,Verano
14012030,14,1,2030,Verano
15012030,15,1,2030,Verano
16012030,16,1,2030,Verano
17012030,17,1,2030,Verano
18012030,18,1,2030,Verano
19012030,19,1,2030,Verano
20012030,20,1,2030,Verano
21012030,21,1,2030,Verano
22012030,22,1,2030,Verano
23012030,23,1,2030,Verano
24012030,24,1,2030,Verano
25012030,25,1,2030,Verano
26012030,26,1,2030,Verano
27012030,27,1,2030,Verano
28012030,28,1,2030,Verano
29012030,29,1,2030,Verano
30012030,30,1,2030,Verano
31012030,31,1,2030,Verano
1022030,1,2,2030,Verano
2022030,2,2,2030,Verano
3022030,3,2,2030,Verano
4022030,4,2,2030,Verano
5022030,5,2,2030,Verano
6022030,6,2,2030,Verano
7022030,7,2,2030,Verano
8022030,8,2,2030,Verano
9022030,9,2,2030,Verano
10022030,10,2,2030,Verano
11022030,11,2,2030,Verano
12022030,12,2,2030,Verano
13022030,13,2,2030,Verano
14022030,14,2,2030,Verano
15022030,15,2,2030,Verano
16022030,16,2,2030,Verano
17022030,17,2,2030,Verano
18022030,18,2,2030,Verano
19022030,19,2,2030,Verano
20022030,20,2,2030,Verano
21022030,21,2,2030,Verano
22022030,22,2,2030,Verano
23022030,23,2,2030,Verano
24022030,24,2,2030,Verano
25022030,25,2,2030,Verano
26022030,26,2,2030,Verano
27022030,27,2,2030,Verano
28022030,28,2,2030,Verano
1032030,1,3,2030,Otoño
2032030,2,3,2030,Otoño
3032030,3,3,2030,Otoño
4032030,4,3,2030,Otoño
5032030,5,3,2030,Otoño
6032030,6,3,2030,Otoño
7032030,7,3,2030,Otoño
8032030,8,3,2030,Otoño
9032030,9,3,2030,Otoño
10032030,10,3,2030,Otoño
11032030,11,3,2030,Otoño
12032030,12,3,2030,Otoño
13032030,13,3,2030,Otoño
14032030,14,3,2030,Otoño
15032030,15,3,2030,Otoño
16032030,16,3,2030,Otoño
17032030,17,3,2030,Otoño
18032030,18,3,2030,Otoño
19032030,19,3,2030,Otoño
20032030,20,3,2030,Otoño
21032030,21,3,2030,Otoño
22032030,22,3,2030,Otoño
23032030,23,3,2030,Otoño
24032030,24,3,2030,Otoño
25032030,25,3,2030,Otoño
26032030,26,3,2030,Otoño
27032030,27,3,2030,Otoño
28032030,28,3,2030,Otoño
29032030,29,3,2030,Otoño
30032030,30,3,2030,Otoño
31032030,31,3,2030,Otoño
1042030,1,4,2030,Otoño
2042030,2,4,2030,Otoño
3042030,3,4,2030,Otoño
4042030,4,4,2030,Otoño
5042030,5,4,2030,Otoño
6042030,6,4,2030,Otoño
7042030,7,4,2030,Otoño
8042030,8,4,2030,Otoño
9042030,9,4,2030,Otoño
10042030,10,4,2030,Otoño
11042030,11,4,2030,Otoño
12042030,12,4,2030,Otoño
13042030,13,4,2030,Otoño
14042030,14,4,2030,Otoño
15042030,15,4,2030,Otoño
16042030,16,4,2030,Otoño
17042030,17,4,2030,Otoño
18042030,18,4,2030,Otoño
19042030,19,4,2030,Otoño
20042030,20,4,2030,Otoño
21042030,21,4,2030,Otoño
22042030,22,4,2030,Otoño
23042030,23,4,2030,Otoño
24042030,24,4,2030,Otoño
25042030,25,4,2030,Otoño
26042030,26,4,2030,Otoño
27042030,27,4,2030,Otoño
28042030,28,4,2030,Otoño
29042030,29,4,2030,Otoño
30042030,30,4,2030,Otoño
1052030,1,5,2030,Otoño
2052030,2,5,2030,Otoño
3052030,3,5,2030,Otoño
4052030,4,5,2030,Otoño
5052030,5,5,2030,Otoño
6052030,6,5,2030,Otoño
7052030,7,5,2030,Otoño
8052030,8,5,2030,Otoño
9052030,9,5,2030,Otoño
10052030,10,5,2030,Otoño
11052030,11,5,2030,Otoño
12052030,12,5,2030,Otoño
13052030,13,5,2030,Otoño
14052030,14,5,2030,Otoño
15052030,15,5,2030,Otoño
16052030,16,5,2030,Otoño
17052030,17,5,2030,Otoño
18052030,18,5,2030,Otoño
19052030,19,5,2030,Otoño
20052030,20,5,2030,Otoño
21052030,21,5,2030,Otoño
22052030,22,5,2030,Otoño
23052030,23,5,2030,Otoño
24052030,24,5,2030,Otoño
25052030,25,5,2030,Otoño
26052030,26,5,2030,Otoño
27052030,27,5,2030,Otoño
28052030,28,5,2030,Otoño
29052030,29,5,2030,Otoño
30052030,30,5,2030,Otoño
31052030,31,5,2030,Otoño
1062030,1,6,2030,Invierno
2062030,2,6,2030,Invierno
3062030,3,6,2030,Invierno
4062030,4,6,2030,Invierno
5062030,5,6,2030,Invierno
6062030,6,6,2030,Invierno
7062030,7,6,2030,Invierno
8062030,8,6,2030,Invierno
9062030,9,6,2030,Invierno
10062030,10,6,2030,Invierno
11062030,11,6,2030,Invierno
12062030,12,6,2030,Invierno
13062030,13,6,2030,Invierno
14062030,14,6,2030,Invierno
15062030,15,6,2030,Invierno
16062030,16,6,2030,Invierno
17062030,17,6,2030,Invierno
18062030,18,6,2030,Invierno
19062030,19,6,2030,Invierno
20062030,20,6,2030,Invierno
21062030,21,6,2030,Invierno
22062030,22,6,2030,Invierno
23062030,23,6,2030,Invierno
24062030,24,6,2030,Invierno
25062030,25,6,2030,Invierno
26062030,26,6,2030,Invierno
27062030,27,6,2030,Invierno
28062030,28,6,2030,Invierno
29062030,29,6,2030,Invierno
30062030,30,6,2030,Invierno
1072030,1,7,2030,Invierno
2072030,2,7,2030,Invierno
3072030,3,7,2030,Invierno
4072030,4,7,2030,Invierno
5072030,5,7,2030,Invierno
6072030,6,7,2030,Invierno
7072030,7,7,2030,Invierno
8072030,8,7,2030,Invierno
9072030,9,7,2030,Invierno
10072030,10,7,2030,Invierno
11072030,11,7,2030,Invierno
12072030,12,7,2030,Invierno
13072030,13,7,2030,Invierno
14072030,14,7,2030,Invierno
15072030,15,7,2030,Invierno
16072030,16,7,2030,Invierno
17072030,17,7,2030,Invierno
18072030,18,7,2030,Invierno
19072030,19,7,2030,Invierno
20072030,20,7,2030,Invierno
21072030,21,7,2030,Invierno
22072030,22,7,2030,Invierno
23072030,23,7,2030,Invierno
24072030,24,7,2030,Invierno
25072030,25,7,2030,Invierno
26072030,26,7,2030,Invierno
27072030,27,7,2030,Invierno
28072030,28,7,2030,Invierno
29072030,29,7,2030,Invierno
30072030,30,7,2030,Invierno
31072030,31,7,2030,Invierno
1082030,1,8,2030,Invierno
2082030,2,8,2030,Invierno
3082030,3,8,2030,Invierno
4082030,4,8,2030,Invierno
5082030,5,8,2030,Invierno
6082030,6,8,2030,Invierno
7082030,7,8,2030,Invierno
8082030,8,8,2030,Invierno
9082030,9,8,2030,Invierno
10082030,10,8,2030,Invierno
11082030,11,8,2030,Invierno
12082030,12,8,2030,Invierno
13082030,13,8,2030,Invierno
14082030,14,8,2030,Invierno
15082030,15,8,2030,Invierno
16082030,16,8,2030,Invierno
17082030,17,8,2030,Invierno
18082030,18,8,2030,Invierno
19082030,19,8,2030,Invierno
20082030,20,8,2030,Invierno
21082030,21,8,2030,Invierno
22082030,22,8,2030,Invierno
23082030,23,8,2030,Invierno
24082030,24,8,2030,Invierno
25082030,25,8,2030,Invierno
26082030,26,8,2030,Invierno
27082030,27,8,2030,Invierno
28082030,28,8,2030,Invierno
29082030,29,8,2030,Invierno
30082030,30,8,2030,Invierno
31082030,31,8,2030,Invierno
1092030,1,9,2030,Primavera
2092030,2,9,2030,Primavera
3092030,3,9,2030,Primavera
4092030,4,9,2030,Primavera
5092030,5,9,2030,Primavera
6092030,6,9,2030,Primavera
7092030,7,9,2030,Primavera
8092030,8,9,2030,Primavera
9092030,9,9,2030,Primavera
10092030,10,9,2030,Primavera
11092030,11,9,2030,Primavera
12092030,12,9,2030,Primavera
13092030,13,9,2030,Primavera
14092030,14,9,2030,Primavera
15092030,15,9,2030,Primavera
16092030,16,9,2030,Primavera
17092030,17,9,2030,Primavera
18092030,18,9,2030,Primavera
19092030,19,9,2030,Primavera
20092030,20,9,2030,Primavera
21092030,21,9,2030,Primavera
22092030,22,9,2030,Primavera
23092030,23,9,2030,Primavera
24092030,24,9,2030,Primavera
25092030,25,9,2030,Primavera
26092030,26,9,2030,Primavera
27092030,27,9,2030,Primavera
28092030,28,9,2030,Primavera
29092030,29,9,2030,Primavera
30092030,30,9,2030,Primavera
1102030,1,10,2030,Primavera
2102030,2,10,2030,Primavera
3102030,3,10,2030,Primavera
4102030,4,10,2030,Primavera
5102030,5,10,2030,Primavera
6102030,6,10,2030,Primavera
7102030,7,10,2030,Primavera
8102030,8,10,2030,Primavera
9102030,9,10,2030,Primavera
10102030,10,10,2030,Primavera
11102030,11,10,2030,Primavera
12102030,12,10,2030,Primavera
13102030,13,10,2030,Primavera
14102030,14,10,2030,Primavera
15102030,15,10,2030,Primavera
16102030,16,10,2030,Primavera
17102030,17,10,2030,Primavera
18102030,18,10,2030,Primavera
19102030,19,10,2030,Primavera
20102030,20,10,2030,Primavera
21102030,21,10,2030,Primavera
22102030,22,10,2030,Primavera
23102030,23,10,2030,Primavera
24102030,24,10,2030,Primavera
25102030,25,10,2030,Primavera
26102030,26,10,2030,Primavera
27102030,27,10,2030,Primavera
28102030,28,10,2030,Primavera
29102030,29,10,2030,Primavera
30102030,30,10,2030,Primavera
31102030,31,10,2030,Primavera
1112030,1,11,2030,Primavera
2112030,2,11,2030,Primavera
3112030,3,11,2030,Primavera
4112030,4,11,2030,Primavera
5112030,5,11,2030,Primavera
6112030,6,11,2030,Primavera
7112030,7,11,2030,Primavera
8112030,8,11,2030,Primavera
9112030,9,11,2030,Primavera
10112030,10,11,2030,Primavera
11112030,11,11,2030,Primavera
12112030,12,11,2030,Primavera
13112030,13,11,2030,Primavera
14112030,14,11,2030,Primavera
15112030,15,11,2030,Primavera
16112030,16,11,2030,Primavera
17112030,17,11,2030,Primavera
18112030,18,11,2030,Primavera
19112030,19,11,2030,Primavera
20112030,20,11,2030,Primavera
21112030,21,11,2030,Primavera
22112030,22,11,2030,Primavera
23112030,23,11,2030,Primavera
24112030,24,11,2030,Primavera
25112030,25,11,2030,Primavera
26112030,26,11,2030,Primavera
27112030,27,11,2030,Primavera
28112030,28,11,2030,Primavera
29112030,29,11,2030,Primavera
30112030,30,11,2030,Primavera
1122030,1,12,2030,Verano
2122030,2,12,2030,Verano
3122030,3,12,2030,Verano
4122030,4,12,2030,Verano
5122030,5,12,2030,Verano
6122030,6,12,2030,Verano
7122030,7,12,2030,Verano
8122030,8,12,2030,Verano
9122030,9,12,2030,Verano
10122030,10,12,2030,Verano
11122030,11,12,2030,Verano
12122030,12,12,2030,Verano
13122030,13,12,2030,Verano
14122030,14,12,2030,Verano
15122030,15,12,2030,Verano
16122030,16,12,2030,Verano
17122030,17,12,2030,Verano
18122030,18,12,2030,Verano
19122030,19,12,2030,Verano
20122030,20,12,2030,Verano
21122030,21,12,2030,Verano
22122030,22,12,2030,Verano
23122030,23,12,2030,Verano
24122030,24,12,2030,Verano
25122030,25,12,2030,Verano
26122030,26,12,2030,Verano
27122030,27,12,2030,Verano
28122030,28,12,2030,Verano
29122030,29,12,2030,Verano
30122030,30,12,2030,Verano
31122030,31,12,2030,Verano
1012031,1,1,2031,Verano
2012031,2,1,2031,Verano
3012031,3,1,2031,Verano
4012031,4,1,2031,Verano
5012031,5,1,2031,Verano
6012031,6,1,2031,Verano
7012031,7,1,2031,Verano
8012031,8,1,2031,Verano
9012031,9,1,2031,Verano
10012031,10,1,2031,Verano
11012031,11,1,2031,Verano
12012031,12,1,2031,Verano
13012031,13,1,2031,Verano
14012031,14,1,2031,Verano
15012031,15,1,2031,Verano
16012031,16,1,2031,Verano
17012031,17,1,2031,Verano
18012031,18,1,2031,Verano
19012031,19,1,2031,Verano
20012031,20,1,2031,Verano
21012031,21,1,2031,Verano
22012031,22,1,2031,Verano
23012031,23,1,2031,Verano
24012031,24,1,2031,Verano
25012031,25,1,2031,Verano
26012031,26,1,2031,Verano
27012031,27,1,2031,Verano
28012031,28,1,2031,Verano
29012031,29,1,2031,Verano
30012031,30,1,2031,Verano
31012031,31,1,2031,Verano
1022031,1,2,2031,Verano
2022031,2,2,2031,Verano
3022031,3,2,2031,Verano
4022031,4,2,2031,Verano
5022031,5,2,2031,Verano
6022031,6,2,2031,Verano
7022031,7,2,2031,Verano
8022031,8,2,2031,Verano
9022031,9,2,2031,Verano
10022031,10,2,2031,Verano
11022031,11,2,2031,Verano
12022031,12,2,2031,Verano
13022031,13,2,2031,Verano
14022031,14,2,2031,Verano
15022031,15,2,2031,Verano
16022031,16,2,2031,Verano
17022031,17,2,2031,Verano
18022031,18,2,2031,Verano
19022031,19,2,2031,Verano
20022031,20,2,2031,Verano
21022031,21,2,2031,Verano
22022031,22,2,2031,Verano
23022031,23,2,2031,Verano
24022031,24,2,2031,Verano
25022031,25,2,2031,Verano
26022031,26,2,2031,Verano
27022031,27,2,2031,Verano
28022031,28,2,2031,Verano
1032031,1,3,2031,Otoño
2032031,2,3,2031,Otoño
3032031,3,3,2031,Otoño
4032031,4,3,2031,Otoño
5032031,5,3,2031,Otoño
6032031,6,3,2031,Otoño
7032031,7,3,2031,Otoño
8032031,8,3,2031,Otoño
9032031,9,3,2031,Otoño
10032031,10,3,2031,Otoño
11032031,11,3,2031,Otoño
12032031,12,3,2031,Otoño
13032031,13,3,2031,Otoño
14032031,14,3,2031,Otoño
15032031,15,3,2031,Otoño
16032031,16,3,2031,Otoño
17032031,17,3,2031,Otoño
18032031,18,3,2031,Otoño
19032031,19,3,2031,Otoño
20032031,20,3,2031,Otoño
21032031,21,3,2031,Otoño
22032031,22,3,2031,Otoño
23032031,23,3,2031,Otoño
24032031,24,3,2031,Otoño
25032031,25,3,2031,Otoño
26032031,26,3,2031,Otoño
27032031,27,3,2031,Otoño
28032031,28,3,2031,Otoño
29032031,29,3,2031,Otoño
30032031,30,3,2031,Otoño
31032031,31,3,2031,Otoño
1042031,1,4,2031,Otoño
2042031,2,4,2031,Otoño
3042031,3,4,2031,Otoño
4042031,4,4,2031,Otoño
5042031,5,4,2031,Otoño
6042031,6,4,2031,Otoño
7042031,7,4,2031,Otoño
8042031,8,4,2031,Otoño
9042031,9,4,2031,Otoño
10042031,10,4,2031,Otoño
11042031,11,4,2031,Otoño
12042031,12,4,2031,Otoño
13042031,13,4,2031,Otoño
14042031,14,4,2031,Otoño
15042031,15,4,2031,Otoño
16042031,16,4,2031,Otoño
17042031,17,4,2031,Otoño
18042031,18,4,2031,Otoño
19042031,19,4,2031,Otoño
20042031,20,4,2031,Otoño
21042031,21,4,2031,Otoño
22042031,22,4,2031,Otoño
23042031,23,4,2031,Otoño
24042031,24,4,2031,Otoño
25042031,25,4,2031,Otoño
26042031,26,4,2031,Otoño
27042031,27,4,2031,Otoño
28042031,28,4,2031,Otoño
29042031,29,4,2031,Otoño
30042031,30,4,2031,Otoño
1052031,1,5,2031,Otoño
2052031,2,5,2031,Otoño
3052031,3,5,2031,Otoño
4052031,4,5,2031,Otoño
5052031,5,5,2031,Otoño
6052031,6,5,2031,Otoño
7052031,7,5,2031,Otoño
8052031,8,5,2031,Otoño
9052031,9,5,2031,Otoño
10052031,10,5,2031,Otoño
11052031,11,5,2031,Otoño
12052031,12,5,2031,Otoño
13052031,13,5,2031,Otoño
14052031,14,5,2031,Otoño
15052031,15,5,2031,Otoño
16052031,16,5,2031,Otoño
17052031,17,5,2031,Otoño
18052031,18,5,2031,Otoño
19052031,19,5,2031,Otoño
20052031,20,5,2031,Otoño
21052031,21,5,2031,Otoño
22052031,22,5,2031,Otoño
23052031,23,5,2031,Otoño
24052031,24,5,2031,Otoño
25052031,25,5,2031,Otoño
26052031,26,5,2031,Otoño
27052031,27,5,2031,Otoño
28052031,28,5,2031,Otoño
29052031,29,5,2031,Otoño
30052031,30,5,2031,Otoño
31052031,31,5,2031,Otoño
1062031,1,6,2031,Invierno
2062031,2,6,2031,Invierno
3062031,3,6,2031,Invierno
4062031,4,6,2031,Invierno
5062031,5,6,2031,Invierno
6062031,6,6,2031,Invierno
7062031,7,6,2031,Invierno
8062031,8,6,2031,Invierno
9062031,9,6,2031,Invierno
10062031,10,6,2031,Invierno
11062031,11,6,2031,Invierno
12062031,12,6,2031,Invierno
13062031,13,6,2031,Invierno
14062031,14,6,2031,Invierno
15062031,15,6,2031,Invierno
16062031,16,6,2031,Invierno
17062031,17,6,2031,Invierno
18062031,18,6,2031,Invierno
19062031,19,6,2031,Invierno
20062031,20,6,2031,Invierno
21062031,21,6,2031,Invierno
22062031,22,6,2031,Invierno
23062031,23,6,2031,Invierno
24062031,24,6,2031,Invierno
25062031,25,6,2031,Invierno
26062031,26,6,2031,Invierno
27062031,27,6,2031,Invierno
28062031,28,6,2031,Invierno
29062031,29,6,2031,Invierno
30062031,30,6,2031,Invierno
1072031,1,7,2031,Invierno
2072031,2,7,2031,Invierno
3072031,3,7,2031,Invierno
4072031,4,7,2031,Invierno
5072031,5,7,2031,Invierno
6072031,6,7,2031,Invierno
7072031,7,7,2031,Invierno
8072031,8,7,2031,Invierno
9072031,9,7,2031,Invierno
10072031,10,7,2031,Invierno
11072031,11,7,2031,Invierno
12072031,12,7,2031,Invierno
13072031,13,7,2031,Invierno
14072031,14,7,2031,Invierno
15072031,15,7,2031,Invierno
16072031,16,7,2031,Invierno
17072031,17,7,2031,Invierno
18072031,18,7,2031,Invierno
19072031,19,7,2031,Invierno
20072031,20,7,2031,Invierno
21072031,21,7,2031,Invierno
22072031,22,7,2031,Invierno
23072031,23,7,2031,Invierno
24072031,24,7,2031,Invierno
25072031,25,7,2031,Invierno
26072031,26,7,2031,Invierno
27072031,27,7,2031,Invierno
28072031,28,7,2031,Invierno
29072031,29,7,2031,Invierno
30072031,30,7,2031,Invierno
31072031,31,7,2031,Invierno
1082031,1,8,2031,Invierno
2082031,2,8,2031,Invierno
3082031,3,8,2031,Invierno
4082031,4,8,2031,Invierno
5082031,5,8,2031,Invierno
6082031,6,8,2031,Invierno
7082031,7,8,2031,Invierno
8082031,8,8,2031,Invierno
9082031,9,8,2031,Invierno
10082031,10,8,2031,Invierno
11082031,11,8,2031,Invierno
12082031,12,8,2031,Invierno
13082031,13,8,2031,Invierno
14082031,14,8,2031,Invierno
15082031,15,8,2031,Invierno
16082031,16,8,2031,Invierno
17082031,17,8,2031,Invierno
18082031,18,8,2031,Invierno
19082031,19,8,2031,Invierno
20082031,20,8,2031,Invierno
21082031,21,8,2031,Invierno
22082031,22,8,2031,Invierno
23082031,23,8,2031,Invierno
24082031,24,8,2031,Invierno
25082031,25,8,2031,Invierno
26082031,26,8,2031,Invierno
27082031,27,8,2031,Invierno
28082031,28,8,2031,Invierno
29082031,29,8,2031,Invierno
30082031,30,8,2031,Invierno
31082031,31,8,2031,Invierno
1092031,1,9,2031,Primavera
2092031,2,9,2031,Primavera
3092031,3,9,2031,Primavera
4092031,4,9,2031,Primavera
5092031,5,9,2031,Primavera
6092031,6,9,2031,Primavera
7092031,7,9,2031,Primavera
8092031,8,9,2031,Primavera
9092031,9,9,2031,Primavera
10092031,10,9,2031,Primavera
11092031,11,9,2031,Primavera
12092031,12,9,2031,Primavera
13092031,13,9,2031,Primavera
14092031,14,9,2031,Primavera
15092031,15,9,2031,Primavera
16092031,16,9,2031,Primavera
17092031,17,9,2031,Primavera
18092031,18,9,2031,Primavera
19092031,19,9,2031,Primavera
20092031,20,9,2031,Primavera
21092031,21,9,2031,Primavera
22092031,22,9,2031,Primavera
23092031,23,9,2031,Primavera
24092031,24,9,2031,Primavera
25092031,25,9,2031,Primavera
26092031,26,9,2031,Primavera
27092031,27,9,2031,Primavera
28092031,28,9,2031,Primavera
29092031,29,9,2031,Primavera
30092031,30,9,2031,Primavera
1102031,1,10,2031,Primavera
2102031,2,10,2031,Primavera
3102031,3,10,2031,Primavera
4102031,4,10,2031,Primavera
5102031,5,10,2031,Primavera
6102031,6,10,2031,Primavera
7102031,7,10,2031,Primavera
8102031,8,10,2031,Primavera
9102031,9,10,2031,Primavera
10102031,10,10,2031,Primavera
11102031,11,10,2031,Primavera
12102031,12,10,2031,Primavera
13102031,13,10,2031,Primavera
14102031,14,10,2031,Primavera
15102031,15,10,2031,Primavera
16102031,16,10,2031,Primavera
17102031,17,10,2031,Primavera
18102031,18,10,2031,Primavera
19102031,19,10,2031,Primavera
20102031,20,10,2031,Primavera
21102031,21,10,2031,Primavera
22102031,22,10,2031,Primavera
23102031,23,10,2031,Primavera
24102031,24,10,2031,Primavera
25102031,25,10,2031,Primavera
26102031,26,10,2031,Primavera
27102031,27,10,2031,Primavera
28102031,28,10,2031,Primavera
29102031,29,10,2031,Primavera
30102031,30,10,2031,Primavera
31102031,31,10,2031,Primavera
1112031,1,11,2031,Primavera
2112031,2,11,2031,Primavera
3112031,3,11,2031,Primavera
4112031,4,11,2031,Primavera
5112031,5,11,2031,Primavera
6112031,6,11,2031,Primavera
7112031,7,11,2031,Primavera
8112031,8,11,2031,Primavera
9112031,9,11,2031,Primavera
10112031,10,11,2031,Primavera
11112031,11,11,2031,Primavera
12112031,12,11,2031,Primavera
13112031,13,11,2031,Primavera
14112031,14,11,2031,Primavera
15112031,15,11,2031,Primavera
16112031,16,11,2031,Primavera
17112031,17,11,2031,Primavera
18112031,18,11,2031,Primavera
19112031,19,11,2031,Primavera
20112031,20,11,2031,Primavera
21112031,21,11,2031,Primavera
22112031,22,11,2031,Primavera
23112031,23,11,2031,Primavera
24112031,24,11,2031,Primavera
25112031,25,11,2031,Primavera
26112031,26,11,2031,Primavera
27112031,27,11,2031,Primavera
28112031,28,11,2031,Primavera
29112031,29,11,2031,Primavera
30112031,30,11,2031,Primavera
1122031,1,12,2031,Verano
2122031,2,12,2031,Verano
3122031,3,12,2031,Verano
4122031,4,12,2031,Verano
5122031,5,12,2031,Verano
6122031,6,12,2031,Verano
7122031,7,12,2031,Verano
8122031,8,12,2031,Verano
9122031,9,12,2031,Verano
10122031,10,12,2031,Verano
11122031,11,12,2031,Verano
12122031,12,12,2031,Verano
13122031,13,12,2031,Verano
14122031,14,12,2031,Verano
15122031,15,12,2031,Verano
16122031,16,12,2031,Verano
17122031,17,12,2031,Verano
18122031,18,12,2031,Verano
19122031,19,12,2031,Verano
20122031,20,12,2031,Verano
21122031,21,12,2031,Verano
22122031,22,12,2031,Verano
23122031,23,12,2031,Verano
24122031,24,12,2031,Verano
25122031,25,12,2031,Verano
26122031,26,12,2031,Verano
27122031,27,12,2031,Verano
28122031,28,12,2031,Verano
29122031,29,12,2031,Verano
30122031,30,12,2031,Verano
31122031,31,12,2031,Verano
1012032,1,1,2032,Verano
2012032,2,1,2032,Verano
3012032,3,1,2032,Verano
4012032,4,1,2032,Verano
5012032,5,1,2032,Verano
6012032,6,1,2032,Verano
7012032,7,1,2032,Verano
8012032,8,1,2032,Verano
9012032,9,1,2032,Verano
10012032,10,1,2032,Verano
11012032,11,1,2032,Verano
12012032,12,1,2032,Verano
13012032,13,1,2032,Verano
14012032,14,1,2032,Verano
15012032,15,1,2032,Verano
16012032,16,1,2032,Verano
17012032,17,1,2032,Verano
18012032,18,1,2032,Verano
19012032,19,1,2032,Verano
20012032,20,1,2032,Verano
21012032,21,1,2032,Verano
22012032,22,1,2032,Verano
23012032,23,1,2032,Verano
24012032,24,1,2032,Verano
25012032,25,1,2032,Verano
26012032,26,1,2032,Verano
27012032,27,1,2032,Verano
28012032,28,1,2032,Verano
29012032,29,1,2032,Verano
30012032,30,1,2032,Verano
31012032,31,1,2032,Verano
1022032,1,2,2032,Verano
2022032,2,2,2032,Verano
3022032,3,2,2032,Verano
4022032,4,2,2032,Verano
5022032,5,2,2032,Verano
6022032,6,2,2032,Verano
7022032,7,2,2032,Verano
8022032,8,2,2032,Verano
9022032,9,2,2032,Verano
10022032,10,2,2032,Verano
11022032,11,2,2032,Verano
12022032,12,2,2032,Verano
13022032,13,2,2032,Verano
14022032,14,2,2032,Verano
15022032,15,2,2032,Verano
16022032,16,2,2032,Verano
17022032,17,2,2032,Verano
18022032,18,2,2032,Verano
19022032,19,2,2032,Verano
20022032,20,2,2032,Verano
21022032,21,2,2032,Verano
22022032,22,2,2032,Verano
23022032,23,2,2032,Verano
24022032,24,2,2032,Verano
25022032,25,2,2032,Verano
26022032,26,2,2032,Verano
27022032,27,2,2032,Verano
28022032,28,2,2032,Verano
29022032,29,2,2032,Verano
1032032,1,3,2032,Otoño
2032032,2,3,2032,Otoño
3032032,3,3,2032,Otoño
4032032,4,3,2032,Otoño
5032032,5,3,2032,Otoño
6032032,6,3,2032,Otoño
7032032,7,3,2032,Otoño
8032032,8,3,2032,Otoño
9032032,9,3,2032,Otoño
10032032,10,3,2032,Otoño
11032032,11,3,2032,Otoño
12032032,12,3,2032,Otoño
13032032,13,3,2032,Otoño
14032032,14,3,2032,Otoño
15032032,15,3,2032,Otoño
16032032,16,3,2032,Otoño
17032032,17,3,2032,Otoño
18032032,18,3,2032,Otoño
19032032,19,3,2032,Otoño
20032032,20,3,2032,Otoño
21032032,21,3,2032,Otoño
22032032,22,3,2032,Otoño
23032032,23,3,2032,Otoño
24032032,24,3,2032,Otoño
25032032,25,3,2032,Otoño
26032032,26,3,2032,Otoño
27032032,27,3,2032,Otoño
28032032,28,3,2032,Otoño
29032032,29,3,2032,Otoño
30032032,30,3,2032,Otoño
31032032,31,3,2032,Otoño
1042032,1,4,2032,Otoño
2042032,2,4,2032,Otoño
3042032,3,4,2032,Otoño
4042032,4,4,2032,Otoño
5042032,5,4,2032,Otoño
6042032,6,4,2032,Otoño
7042032,7,4,2032,Otoño
8042032,8,4,2032,Otoño
9042032,9,4,2032,Otoño
10042032,10,4,2032,Otoño
11042032,11,4,2032,Otoño
12042032,12,4,2032,Otoño
13042032,13,4,2032,Otoño
14042032,14,4,2032,Otoño
15042032,15,4,2032,Otoño
16042032,16,4,2032,Otoño
17042032,17,4,2032,Otoño
18042032,18,4,2032,Otoño
19042032,19,4,2032,Otoño
20042032,20,4,2032,Otoño
21042032,21,4,2032,Otoño
22042032,22,4,2032,Otoño
23042032,23,4,2032,Otoño
24042032,24,4,2032,Otoño
25042032,25,4,2032,Otoño
26042032,26,4,2032,Otoño
27042032,27,4,2032,Otoño
28042032,28,4,2032,Otoño
29042032,29,4,2032,Otoño
30042032,30,4,2032,Otoño
1052032,1,5,2032,Otoño
2052032,2,5,2032,Otoño
3052032,3,5,2032,Otoño
4052032,4,5,2032,Otoño
5052032,5,5,2032,Otoño
6052032,6,5,2032,Otoño
7052032,7,5,2032,Otoño
8052032,8,5,2032,Otoño
9052032,9,5,2032,Otoño
10052032,10,5,2032,Otoño
11052032,11,5,2032,Otoño
12052032,12,5,2032,Otoño
13052032,13,5,2032,Otoño
14052032,14,5,2032,Otoño
15052032,15,5,2032,Otoño
16052032,16,5,2032,Otoño
17052032,17,5,2032,Otoño
18052032,18,5,2032,Otoño
19052032,19,5,2032,Otoño
20052032,20,5,2032,Otoño
21052032,21,5,2032,Otoño
22052032,22,5,2032,Otoño
23052032,23,5,2032,Otoño
24052032,24,5,2032,Otoño
25052032,25,5,2032,Otoño
26052032,26,5,2032,Otoño
27052032,27,5,2032,Otoño
28052032,28,5,2032,Otoño
29052032,29,5,2032,Otoño
30052032,30,5,2032,Otoño
31052032,31,5,2032,Otoño
1062032,1,6,2032,Invierno
2062032,2,6,2032,Invierno
3062032,3,6,2032,Invierno
4062032,4,6,2032,Invierno
5062032,5,6,2032,Invierno
6062032,6,6,2032,Invierno
7062032,7,6,2032,Invierno
8062032,8,6,2032,Invierno
9062032,9,6,2032,Invierno
10062032,10,6,2032,Invierno
11062032,11,6,2032,Invierno
12062032,12,6,2032,Invierno
13062032,13,6,2032,Invierno
14062032,14,6,2032,Invierno
15062032,15,6,2032,Invierno
16062032,16,6,2032,Invierno
17062032,17,6,2032,Invierno
18062032,18,6,2032,Invierno
19062032,19,6,2032,Invierno
20062032,20,6,2032,Invierno
21062032,21,6,2032,Invierno
22062032,22,6,2032,Invierno
23062032,23,6,2032,Invierno
24062032,24,6,2032,Invierno
25062032,25,6,2032,Invierno
26062032,26,6,2032,Invierno
27062032,27,6,2032,Invierno
28062032,28,6,2032,Invierno
29062032,29,6,2032,Invierno
30062032,30,6,2032,Invierno
1072032,1,7,2032,Invierno
2072032,2,7,2032,Invierno
3072032,3,7,2032,Invierno
4072032,4,7,2032,Invierno
5072032,5,7,2032,Invierno
6072032,6,7,2032,Invierno
7072032,7,7,2032,Invierno
8072032,8,7,2032,Invierno
9072032,9,7,2032,Invierno
10072032,10,7,2032,Invierno
11072032,11,7,2032,Invierno
12072032,12,7,2032,Invierno
13072032,13,7,2032,Invierno
14072032,14,7,2032,Invierno
15072032,15,7,2032,Invierno
16072032,16,7,2032,Invierno
17072032,17,7,2032,Invierno
18072032,18,7,2032,Invierno
19072032,19,7,2032,Invierno
20072032,20,7,2032,Invierno
21072032,21,7,2032,Invierno
22072032,22,7,2032,Invierno
23072032,23,7,2032,Invierno
24072032,24,7,2032,Invierno
25072032,25,7,2032,Invierno
26072032,26,7,2032,Invierno
27072032,27,7,2032,Invierno
28072032,28,7,2032,Invierno
29072032,29,7,2032,Invierno
30072032,30,7,2032,Invierno
31072032,31,7,2032,Invierno
1082032,1,8,2032,Invierno
2082032,2,8,2032,Invierno
3082032,3,8,2032,Invierno
4082032,4,8,2032,Invierno
5082032,5,8,2032,Invierno
6082032,6,8,2032,Invierno
7082032,7,8,2032,Invierno
8082032,8,8,2032,Invierno
9082032,9,8,2032,Invierno
10082032,10,8,2032,Invierno
11082032,11,8,2032,Invierno
12082032,12,8,2032,Invierno
13082032,13,8,2032,Invierno
14082032,14,8,2032,Invierno
15082032,15,8,2032,Invierno
16082032,16,8,2032,Invierno
17082032,17,8,2032,Invierno
18082032,18,8,2032,Invierno
19082032,19,8,2032,Invierno
20082032,20,8,2032,Invierno
21082032,21,8,2032,Invierno
22082032,22,8,2032,Invierno
23082032,23,8,2032,Invierno
24082032,24,8,2032,Invierno
25082032,25,8,2032,Invierno
26082032,26,8,2032,Invierno
27082032,27,8,2032,Invierno
28082032,28,8,2032,Invierno
29082032,29,8,2032,Invierno
30082032,30,8,2032,Invierno
31082032,31,8,2032,Invierno
1092032,1,9,2032,Primavera
2092032,2,9,2032,Primavera
3092032,3,9,2032,Primavera
4092032,4,9,2032,Primavera
5092032,5,9,2032,Primavera
6092032,6,9,2032,Primavera
7092032,7,9,2032,Primavera
8092032,8,9,2032,Primavera
9092032,9,9,2032,Primavera
10092032,10,9,2032,Primavera
11092032,11,9,2032,Primavera
12092032,12,9,2032,Primavera
13092032,13,9,2032,Primavera
14092032,14,9,2032,Primavera
15092032,15,9,2032,Primavera
16092032,16,9,2032,Primavera
17092032,17,9,2032,Primavera
18092032,18,9,2032,Primavera
19092032,19,9,2032,Primavera
20092032,20,9,2032,Primavera
21092032,21,9,2032,Primavera
22092032,22,9,2032,Primavera
23092032,23,9,2032,Primavera
24092032,24,9,2032,Primavera
25092032,25,9,2032,Primavera
26092032,26,9,2032,Primavera
27092032,27,9,2032,Primavera
28092032,28,9,2032,Primavera
29092032,29,9,2032,Primavera
30092032,30,9,2032,Primavera
1102032,1,10,2032,Primavera
2102032,2,10,2032,Primavera
3102032,3,10,2032,Primavera
4102032,4,10,2032,Primavera
5102032,5,10,2032,Primavera
6102032,6,10,2032,Primavera
7102032,7,10,2032,Primavera
8102032,8,10,2032,Primavera
9102032,9,10,2032,Primavera
10102032,10,10,2032,Primavera
11102032,11,10,2032,Primavera
12102032,12,10,2032,Primavera
13102032,13,10,2032,Primavera
14102032,14,10,2032,Primavera
15102032,15,10,2032,Primavera
16102032,16,10,2032,Primavera
17102032,17,10,2032,Primavera
18102032,18,10,2032,Primavera
19102032,19,10,2032,Primavera
20102032,20,10,2032,Primavera
21102032,21,10,2032,Primavera
22102032,22,10,2032,Primavera
23102032,23,10,2032,Primavera
24102032,24,10,2032,Primavera
25102032,25,10,2032,Primavera
26102032,26,10,2032,Primavera
27102032,27,10,2032,Primavera
28102032,28,10,2032,Primavera
29102032,29,10,2032,Primavera
30102032,30,10,2032,Primavera
31102032,31,10,2032,Primavera
1112032,1,11,2032,Primavera
2112032,2,11,2032,Primavera
3112032,3,11,2032,Primavera
4112032,4,11,2032,Primavera
5112032,5,11,2032,Primavera
6112032,6,11,2032,Primavera
7112032,7,11,2032,Primavera
8112032,8,11,2032,Primavera
9112032,9,11,2032,Primavera
10112032,10,11,2032,Primavera
11112032,11,11,2032,Primavera
12112032,12,11,2032,Primavera
13112032,13,11,2032,Primavera
14112032,14,11,2032,Primavera
15112032,15,11,2032,Primavera
16112032,16,11,2032,Primavera
17112032,17,11,2032,Primavera
18112032,18,11,2032,Primavera
19112032,19,11,2032,Primavera
20112032,20,11,2032,Primavera
21112032,21,11,2032,Primavera
22112032,22,11,2032,Primavera
23112032,23,11,2032,Primavera
24112032,24,11,2032,Primavera
25112032,25,11,2032,Primavera
26112032,26,11,2032,Primavera
27112032,27,11,2032,Primavera
28112032,28,11,2032,Primavera
29112032,29,11,2032,Primavera
30112032,30,11,2032,Primavera
1122032,1,12,2032,Verano
2122032,2,12,2032,Verano
3122032,3,12,2032,Verano
4122032,4,12,2032,Verano
5122032,5,12,2032,Verano
6122032,6,12,2032,Verano
7122032,7,12,2032,Verano
8122032,8,12,2032,Verano
9122032,9,12,2032,Verano
10122032,10,12,2032,Verano
11122032,11,12,2032,Verano
12122032,12,12,2032,Verano
13122032,13,12,2032,Verano
14122032,14,12,2032,Verano
15122032,15,12,2032,Verano
16122032,16,12,2032,Verano
17122032,17,12,2032,Verano
18122032,18,12,2032,Verano
19122032,19,12,2032,Verano
20122032,20,12,2032,Verano
21122032,21,12,2032,Verano
22122032,22,12,2032,Verano
23122032,23,12,2032,Verano
24122032,24,12,2032,Verano
25122032,25,12,2032,Verano
26122032,26,12,2032,Verano
27122032,27,12,2032,Verano
28122032,28,12,2032,Verano
29122032,29,12,2032,Verano
30122032,30,12,2032,Verano
31122032,31,12,2032,Verano
1012033,1,1,2033,Verano
2012033,2,1,2033,Verano
3012033,3,1,2033,Verano
4012033,4,1,2033,Verano
5012033,5,1,2033,Verano
6012033,6,1,2033,Verano
7012033,7,1,2033,Verano
8012033,8,1,2033,Verano
9012033,9,1,2033,Verano
10012033,10,1,2033,Verano
11012033,11,1,2033,Verano
12012033,12,1,2033,Verano
13012033,13,1,2033,Verano
14012033,14,1,2033,Verano
15012033,15,1,2033,Verano
16012033,16,1,2033,Verano
17012033,17,1,2033,Verano
18012033,18,1,2033,Verano
19012033,19,1,2033,Verano
20012033,20,1,2033,Verano
21012033,21,1,2033,Verano
22012033,22,1,2033,Verano
23012033,23,1,2033,Verano
24012033,24,1,2033,Verano
25012033,25,1,2033,Verano
26012033,26,1,2033,Verano
27012033,27,1,2033,Verano
28012033,28,1,2033,Verano
29012033,29,1,2033,Verano
30012033,30,1,2033,Verano
31012033,31,1,2033,Verano
1022033,1,2,2033,Verano
2022033,2,2,2033,Verano
3022033,3,2,2033,Verano
4022033,4,2,2033,Verano
5022033,5,2,2033,Verano
6022033,6,2,2033,Verano
7022033,7,2,2033,Verano
8022033,8,2,2033,Verano
9022033,9,2,2033,Verano
10022033,10,2,2033,Verano
11022033,11,2,2033,Verano
12022033,12,2,2033,Verano
13022033,13,2,2033,Verano
14022033,14,2,2033,Verano
15022033,15,2,2033,Verano
16022033,16,2,2033,Verano
17022033,17,2,2033,Verano
18022033,18,2,2033,Verano
19022033,19,2,2033,Verano
20022033,20,2,2033,Verano
21022033,21,2,2033,Verano
22022033,22,2,2033,Verano
23022033,23,2,2033,Verano
24022033,24,2,2033,Verano
25022033,25,2,2033,Verano
26022033,26,2,2033,Verano
27022033,27,2,2033,Verano
28022033,28,2,2033,Verano
1032033,1,3,2033,Otoño
2032033,2,3,2033,Otoño
3032033,3,3,2033,Otoño
4032033,4,3,2033,Otoño
5032033,5,3,2033,Otoño
6032033,6,3,2033,Otoño
7032033,7,3,2033,Otoño
8032033,8,3,2033,Otoño
9032033,9,3,2033,Otoño
10032033,10,3,2033,Otoño
11032033,11,3,2033,Otoño
12032033,12,3,2033,Otoño
13032033,13,3,2033,Otoño
14032033,14,3,2033,Otoño
15032033,15,3,2033,Otoño
16032033,16,3,2033,Otoño
17032033,17,3,2033,Otoño
18032033,18,3,2033,Otoño
19032033,19,3,2033,Otoño
20032033,20,3,2033,Otoño
21032033,21,3,2033,Otoño
22032033,22,3,2033,Otoño
23032033,23,3,2033,Otoño
24032033,24,3,2033,Otoño
25032033,25,3,2033,Otoño
26032033,26,3,2033,Otoño
27032033,27,3,2033,Otoño
28032033,28,3,2033,Otoño
29032033,29,3,2033,Otoño
30032033,30,3,2033,Otoño
31032033,31,3,2033,Otoño
1042033,1,4,2033,Otoño
2042033,2,4,2033,Otoño
3042033,3,4,2033,Otoño
4042033,4,4,2033,Otoño
5042033,5,4,2033,Otoño
6042033,6,4,2033,Otoño
7042033,7,4,2033,Otoño
8042033,8,4,2033,Otoño
9042033,9,4,2033,Otoño
10042033,10,4,2033,Otoño
11042033,11,4,2033,Otoño
12042033,12,4,2033,Otoño
13042033,13,4,2033,Otoño
14042033,14,4,2033,Otoño
15042033,15,4,2033,Otoño
16042033,16,4,2033,Otoño
17042033,17,4,2033,Otoño
18042033,18,4,2033,Otoño
19042033,19,4,2033,Otoño
20042033,20,4,2033,Otoño
21042033,21,4,2033,Otoño
22042033,22,4,2033,Otoño
23042033,23,4,2033,Otoño
24042033,24,4,2033,Otoño
25042033,25,4,2033,Otoño
26042033,26,4,2033,Otoño
27042033,27,4,2033,Otoño
28042033,28,4,2033,Otoño
29042033,29,4,2033,Otoño
30042033,30,4,2033,Otoño
1052033,1,5,2033,Otoño
2052033,2,5,2033,Otoño
3052033,3,5,2033,Otoño
4052033,4,5,2033,Otoño
5052033,5,5,2033,Otoño
6052033,6,5,2033,Otoño
7052033,7,5,2033,Otoño
8052033,8,5,2033,Otoño
9052033,9,5,2033,Otoño
10052033,10,5,2033,Otoño
11052033,11,5,2033,Otoño
12052033,12,5,2033,Otoño
13052033,13,5,2033,Otoño
14052033,14,5,2033,Otoño
15052033,15,5,2033,Otoño
16052033,16,5,2033,Otoño
17052033,17,5,2033,Otoño
18052033,18,5,2033,Otoño
19052033,19,5,2033,Otoño
20052033,20,5,2033,Otoño
21052033,21,5,2033,Otoño
22052033,22,5,2033,Otoño
23052033,23,5,2033,Otoño
24052033,24,5,2033,Otoño
25052033,25,5,2033,Otoño
26052033,26,5,2033,Otoño
27052033,27,5,2033,Otoño
28052033,28,5,2033,Otoño
29052033,29,5,2033,Otoño
30052033,30,5,2033,Otoño
31052033,31,5,2033,Otoño
1062033,1,6,2033,Invierno
2062033,2,6,2033,Invierno
3062033,3,6,2033,Invierno
4062033,4,6,2033,Invierno
5062033,5,6,2033,Invierno
6062033,6,6,2033,Invierno
7062033,7,6,2033,Invierno
8062033,8,6,2033,Invierno
9062033,9,6,2033,Invierno
10062033,10,6,2033,Invierno
11062033,11,6,2033,Invierno
12062033,12,6,2033,Invierno
13062033,13,6,2033,Invierno
14062033,14,6,2033,Invierno
15062033,15,6,2033,Invierno
16062033,16,6,2033,Invierno
17062033,17,6,2033,Invierno
18062033,18,6,2033,Invierno
19062033,19,6,2033,Invierno
20062033,20,6,2033,Invierno
21062033,21,6,2033,Invierno
22062033,22,6,2033,Invierno
23062033,23,6,2033,Invierno
24062033,24,6,2033,Invierno
25062033,25,6,2033,Invierno
26062033,26,6,2033,Invierno
27062033,27,6,2033,Invierno
28062033,28,6,2033,Invierno
29062033,29,6,2033,Invierno
30062033,30,6,2033,Invierno
1072033,1,7,2033,Invierno
2072033,2,7,2033,Invierno
3072033,3,7,2033,Invierno
4072033,4,7,2033,Invierno
5072033,5,7,2033,Invierno
6072033,6,7,2033,Invierno
7072033,7,7,2033,Invierno
8072033,8,7,2033,Invierno
9072033,9,7,2033,Invierno
10072033,10,7,2033,Invierno
11072033,11,7,2033,Invierno
12072033,12,7,2033,Invierno
13072033,13,7,2033,Invierno
14072033,14,7,2033,Invierno
15072033,15,7,2033,Invierno
16072033,16,7,2033,Invierno
17072033,17,7,2033,Invierno
18072033,18,7,2033,Invierno
19072033,19,7,2033,Invierno
20072033,20,7,2033,Invierno
21072033,21,7,2033,Invierno
22072033,22,7,2033,Invierno
23072033,23,7,2033,Invierno
24072033,24,7,2033,Invierno
25072033,25,7,2033,Invierno
26072033,26,7,2033,Invierno
27072033,27,7,2033,Invierno
28072033,28,7,2033,Invierno
29072033,29,7,2033,Invierno
30072033,30,7,2033,Invierno
31072033,31,7,2033,Invierno
1082033,1,8,2033,Invierno
2082033,2,8,2033,Invierno
3082033,3,8,2033,Invierno
4082033,4,8,2033,Invierno
5082033,5,8,2033,Invierno
6082033,6,8,2033,Invierno
7082033,7,8,2033,Invierno
8082033,8,8,2033,Invierno
9082033,9,8,2033,Invierno
10082033,10,8,2033,Invierno
11082033,11,8,2033,Invierno
12082033,12,8,2033,Invierno
13082033,13,8,2033,Invierno
14082033,14,8,2033,Invierno
15082033,15,8,2033,Invierno
16082033,16,8,2033,Invierno
17082033,17,8,2033,Invierno
18082033,18,8,2033,Invierno
19082033,19,8,2033,Invierno
20082033,20,8,2033,Invierno
21082033,21,8,2033,Invierno
22082033,22,8,2033,Invierno
23082033,23,8,2033,Invierno
24082033,24,8,2033,Invierno
25082033,25,8,2033,Invierno
26082033,26,8,2033,Invierno
27082033,27,8,2033,Invierno
28082033,28,8,2033,Invierno
29082033,29,8,2033,Invierno
30082033,30,8,2033,Invierno
31082033,31,8,2033,Invierno
1092033,1,9,2033,Primavera
2092033,2,9,2033,Primavera
3092033,3,9,2033,Primavera
4092033,4,9,2033,Primavera
5092033,5,9,2033,Primavera
6092033,6,9,2033,Primavera
7092033,7,9,2033,Primavera
8092033,8,9,2033,Primavera
9092033,9,9,2033,Primavera
10092033,10,9,2033,Primavera
11092033,11,9,2033,Primavera
12092033,12,9,2033,Primavera
13092033,13,9,2033,Primavera
14092033,14,9,2033,Primavera
15092033,15,9,2033,Primavera
16092033,16,9,2033,Primavera
17092033,17,9,2033,Primavera
18092033,18,9,2033,Primavera
19092033,19,9,2033,Primavera
20092033,20,9,2033,Primavera
21092033,21,9,2033,Primavera
22092033,22,9,2033,Primavera
23092033,23,9,2033,Primavera
24092033,24,9,2033,Primavera
25092033,25,9,2033,Primavera
26092033,26,9,2033,Primavera
27092033,27,9,2033,Primavera
28092033,28,9,2033,Primavera
29092033,29,9,2033,Primavera
30092033,30,9,2033,Primavera
1102033,1,10,2033,Primavera
2102033,2,10,2033,Primavera
3102033,3,10,2033,Primavera
4102033,4,10,2033,Primavera
5102033,5,10,2033,Primavera
6102033,6,10,2033,Primavera
7102033,7,10,2033,Primavera
8102033,8,10,2033,Primavera
9102033,9,10,2033,Primavera
10102033,10,10,2033,Primavera
11102033,11,10,2033,Primavera
12102033,12,10,2033,Primavera
13102033,13,10,2033,Primavera
14102033,14,10,2033,Primavera
15102033,15,10,2033,Primavera
16102033,16,10,2033,Primavera
17102033,17,10,2033,Primavera
18102033,18,10,2033,Primavera
19102033,19,10,2033,Primavera
20102033,20,10,2033,Primavera
21102033,21,10,2033,Primavera
22102033,22,10,2033,Primavera
23102033,23,10,2033,Primavera
24102033,24,10,2033,Primavera
25102033,25,10,2033,Primavera
26102033,26,10,2033,Primavera
27102033,27,10,2033,Primavera
28102033,28,10,2033,Primavera
29102033,29,10,2033,Primavera
30102033,30,10,2033,Primavera
31102033,31,10,2033,Primavera
1112033,1,11,2033,Primavera
2112033,2,11,2033,Primavera
3112033,3,11,2033,Primavera
4112033,4,11,2033,Primavera
5112033,5,11,2033,Primavera
6112033,6,11,2033,Primavera
7112033,7,11,2033,Primavera
8112033,8,11,2033,Primavera
9112033,9,11,2033,Primavera
10112033,10,11,2033,Primavera
11112033,11,11,2033,Primavera
12112033,12,11,2033,Primavera
13112033,13,11,2033,Primavera
14112033,14,11,2033,Primavera
15112033,15,11,2033,Primavera
16112033,16,11,2033,Primavera
17112033,17,11,2033,Primavera
18112033,18,11,2033,Primavera
19112033,19,11,2033,Primavera
20112033,20,11,2033,Primavera
21112033,21,11,2033,Primavera
22112033,22,11,2033,Primavera
23112033,23,11,2033,Primavera
24112033,24,11,2033,Primavera
25112033,25,11,2033,Primavera
26112033,26,11,2033,Primavera
27112033,27,11,2033,Primavera
28112033,28,11,2033,Primavera
29112033,29,11,2033,Primavera
30112033,30,11,2033,Primavera
1122033,1,12,2033,Verano
2122033,2,12,2033,Verano
3122033,3,12,2033,Verano
4122033,4,12,2033,Verano
5122033,5,12,2033,Verano
6122033,6,12,2033,Verano
7122033,7,12,2033,Verano
8122033,8,12,2033,Verano
9122033,9,12,2033,Verano
10122033,10,12,2033,Verano
11122033,11,12,2033,Verano
12122033,12,12,2033,Verano
13122033,13,12,2033,Verano
14122033,14,12,2033,Verano
15122033,15,12,2033,Verano
16122033,16,12,2033,Verano
17122033,17,12,2033,Verano
18122033,18,12,2033,Verano
19122033,19,12,2033,Verano
20122033,20,12,2033,Verano
21122033,21,12,2033,Verano
22122033,22,12,2033,Verano
23122033,23,12,2033,Verano
24122033,24,12,2033,Verano
25122033,25,12,2033,Verano
26122033,26,12,2033,Verano
27122033,27,12,2033,Verano
28122033,28,12,2033,Verano
29122033,29,12,2033,Verano
30122033,30,12,2033,Verano
31122033,31,12,2033,Verano
1012034,1,1,2034,Verano
2012034,2,1,2034,Verano
3012034,3,1,2034,Verano
4012034,4,1,2034,Verano
5012034,5,1,2034,Verano
6012034,6,1,2034,Verano
7012034,7,1,2034,Verano
8012034,8,1,2034,Verano
9012034,9,1,2034,Verano
10012034,10,1,2034,Verano
11012034,11,1,2034,Verano
12012034,12,1,2034,Verano
13012034,13,1,2034,Verano
14012034,14,1,2034,Verano
15012034,15,1,2034,Verano
16012034,16,1,2034,Verano
17012034,17,1,2034,Verano
18012034,18,1,2034,Verano
19012034,19,1,2034,Verano
20012034,20,1,2034,Verano
21012034,21,1,2034,Verano
22012034,22,1,2034,Verano
23012034,23,1,2034,Verano
24012034,24,1,2034,Verano
25012034,25,1,2034,Verano
26012034,26,1,2034,Verano
27012034,27,1,2034,Verano
28012034,28,1,2034,Verano
29012034,29,1,2034,Verano
30012034,30,1,2034,Verano
31012034,31,1,2034,Verano
1022034,1,2,2034,Verano
2022034,2,2,2034,Verano
3022034,3,2,2034,Verano
4022034,4,2,2034,Verano
5022034,5,2,2034,Verano
6022034,6,2,2034,Verano
7022034,7,2,2034,Verano
8022034,8,2,2034,Verano
9022034,9,2,2034,Verano
10022034,10,2,2034,Verano
11022034,11,2,2034,Verano
12022034,12,2,2034,Verano
13022034,13,2,2034,Verano
14022034,14,2,2034,Verano
15022034,15,2,2034,Verano
16022034,16,2,2034,Verano
17022034,17,2,2034,Verano
18022034,18,2,2034,Verano
19022034,19,2,2034,Verano
20022034,20,2,2034,Verano
21022034,21,2,2034,Verano
22022034,22,2,2034,Verano
23022034,23,2,2034,Verano
24022034,24,2,2034,Verano
25022034,25,2,2034,Verano
26022034,26,2,2034,Verano
27022034,27,2,2034,Verano
28022034,28,2,2034,Verano
1032034,1,3,2034,Otoño
2032034,2,3,2034,Otoño
3032034,3,3,2034,Otoño
4032034,4,3,2034,Otoño
5032034,5,3,2034,Otoño
6032034,6,3,2034,Otoño
7032034,7,3,2034,Otoño
8032034,8,3,2034,Otoño
9032034,9,3,2034,Otoño
10032034,10,3,2034,Otoño
11032034,11,3,2034,Otoño
12032034,12,3,2034,Otoño
13032034,13,3,2034,Otoño
14032034,14,3,2034,Otoño
15032034,15,3,2034,Otoño
16032034,16,3,2034,Otoño
17032034,17,3,2034,Otoño
18032034,18,3,2034,Otoño
19032034,19,3,2034,Otoño
20032034,20,3,2034,Otoño
21032034,21,3,2034,Otoño
22032034,22,3,2034,Otoño
23032034,23,3,2034,Otoño
24032034,24,3,2034,Otoño
25032034,25,3,2034,Otoño
26032034,26,3,2034,Otoño
27032034,27,3,2034,Otoño
28032034,28,3,2034,Otoño
29032034,29,3,2034,Otoño
30032034,30,3,2034,Otoño
31032034,31,3,2034,Otoño
1042034,1,4,2034,Otoño
2042034,2,4,2034,Otoño
3042034,3,4,2034,Otoño
4042034,4,4,2034,Otoño
5042034,5,4,2034,Otoño
6042034,6,4,2034,Otoño
7042034,7,4,2034,Otoño
8042034,8,4,2034,Otoño
9042034,9,4,2034,Otoño
10042034,10,4,2034,Otoño
11042034,11,4,2034,Otoño
12042034,12,4,2034,Otoño
13042034,13,4,2034,Otoño
14042034,14,4,2034,Otoño
15042034,15,4,2034,Otoño
16042034,16,4,2034,Otoño
17042034,17,4,2034,Otoño
18042034,18,4,2034,Otoño
19042034,19,4,2034,Otoño
20042034,20,4,2034,Otoño
21042034,21,4,2034,Otoño
22042034,22,4,2034,Otoño
23042034,23,4,2034,Otoño
24042034,24,4,2034,Otoño
25042034,25,4,2034,Otoño
26042034,26,4,2034,Otoño
27042034,27,4,2034,Otoño
28042034,28,4,2034,Otoño
29042034,29,4,2034,Otoño
30042034,30,4,2034,Otoño
1052034,1,5,2034,Otoño
2052034,2,5,2034,Otoño
3052034,3,5,2034,Otoño
4052034,4,5,2034,Otoño
5052034,5,5,2034,Otoño
6052034,6,5,2034,Otoño
7052034,7,5,2034,Otoño
8052034,8,5,2034,Otoño
9052034,9,5,2034,Otoño
10052034,10,5,2034,Otoño
11052034,11,5,2034,Otoño
12052034,12,5,2034,Otoño
13052034,13,5,2034,Otoño
14052034,14,5,2034,Otoño
15052034,15,5,2034,Otoño
16052034,16,5,2034,Otoño
17052034,17,5,2034,Otoño
18052034,18,5,2034,Otoño
19052034,19,5,2034,Otoño
20052034,20,5,2034,Otoño
21052034,21,5,2034,Otoño
22052034,22,5,2034,Otoño
23052034,23,5,2034,Otoño
24052034,24,5,2034,Otoño
25052034,25,5,2034,Otoño
26052034,26,5,2034,Otoño
27052034,27,5,2034,Otoño
28052034,28,5,2034,Otoño
29052034,29,5,2034,Otoño
30052034,30,5,2034,Otoño
31052034,31,5,2034,Otoño
1062034,1,6,2034,Invierno
2062034,2,6,2034,Invierno
3062034,3,6,2034,Invierno
4062034,4,6,2034,Invierno
5062034,5,6,2034,Invierno
6062034,6,6,2034,Invierno
7062034,7,6,2034,Invierno
8062034,8,6,2034,Invierno
9062034,9,6,2034,Invierno
10062034,10,6,2034,Invierno
11062034,11,6,2034,Invierno
12062034,12,6,2034,Invierno
13062034,13,6,2034,Invierno
14062034,14,6,2034,Invierno
15062034,15,6,2034,Invierno
16062034,16,6,2034,Invierno
17062034,17,6,2034,Invierno
18062034,18,6,2034,Invierno
19062034,19,6,2034,Invierno
20062034,20,6,2034,Invierno
21062034,21,6,2034,Invierno
22062034,22,6,2034,Invierno
23062034,23,6,2034,Invierno
24062034,24,6,2034,Invierno
25062034,25,6,2034,Invierno
26062034,26,6,2034,Invierno
27062034,27,6,2034,Invierno
28062034,28,6,2034,Invierno
29062034,29,6,2034,Invierno
30062034,30,6,2034,Invierno
1072034,1,7,2034,Invierno
2072034,2,7,2034,Invierno
3072034,3,7,2034,Invierno
4072034,4,7,2034,Invierno
5072034,5,7,2034,Invierno
6072034,6,7,2034,Invierno
7072034,7,7,2034,Invierno
8072034,8,7,2034,Invierno
9072034,9,7,2034,Invierno
10072034,10,7,2034,Invierno
11072034,11,7,2034,Invierno
12072034,12,7,2034,Invierno
13072034,13,7,2034,Invierno
14072034,14,7,2034,Invierno
15072034,15,7,2034,Invierno
16072034,16,7,2034,Invierno
17072034,17,7,2034,Invierno
18072034,18,7,2034,Invierno
19072034,19,7,2034,Invierno
20072034,20,7,2034,Invierno
21072034,21,7,2034,Invierno
22072034,22,7,2034,Invierno
23072034,23,7,2034,Invierno
24072034,24,7,2034,Invierno
25072034,25,7,2034,Invierno
26072034,26,7,2034,Invierno
27072034,27,7,2034,Invierno
28072034,28,7,2034,Invierno
29072034,29,7,2034,Invierno
30072034,30,7,2034,Invierno
31072034,31,7,2034,Invierno
1082034,1,8,2034,Invierno
2082034,2,8,2034,Invierno
3082034,3,8,2034,Invierno
4082034,4,8,2034,Invierno
5082034,5,8,2034,Invierno
6082034,6,8,2034,Invierno
7082034,7,8,2034,Invierno
8082034,8,8,2034,Invierno
9082034,9,8,2034,Invierno
10082034,10,8,2034,Invierno
11082034,11,8,2034,Invierno
12082034,12,8,2034,Invierno
13082034,13,8,2034,Invierno
14082034,14,8,2034,Invierno
15082034,15,8,2034,Invierno
16082034,16,8,2034,Invierno
17082034,17,8,2034,Invierno
18082034,18,8,2034,Invierno
19082034,19,8,2034,Invierno
20082034,20,8,2034,Invierno
21082034,21,8,2034,Invierno
22082034,22,8,2034,Invierno
23082034,23,8,2034,Invierno
24082034,24,8,2034,Invierno
25082034,25,8,2034,Invierno
26082034,26,8,2034,Invierno
27082034,27,8,2034,Invierno
28082034,28,8,2034,Invierno
29082034,29,8,2034,Invierno
30082034,30,8,2034,Invierno
31082034,31,8,2034,Invierno
1092034,1,9,2034,Primavera
2092034,2,9,2034,Primavera
3092034,3,9,2034,Primavera
4092034,4,9,2034,Primavera
5092034,5,9,2034,Primavera
6092034,6,9,2034,Primavera
7092034,7,9,2034,Primavera
8092034,8,9,2034,Primavera
9092034,9,9,2034,Primavera
10092034,10,9,2034,Primavera
11092034,11,9,2034,Primavera
12092034,12,9,2034,Primavera
13092034,13,9,2034,Primavera
14092034,14,9,2034,Primavera
15092034,15,9,2034,Primavera
16092034,16,9,2034,Primavera
17092034,17,9,2034,Primavera
18092034,18,9,2034,Primavera
19092034,19,9,2034,Primavera
20092034,20,9,2034,Primavera
21092034,21,9,2034,Primavera
22092034,22,9,2034,Primavera
23092034,23,9,2034,Primavera
24092034,24,9,2034,Primavera
25092034,25,9,2034,Primavera
26092034,26,9,2034,Primavera
27092034,27,9,2034,Primavera
28092034,28,9,2034,Primavera
29092034,29,9,2034,Primavera
30092034,30,9,2034,Primavera
1102034,1,10,2034,Primavera
2102034,2,10,2034,Primavera
3102034,3,10,2034,Primavera
4102034,4,10,2034,Primavera
5102034,5,10,2034,Primavera
6102034,6,10,2034,Primavera
7102034,7,10,2034,Primavera
8102034,8,10,2034,Primavera
9102034,9,10,2034,Primavera
10102034,10,10,2034,Primavera
11102034,11,10,2034,Primavera
12102034,12,10,2034,Primavera
13102034,13,10,2034,Primavera
14102034,14,10,2034,Primavera
15102034,15,10,2034,Primavera
16102034,16,10,2034,Primavera
17102034,17,10,2034,Primavera
18102034,18,10,2034,Primavera
19102034,19,10,2034,Primavera
20102034,20,10,2034,Primavera
21102034,21,10,2034,Primavera
22102034,22,10,2034,Primavera
23102034,23,10,2034,Primavera
24102034,24,10,2034,Primavera
25102034,25,10,2034,Primavera
26102034,26,10,2034,Primavera
27102034,27,10,2034,Primavera
28102034,28,10,2034,Primavera
29102034,29,10,2034,Primavera
30102034,30,10,2034,Primavera
31102034,31,10,2034,Primavera
1112034,1,11,2034,Primavera
2112034,2,11,2034,Primavera
3112034,3,11,2034,Primavera
4112034,4,11,2034,Primavera
5112034,5,11,2034,Primavera
6112034,6,11,2034,Primavera
7112034,7,11,2034,Primavera
8112034,8,11,2034,Primavera
9112034,9,11,2034,Primavera
10112034,10,11,2034,Primavera
11112034,11,11,2034,Primavera
12112034,12,11,2034,Primavera
13112034,13,11,2034,Primavera
14112034,14,11,2034,Primavera
15112034,15,11,2034,Primavera
16112034,16,11,2034,Primavera
17112034,17,11,2034,Primavera
18112034,18,11,2034,Primavera
19112034,19,11,2034,Primavera
20112034,20,11,2034,Primavera
21112034,21,11,2034,Primavera
22112034,22,11,2034,Primavera
23112034,23,11,2034,Primavera
24112034,24,11,2034,Primavera
25112034,25,11,2034,Primavera
26112034,26,11,2034,Primavera
27112034,27,11,2034,Primavera
28112034,28,11,2034,Primavera
29112034,29,11,2034,Primavera
30112034,30,11,2034,Primavera
1122034,1,12,2034,Verano
2122034,2,12,2034,Verano
3122034,3,12,2034,Verano
4122034,4,12,2034,Verano
5122034,5,12,2034,Verano
6122034,6,12,2034,Verano
7122034,7,12,2034,Verano
8122034,8,12,2034,Verano
9122034,9,12,2034,Verano
10122034,10,12,2034,Verano
11122034,11,12,2034,Verano
12122034,12,12,2034,Verano
13122034,13,12,2034,Verano
14122034,14,12,2034,Verano
15122034,15,12,2034,Verano
16122034,16,12,2034,Verano
17122034,17,12,2034,Verano
18122034,18,12,2034,Verano
19122034,19,12,2034,Verano
20122034,20,12,2034,Verano
21122034,21,12,2034,Verano
22122034,22,12,2034,Verano
23122034,23,12,2034,Verano
24122034,24,12,2034,Verano
25122034,25,12,2034,Verano
26122034,26,12,2034,Verano
27122034,27,12,2034,Verano
28122034,28,12,2034,Verano
29122034,29,12,2034,Verano
30122034,30,12,2034,Verano
31122034,31,12,2034,Verano
1012035,1,1,2035,Verano
2012035,2,1,2035,Verano
3012035,3,1,2035,Verano
4012035,4,1,2035,Verano
5012035,5,1,2035,Verano
6012035,6,1,2035,Verano
7012035,7,1,2035,Verano
8012035,8,1,2035,Verano
9012035,9,1,2035,Verano
10012035,10,1,2035,Verano
11012035,11,1,2035,Verano
12012035,12,1,2035,Verano
13012035,13,1,2035,Verano
14012035,14,1,2035,Verano
15012035,15,1,2035,Verano
16012035,16,1,2035,Verano
17012035,17,1,2035,Verano
18012035,18,1,2035,Verano
19012035,19,1,2035,Verano
20012035,20,1,2035,Verano
21012035,21,1,2035,Verano
22012035,22,1,2035,Verano
23012035,23,1,2035,Verano
24012035,24,1,2035,Verano
25012035,25,1,2035,Verano
26012035,26,1,2035,Verano
27012035,27,1,2035,Verano
28012035,28,1,2035,Verano
29012035,29,1,2035,Verano
30012035,30,1,2035,Verano
31012035,31,1,2035,Verano
1022035,1,2,2035,Verano
2022035,2,2,2035,Verano
3022035,3,2,2035,Verano
4022035,4,2,2035,Verano
5022035,5,2,2035,Verano
6022035,6,2,2035,Verano
7022035,7,2,2035,Verano
8022035,8,2,2035,Verano
9022035,9,2,2035,Verano
10022035,10,2,2035,Verano
11022035,11,2,2035,Verano
12022035,12,2,2035,Verano
13022035,13,2,2035,Verano
14022035,14,2,2035,Verano
15022035,15,2,2035,Verano
16022035,16,2,2035,Verano
17022035,17,2,2035,Verano
18022035,18,2,2035,Verano
19022035,19,2,2035,Verano
20022035,20,2,2035,Verano
21022035,21,2,2035,Verano
22022035,22,2,2035,Verano
23022035,23,2,2035,Verano
24022035,24,2,2035,Verano
25022035,25,2,2035,Verano
26022035,26,2,2035,Verano
27022035,27,2,2035,Verano
28022035,28,2,2035,Verano
1032035,1,3,2035,Otoño
2032035,2,3,2035,Otoño
3032035,3,3,2035,Otoño
4032035,4,3,2035,Otoño
5032035,5,3,2035,Otoño
6032035,6,3,2035,Otoño
7032035,7,3,2035,Otoño
8032035,8,3,2035,Otoño
9032035,9,3,2035,Otoño
10032035,10,3,2035,Otoño
11032035,11,3,2035,Otoño
12032035,12,3,2035,Otoño
13032035,13,3,2035,Otoño
14032035,14,3,2035,Otoño
15032035,15,3,2035,Otoño
16032035,16,3,2035,Otoño
17032035,17,3,2035,Otoño
18032035,18,3,2035,Otoño
19032035,19,3,2035,Otoño
20032035,20,3,2035,Otoño
21032035,21,3,2035,Otoño
22032035,22,3,2035,Otoño
23032035,23,3,2035,Otoño
24032035,24,3,2035,Otoño
25032035,25,3,2035,Otoño
26032035,26,3,2035,Otoño
27032035,27,3,2035,Otoño
28032035,28,3,2035,Otoño
29032035,29,3,2035,Otoño
30032035,30,3,2035,Otoño
31032035,31,3,2035,Otoño
1042035,1,4,2035,Otoño
2042035,2,4,2035,Otoño
3042035,3,4,2035,Otoño
4042035,4,4,2035,Otoño
5042035,5,4,2035,Otoño
6042035,6,4,2035,Otoño
7042035,7,4,2035,Otoño
8042035,8,4,2035,Otoño
9042035,9,4,2035,Otoño
10042035,10,4,2035,Otoño
11042035,11,4,2035,Otoño
12042035,12,4,2035,Otoño
13042035,13,4,2035,Otoño
14042035,14,4,2035,Otoño
15042035,15,4,2035,Otoño
16042035,16,4,2035,Otoño
17042035,17,4,2035,Otoño
18042035,18,4,2035,Otoño
19042035,19,4,2035,Otoño
20042035,20,4,2035,Otoño
21042035,21,4,2035,Otoño
22042035,22,4,2035,Otoño
23042035,23,4,2035,Otoño
24042035,24,4,2035,Otoño
25042035,25,4,2035,Otoño
26042035,26,4,2035,Otoño
27042035,27,4,2035,Otoño
28042035,28,4,2035,Otoño
29042035,29,4,2035,Otoño
30042035,30,4,2035,Otoño
1052035,1,5,2035,Otoño
2052035,2,5,2035,Otoño
3052035,3,5,2035,Otoño
4052035,4,5,2035,Otoño
5052035,5,5,2035,Otoño
6052035,6,5,2035,Otoño
7052035,7,5,2035,Otoño
8052035,8,5,2035,Otoño
9052035,9,5,2035,Otoño
10052035,10,5,2035,Otoño
11052035,11,5,2035,Otoño
12052035,12,5,2035,Otoño
13052035,13,5,2035,Otoño
14052035,14,5,2035,Otoño
15052035,15,5,2035,Otoño
16052035,16,5,2035,Otoño
17052035,17,5,2035,Otoño
18052035,18,5,2035,Otoño
19052035,19,5,2035,Otoño
20052035,20,5,2035,Otoño
21052035,21,5,2035,Otoño
22052035,22,5,2035,Otoño
23052035,23,5,2035,Otoño
24052035,24,5,2035,Otoño
25052035,25,5,2035,Otoño
26052035,26,5,2035,Otoño
27052035,27,5,2035,Otoño
28052035,28,5,2035,Otoño
29052035,29,5,2035,Otoño
30052035,30,5,2035,Otoño
31052035,31,5,2035,Otoño
1062035,1,6,2035,Invierno
2062035,2,6,2035,Invierno
3062035,3,6,2035,Invierno
4062035,4,6,2035,Invierno
5062035,5,6,2035,Invierno
6062035,6,6,2035,Invierno
7062035,7,6,2035,Invierno
8062035,8,6,2035,Invierno
9062035,9,6,2035,Invierno
10062035,10,6,2035,Invierno
11062035,11,6,2035,Invierno
12062035,12,6,2035,Invierno
13062035,13,6,2035,Invierno
14062035,14,6,2035,Invierno
15062035,15,6,2035,Invierno
16062035,16,6,2035,Invierno
17062035,17,6,2035,Invierno
18062035,18,6,2035,Invierno
19062035,19,6,2035,Invierno
20062035,20,6,2035,Invierno
21062035,21,6,2035,Invierno
22062035,22,6,2035,Invierno
23062035,23,6,2035,Invierno
24062035,24,6,2035,Invierno
25062035,25,6,2035,Invierno
26062035,26,6,2035,Invierno
27062035,27,6,2035,Invierno
28062035,28,6,2035,Invierno
29062035,29,6,2035,Invierno
30062035,30,6,2035,Invierno
1072035,1,7,2035,Invierno
2072035,2,7,2035,Invierno
3072035,3,7,2035,Invierno
4072035,4,7,2035,Invierno
5072035,5,7,2035,Invierno
6072035,6,7,2035,Invierno
7072035,7,7,2035,Invierno
8072035,8,7,2035,Invierno
9072035,9,7,2035,Invierno
10072035,10,7,2035,Invierno
11072035,11,7,2035,Invierno
12072035,12,7,2035,Invierno
13072035,13,7,2035,Invierno
14072035,14,7,2035,Invierno
15072035,15,7,2035,Invierno
16072035,16,7,2035,Invierno
17072035,17,7,2035,Invierno
18072035,18,7,2035,Invierno
19072035,19,7,2035,Invierno
20072035,20,7,2035,Invierno
21072035,21,7,2035,Invierno
22072035,22,7,2035,Invierno
23072035,23,7,2035,Invierno
24072035,24,7,2035,Invierno
25072035,25,7,2035,Invierno
26072035,26,7,2035,Invierno
27072035,27,7,2035,Invierno
28072035,28,7,2035,Invierno
29072035,29,7,2035,Invierno
30072035,30,7,2035,Invierno
31072035,31,7,2035,Invierno
1082035,1,8,2035,Invierno
2082035,2,8,2035,Invierno
3082035,3,8,2035,Invierno
4082035,4,8,2035,Invierno
5082035,5,8,2035,Invierno
6082035,6,8,2035,Invierno
7082035,7,8,2035,Invierno
8082035,8,8,2035,Invierno
9082035,9,8,2035,Invierno
10082035,10,8,2035,Invierno
11082035,11,8,2035,Invierno
12082035,12,8,2035,Invierno
13082035,13,8,2035,Invierno
14082035,14,8,2035,Invierno
15082035,15,8,2035,Invierno
16082035,16,8,2035,Invierno
17082035,17,8,2035,Invierno
18082035,18,8,2035,Invierno
19082035,19,8,2035,Invierno
20082035,20,8,2035,Invierno
21082035,21,8,2035,Invierno
22082035,22,8,2035,Invierno
23082035,23,8,2035,Invierno
24082035,24,8,2035,Invierno
25082035,25,8,2035,Invierno
26082035,26,8,2035,Invierno
27082035,27,8,2035,Invierno
28082035,28,8,2035,Invierno
29082035,29,8,2035,Invierno
30082035,30,8,2035,Invierno
31082035,31,8,2035,Invierno
1092035,1,9,2035,Primavera
2092035,2,9,2035,Primavera
3092035,3,9,2035,Primavera
4092035,4,9,2035,Primavera
5092035,5,9,2035,Primavera
6092035,6,9,2035,Primavera
7092035,7,9,2035,Primavera
8092035,8,9,2035,Primavera
9092035,9,9,2035,Primavera
10092035,10,9,2035,Primavera
11092035,11,9,2035,Primavera
12092035,12,9,2035,Primavera
13092035,13,9,2035,Primavera
14092035,14,9,2035,Primavera
15092035,15,9,2035,Primavera
16092035,16,9,2035,Primavera
17092035,17,9,2035,Primavera
18092035,18,9,2035,Primavera
19092035,19,9,2035,Primavera
20092035,20,9,2035,Primavera
21092035,21,9,2035,Primavera
22092035,22,9,2035,Primavera
23092035,23,9,2035,Primavera
24092035,24,9,2035,Primavera
25092035,25,9,2035,Primavera
26092035,26,9,2035,Primavera
27092035,27,9,2035,Primavera
28092035,28,9,2035,Primavera
29092035,29,9,2035,Primavera
30092035,30,9,2035,Primavera
1102035,1,10,2035,Primavera
2102035,2,10,2035,Primavera
3102035,3,10,2035,Primavera
4102035,4,10,2035,Primavera
5102035,5,10,2035,Primavera
6102035,6,10,2035,Primavera
7102035,7,10,2035,Primavera
8102035,8,10,2035,Primavera
9102035,9,10,2035,Primavera
10102035,10,10,2035,Primavera
11102035,11,10,2035,Primavera
12102035,12,10,2035,Primavera
13102035,13,10,2035,Primavera
14102035,14,10,2035,Primavera
15102035,15,10,2035,Primavera
16102035,16,10,2035,Primavera
17102035,17,10,2035,Primavera
18102035,18,10,2035,Primavera
19102035,19,10,2035,Primavera
20102035,20,10,2035,Primavera
21102035,21,10,2035,Primavera
22102035,22,10,2035,Primavera
23102035,23,10,2035,Primavera
24102035,24,10,2035,Primavera
25102035,25,10,2035,Primavera
26102035,26,10,2035,Primavera
27102035,27,10,2035,Primavera
28102035,28,10,2035,Primavera
29102035,29,10,2035,Primavera
30102035,30,10,2035,Primavera
31102035,31,10,2035,Primavera
1112035,1,11,2035,Primavera
2112035,2,11,2035,Primavera
3112035,3,11,2035,Primavera
4112035,4,11,2035,Primavera
5112035,5,11,2035,Primavera
6112035,6,11,2035,Primavera
7112035,7,11,2035,Primavera
8112035,8,11,2035,Primavera
9112035,9,11,2035,Primavera
10112035,10,11,2035,Primavera
11112035,11,11,2035,Primavera
12112035,12,11,2035,Primavera
13112035,13,11,2035,Primavera
14112035,14,11,2035,Primavera
15112035,15,11,2035,Primavera
16112035,16,11,2035,Primavera
17112035,17,11,2035,Primavera
18112035,18,11,2035,Primavera
19112035,19,11,2035,Primavera
20112035,20,11,2035,Primavera
21112035,21,11,2035,Primavera
22112035,22,11,2035,Primavera
23112035,23,11,2035,Primavera
24112035,24,11,2035,Primavera
25112035,25,11,2035,Primavera
26112035,26,11,2035,Primavera
27112035,27,11,2035,Primavera
28112035,28,11,2035,Primavera
29112035,29,11,2035,Primavera
30112035,30,11,2035,Primavera
1122035,1,12,2035,Verano
2122035,2,12,2035,Verano
3122035,3,12,2035,Verano
4122035,4,12,2035,Verano
5122035,5,12,2035,Verano
6122035,6,12,2035,Verano
7122035,7,12,2035,Verano
8122035,8,12,2035,Verano
9122035,9,12,2035,Verano
10122035,10,12,2035,Verano
11122035,11,12,2035,Verano
12122035,12,12,2035,Verano
13122035,13,12,2035,Verano
14122035,14,12,2035,Verano
15122035,15,12,2035,Verano
16122035,16,12,2035,Verano
17122035,17,12,2035,Verano
18122035,18,12,2035,Verano
19122035,19,12,2035,Verano
20122035,20,12,2035,Verano
21122035,21,12,2035,Verano
22122035,22,12,2035,Verano
23122035,23,12,2035,Verano
24122035,24,12,2035,Verano
25122035,25,12,2035,Verano
26122035,26,12,2035,Verano
27122035,27,12,2035,Verano
28122035,28,12,2035,Verano
29122035,29,12,2035,Verano
30122035,30,12,2035,Verano
31122035,31,12,2035,Verano
1012036,1,1,2036,Verano
2012036,2,1,2036,Verano
3012036,3,1,2036,Verano
4012036,4,1,2036,Verano
5012036,5,1,2036,Verano
6012036,6,1,2036,Verano
7012036,7,1,2036,Verano
8012036,8,1,2036,Verano
9012036,9,1,2036,Verano
10012036,10,1,2036,Verano
11012036,11,1,2036,Verano
12012036,12,1,2036,Verano
13012036,13,1,2036,Verano
14012036,14,1,2036,Verano
15012036,15,1,2036,Verano
16012036,16,1,2036,Verano
17012036,17,1,2036,Verano
18012036,18,1,2036,Verano
19012036,19,1,2036,Verano
20012036,20,1,2036,Verano
21012036,21,1,2036,Verano
22012036,22,1,2036,Verano
23012036,23,1,2036,Verano
24012036,24,1,2036,Verano
25012036,25,1,2036,Verano
26012036,26,1,2036,Verano
27012036,27,1,2036,Verano
28012036,28,1,2036,Verano
29012036,29,1,2036,Verano
30012036,30,1,2036,Verano
31012036,31,1,2036,Verano
1022036,1,2,2036,Verano
2022036,2,2,2036,Verano
3022036,3,2,2036,Verano
4022036,4,2,2036,Verano
5022036,5,2,2036,Verano
6022036,6,2,2036,Verano
7022036,7,2,2036,Verano
8022036,8,2,2036,Verano
9022036,9,2,2036,Verano
10022036,10,2,2036,Verano
11022036,11,2,2036,Verano
12022036,12,2,2036,Verano
13022036,13,2,2036,Verano
14022036,14,2,2036,Verano
15022036,15,2,2036,Verano
16022036,16,2,2036,Verano
17022036,17,2,2036,Verano
18022036,18,2,2036,Verano
19022036,19,2,2036,Verano
20022036,20,2,2036,Verano
21022036,21,2,2036,Verano
22022036,22,2,2036,Verano
23022036,23,2,2036,Verano
24022036,24,2,2036,Verano
25022036,25,2,2036,Verano
26022036,26,2,2036,Verano
27022036,27,2,2036,Verano
28022036,28,2,2036,Verano
29022036,29,2,2036,Verano
1032036,1,3,2036,Otoño
2032036,2,3,2036,Otoño
3032036,3,3,2036,Otoño
4032036,4,3,2036,Otoño
5032036,5,3,2036,Otoño
6032036,6,3,2036,Otoño
7032036,7,3,2036,Otoño
8032036,8,3,2036,Otoño
9032036,9,3,2036,Otoño
10032036,10,3,2036,Otoño
11032036,11,3,2036,Otoño
12032036,12,3,2036,Otoño
13032036,13,3,2036,Otoño
14032036,14,3,2036,Otoño
15032036,15,3,2036,Otoño
16032036,16,3,2036,Otoño
17032036,17,3,2036,Otoño
18032036,18,3,2036,Otoño
19032036,19,3,2036,Otoño
20032036,20,3,2036,Otoño
21032036,21,3,2036,Otoño
22032036,22,3,2036,Otoño
23032036,23,3,2036,Otoño
24032036,24,3,2036,Otoño
25032036,25,3,2036,Otoño
26032036,26,3,2036,Otoño
27032036,27,3,2036,Otoño
28032036,28,3,2036,Otoño
29032036,29,3,2036,Otoño
30032036,30,3,2036,Otoño
31032036,31,3,2036,Otoño
1042036,1,4,2036,Otoño
2042036,2,4,2036,Otoño
3042036,3,4,2036,Otoño
4042036,4,4,2036,Otoño
5042036,5,4,2036,Otoño
6042036,6,4,2036,Otoño
7042036,7,4,2036,Otoño
8042036,8,4,2036,Otoño
9042036,9,4,2036,Otoño
10042036,10,4,2036,Otoño
11042036,11,4,2036,Otoño
12042036,12,4,2036,Otoño
13042036,13,4,2036,Otoño
14042036,14,4,2036,Otoño
15042036,15,4,2036,Otoño
16042036,16,4,2036,Otoño
17042036,17,4,2036,Otoño
18042036,18,4,2036,Otoño
19042036,19,4,2036,Otoño
20042036,20,4,2036,Otoño
21042036,21,4,2036,Otoño
22042036,22,4,2036,Otoño
23042036,23,4,2036,Otoño
24042036,24,4,2036,Otoño
25042036,25,4,2036,Otoño
26042036,26,4,2036,Otoño
27042036,27,4,2036,Otoño
28042036,28,4,2036,Otoño
29042036,29,4,2036,Otoño
30042036,30,4,2036,Otoño
1052036,1,5,2036,Otoño
2052036,2,5,2036,Otoño
3052036,3,5,2036,Otoño
4052036,4,5,2036,Otoño
5052036,5,5,2036,Otoño
6052036,6,5,2036,Otoño
7052036,7,5,2036,Otoño
8052036,8,5,2036,Otoño
9052036,9,5,2036,Otoño
10052036,10,5,2036,Otoño
11052036,11,5,2036,Otoño
12052036,12,5,2036,Otoño
13052036,13,5,2036,Otoño
14052036,14,5,2036,Otoño
15052036,15,5,2036,Otoño
16052036,16,5,2036,Otoño
17052036,17,5,2036,Otoño
18052036,18,5,2036,Otoño
19052036,19,5,2036,Otoño
20052036,20,5,2036,Otoño
21052036,21,5,2036,Otoño
22052036,22,5,2036,Otoño
23052036,23,5,2036,Otoño
24052036,24,5,2036,Otoño
25052036,25,5,2036,Otoño
26052036,26,5,2036,Otoño
27052036,27,5,2036,Otoño
28052036,28,5,2036,Otoño
29052036,29,5,2036,Otoño
30052036,30,5,2036,Otoño
31052036,31,5,2036,Otoño
1062036,1,6,2036,Invierno
2062036,2,6,2036,Invierno
3062036,3,6,2036,Invierno
4062036,4,6,2036,Invierno
5062036,5,6,2036,Invierno
6062036,6,6,2036,Invierno
7062036,7,6,2036,Invierno
8062036,8,6,2036,Invierno
9062036,9,6,2036,Invierno
10062036,10,6,2036,Invierno
11062036,11,6,2036,Invierno
12062036,12,6,2036,Invierno
13062036,13,6,2036,Invierno
14062036,14,6,2036,Invierno
15062036,15,6,2036,Invierno
16062036,16,6,2036,Invierno
17062036,17,6,2036,Invierno
18062036,18,6,2036,Invierno
19062036,19,6,2036,Invierno
20062036,20,6,2036,Invierno
21062036,21,6,2036,Invierno
22062036,22,6,2036,Invierno
23062036,23,6,2036,Invierno
24062036,24,6,2036,Invierno
25062036,25,6,2036,Invierno
26062036,26,6,2036,Invierno
27062036,27,6,2036,Invierno
28062036,28,6,2036,Invierno
29062036,29,6,2036,Invierno
30062036,30,6,2036,Invierno
1072036,1,7,2036,Invierno
2072036,2,7,2036,Invierno
3072036,3,7,2036,Invierno
4072036,4,7,2036,Invierno
5072036,5,7,2036,Invierno
6072036,6,7,2036,Invierno
7072036,7,7,2036,Invierno
8072036,8,7,2036,Invierno
9072036,9,7,2036,Invierno
10072036,10,7,2036,Invierno
11072036,11,7,2036,Invierno
12072036,12,7,2036,Invierno
13072036,13,7,2036,Invierno
14072036,14,7,2036,Invierno
15072036,15,7,2036,Invierno
16072036,16,7,2036,Invierno
17072036,17,7,2036,Invierno
18072036,18,7,2036,Invierno
19072036,19,7,2036,Invierno
20072036,20,7,2036,Invierno
21072036,21,7,2036,Invierno
22072036,22,7,2036,Invierno
23072036,23,7,2036,Invierno
24072036,24,7,2036,Invierno
25072036,25,7,2036,Invierno
26072036,26,7,2036,Invierno
27072036,27,7,2036,Invierno
28072036,28,7,2036,Invierno
29072036,29,7,2036,Invierno
30072036,30,7,2036,Invierno
31072036,31,7,2036,Invierno
1082036,1,8,2036,Invierno
2082036,2,8,2036,Invierno
3082036,3,8,2036,Invierno
4082036,4,8,2036,Invierno
5082036,5,8,2036,Invierno
6082036,6,8,2036,Invierno
7082036,7,8,2036,Invierno
8082036,8,8,2036,Invierno
9082036,9,8,2036,Invierno
10082036,10,8,2036,Invierno
11082036,11,8,2036,Invierno
12082036,12,8,2036,Invierno
13082036,13,8,2036,Invierno
14082036,14,8,2036,Invierno
15082036,15,8,2036,Invierno
16082036,16,8,2036,Invierno
17082036,17,8,2036,Invierno
18082036,18,8,2036,Invierno
19082036,19,8,2036,Invierno
20082036,20,8,2036,Invierno
21082036,21,8,2036,Invierno
22082036,22,8,2036,Invierno
23082036,23,8,2036,Invierno
24082036,24,8,2036,Invierno
25082036,25,8,2036,Invierno
26082036,26,8,2036,Invierno
27082036,27,8,2036,Invierno
28082036,28,8,2036,Invierno
29082036,29,8,2036,Invierno
30082036,30,8,2036,Invierno
31082036,31,8,2036,Invierno
1092036,1,9,2036,Primavera
2092036,2,9,2036,Primavera
3092036,3,9,2036,Primavera
4092036,4,9,2036,Primavera
5092036,5,9,2036,Primavera
6092036,6,9,2036,Primavera
7092036,7,9,2036,Primavera
8092036,8,9,2036,Primavera
9092036,9,9,2036,Primavera
10092036,10,9,2036,Primavera
11092036,11,9,2036,Primavera
12092036,12,9,2036,Primavera
13092036,13,9,2036,Primavera
14092036,14,9,2036,Primavera
15092036,15,9,2036,Primavera
16092036,16,9,2036,Primavera
17092036,17,9,2036,Primavera
18092036,18,9,2036,Primavera
19092036,19,9,2036,Primavera
20092036,20,9,2036,Primavera
21092036,21,9,2036,Primavera
22092036,22,9,2036,Primavera
23092036,23,9,2036,Primavera
24092036,24,9,2036,Primavera
25092036,25,9,2036,Primavera
26092036,26,9,2036,Primavera
27092036,27,9,2036,Primavera
28092036,28,9,2036,Primavera
29092036,29,9,2036,Primavera
30092036,30,9,2036,Primavera
1102036,1,10,2036,Primavera
2102036,2,10,2036,Primavera
3102036,3,10,2036,Primavera
4102036,4,10,2036,Primavera
5102036,5,10,2036,Primavera
6102036,6,10,2036,Primavera
7102036,7,10,2036,Primavera
8102036,8,10,2036,Primavera
9102036,9,10,2036,Primavera
10102036,10,10,2036,Primavera
11102036,11,10,2036,Primavera
12102036,12,10,2036,Primavera
13102036,13,10,2036,Primavera
14102036,14,10,2036,Primavera
15102036,15,10,2036,Primavera
16102036,16,10,2036,Primavera
17102036,17,10,2036,Primavera
18102036,18,10,2036,Primavera
19102036,19,10,2036,Primavera
20102036,20,10,2036,Primavera
21102036,21,10,2036,Primavera
22102036,22,10,2036,Primavera
23102036,23,10,2036,Primavera
24102036,24,10,2036,Primavera
25102036,25,10,2036,Primavera
26102036,26,10,2036,Primavera
27102036,27,10,2036,Primavera
28102036,28,10,2036,Primavera
29102036,29,10,2036,Primavera
30102036,30,10,2036,Primavera
31102036,31,10,2036,Primavera
1112036,1,11,2036,Primavera
2112036,2,11,2036,Primavera
3112036,3,11,2036,Primavera
4112036,4,11,2036,Primavera
5112036,5,11,2036,Primavera
6112036,6,11,2036,Primavera
7112036,7,11,2036,Primavera
8112036,8,11,2036,Primavera
9112036,9,11,2036,Primavera
10112036,10,11,2036,Primavera
11112036,11,11,2036,Primavera
12112036,12,11,2036,Primavera
13112036,13,11,2036,Primavera
14112036,14,11,2036,Primavera
15112036,15,11,2036,Primavera
16112036,16,11,2036,Primavera
17112036,17,11,2036,Primavera
18112036,18,11,2036,Primavera
19112036,19,11,2036,Primavera
20112036,20,11,2036,Primavera
21112036,21,11,2036,Primavera
22112036,22,11,2036,Primavera
23112036,23,11,2036,Primavera
24112036,24,11,2036,Primavera
25112036,25,11,2036,Primavera
26112036,26,11,2036,Primavera
27112036,27,11,2036,Primavera
28112036,28,11,2036,Primavera
29112036,29,11,2036,Primavera
30112036,30,11,2036,Primavera
1122036,1,12,2036,Verano
2122036,2,12,2036,Verano
3122036,3,12,2036,Verano
4122036,4,12,2036,Verano
5122036,5,12,2036,Verano
6122036,6,12,2036,Verano
7122036,7,12,2036,Verano
8122036,8,12,2036,Verano
9122036,9,12,2036,Verano
10122036,10,12,2036,Verano
11122036,11,12,2036,Verano
12122036,12,12,2036,Verano
13122036,13,12,2036,Verano
14122036,14,12,2036,Verano
15122036,15,12,2036,Verano
16122036,16,12,2036,Verano
17122036,17,12,2036,Verano
18122036,18,12,2036,Verano
19122036,19,12,2036,Verano
20122036,20,12,2036,Verano
21122036,21,12,2036,Verano
22122036,22,12,2036,Verano
23122036,23,12,2036,Verano
24122036,24,12,2036,Verano
25122036,25,12,2036,Verano
26122036,26,12,2036,Verano
27122036,27,12,2036,Verano
28122036,28,12,2036,Verano
29122036,29,12,2036,Verano
30122036,30,12,2036,Verano
31122036,31,12,2036,Verano
1012037,1,1,2037,Verano
2012037,2,1,2037,Verano
3012037,3,1,2037,Verano
4012037,4,1,2037,Verano
5012037,5,1,2037,Verano
6012037,6,1,2037,Verano
7012037,7,1,2037,Verano
8012037,8,1,2037,Verano
9012037,9,1,2037,Verano
10012037,10,1,2037,Verano
11012037,11,1,2037,Verano
12012037,12,1,2037,Verano
13012037,13,1,2037,Verano
14012037,14,1,2037,Verano
15012037,15,1,2037,Verano
16012037,16,1,2037,Verano
17012037,17,1,2037,Verano
18012037,18,1,2037,Verano
19012037,19,1,2037,Verano
20012037,20,1,2037,Verano
21012037,21,1,2037,Verano
22012037,22,1,2037,Verano
23012037,23,1,2037,Verano
24012037,24,1,2037,Verano
25012037,25,1,2037,Verano
26012037,26,1,2037,Verano
27012037,27,1,2037,Verano
28012037,28,1,2037,Verano
29012037,29,1,2037,Verano
30012037,30,1,2037,Verano
31012037,31,1,2037,Verano
1022037,1,2,2037,Verano
2022037,2,2,2037,Verano
3022037,3,2,2037,Verano
4022037,4,2,2037,Verano
5022037,5,2,2037,Verano
6022037,6,2,2037,Verano
7022037,7,2,2037,Verano
8022037,8,2,2037,Verano
9022037,9,2,2037,Verano
10022037,10,2,2037,Verano
11022037,11,2,2037,Verano
12022037,12,2,2037,Verano
13022037,13,2,2037,Verano
14022037,14,2,2037,Verano
15022037,15,2,2037,Verano
16022037,16,2,2037,Verano
17022037,17,2,2037,Verano
18022037,18,2,2037,Verano
19022037,19,2,2037,Verano
20022037,20,2,2037,Verano
21022037,21,2,2037,Verano
22022037,22,2,2037,Verano
23022037,23,2,2037,Verano
24022037,24,2,2037,Verano
25022037,25,2,2037,Verano
26022037,26,2,2037,Verano
27022037,27,2,2037,Verano
28022037,28,2,2037,Verano
1032037,1,3,2037,Otoño
2032037,2,3,2037,Otoño
3032037,3,3,2037,Otoño
4032037,4,3,2037,Otoño
5032037,5,3,2037,Otoño
6032037,6,3,2037,Otoño
7032037,7,3,2037,Otoño
8032037,8,3,2037,Otoño
9032037,9,3,2037,Otoño
10032037,10,3,2037,Otoño
11032037,11,3,2037,Otoño
12032037,12,3,2037,Otoño
13032037,13,3,2037,Otoño
14032037,14,3,2037,Otoño
15032037,15,3,2037,Otoño
16032037,16,3,2037,Otoño
17032037,17,3,2037,Otoño
18032037,18,3,2037,Otoño
19032037,19,3,2037,Otoño
20032037,20,3,2037,Otoño
21032037,21,3,2037,Otoño
22032037,22,3,2037,Otoño
23032037,23,3,2037,Otoño
24032037,24,3,2037,Otoño
25032037,25,3,2037,Otoño
26032037,26,3,2037,Otoño
27032037,27,3,2037,Otoño
28032037,28,3,2037,Otoño
29032037,29,3,2037,Otoño
30032037,30,3,2037,Otoño
31032037,31,3,2037,Otoño
1042037,1,4,2037,Otoño
2042037,2,4,2037,Otoño
3042037,3,4,2037,Otoño
4042037,4,4,2037,Otoño
5042037,5,4,2037,Otoño
6042037,6,4,2037,Otoño
7042037,7,4,2037,Otoño
8042037,8,4,2037,Otoño
9042037,9,4,2037,Otoño
10042037,10,4,2037,Otoño
11042037,11,4,2037,Otoño
12042037,12,4,2037,Otoño
13042037,13,4,2037,Otoño
14042037,14,4,2037,Otoño
15042037,15,4,2037,Otoño
16042037,16,4,2037,Otoño
17042037,17,4,2037,Otoño
18042037,18,4,2037,Otoño
19042037,19,4,2037,Otoño
20042037,20,4,2037,Otoño
21042037,21,4,2037,Otoño
22042037,22,4,2037,Otoño
23042037,23,4,2037,Otoño
24042037,24,4,2037,Otoño
25042037,25,4,2037,Otoño
26042037,26,4,2037,Otoño
27042037,27,4,2037,Otoño
28042037,28,4,2037,Otoño
29042037,29,4,2037,Otoño
30042037,30,4,2037,Otoño
1052037,1,5,2037,Otoño
2052037,2,5,2037,Otoño
3052037,3,5,2037,Otoño
4052037,4,5,2037,Otoño
5052037,5,5,2037,Otoño
6052037,6,5,2037,Otoño
7052037,7,5,2037,Otoño
8052037,8,5,2037,Otoño
9052037,9,5,2037,Otoño
10052037,10,5,2037,Otoño
11052037,11,5,2037,Otoño
12052037,12,5,2037,Otoño
13052037,13,5,2037,Otoño
14052037,14,5,2037,Otoño
15052037,15,5,2037,Otoño
16052037,16,5,2037,Otoño
17052037,17,5,2037,Otoño
18052037,18,5,2037,Otoño
19052037,19,5,2037,Otoño
20052037,20,5,2037,Otoño
21052037,21,5,2037,Otoño
22052037,22,5,2037,Otoño
23052037,23,5,2037,Otoño
24052037,24,5,2037,Otoño
25052037,25,5,2037,Otoño
26052037,26,5,2037,Otoño
27052037,27,5,2037,Otoño
28052037,28,5,2037,Otoño
29052037,29,5,2037,Otoño
30052037,30,5,2037,Otoño
31052037,31,5,2037,Otoño
1062037,1,6,2037,Invierno
2062037,2,6,2037,Invierno
3062037,3,6,2037,Invierno
4062037,4,6,2037,Invierno
5062037,5,6,2037,Invierno
6062037,6,6,2037,Invierno
7062037,7,6,2037,Invierno
8062037,8,6,2037,Invierno
9062037,9,6,2037,Invierno
10062037,10,6,2037,Invierno
11062037,11,6,2037,Invierno
12062037,12,6,2037,Invierno
13062037,13,6,2037,Invierno
14062037,14,6,2037,Invierno
15062037,15,6,2037,Invierno
16062037,16,6,2037,Invierno
17062037,17,6,2037,Invierno
18062037,18,6,2037,Invierno
19062037,19,6,2037,Invierno
20062037,20,6,2037,Invierno
21062037,21,6,2037,Invierno
22062037,22,6,2037,Invierno
23062037,23,6,2037,Invierno
24062037,24,6,2037,Invierno
25062037,25,6,2037,Invierno
26062037,26,6,2037,Invierno
27062037,27,6,2037,Invierno
28062037,28,6,2037,Invierno
29062037,29,6,2037,Invierno
30062037,30,6,2037,Invierno
1072037,1,7,2037,Invierno
2072037,2,7,2037,Invierno
3072037,3,7,2037,Invierno
4072037,4,7,2037,Invierno
5072037,5,7,2037,Invierno
6072037,6,7,2037,Invierno
7072037,7,7,2037,Invierno
8072037,8,7,2037,Invierno
9072037,9,7,2037,Invierno
10072037,10,7,2037,Invierno
11072037,11,7,2037,Invierno
12072037,12,7,2037,Invierno
13072037,13,7,2037,Invierno
14072037,14,7,2037,Invierno
15072037,15,7,2037,Invierno
16072037,16,7,2037,Invierno
17072037,17,7,2037,Invierno
18072037,18,7,2037,Invierno
19072037,19,7,2037,Invierno
20072037,20,7,2037,Invierno
21072037,21,7,2037,Invierno
22072037,22,7,2037,Invierno
23072037,23,7,2037,Invierno
24072037,24,7,2037,Invierno
25072037,25,7,2037,Invierno
26072037,26,7,2037,Invierno
27072037,27,7,2037,Invierno
28072037,28,7,2037,Invierno
29072037,29,7,2037,Invierno
30072037,30,7,2037,Invierno
31072037,31,7,2037,Invierno
1082037,1,8,2037,Invierno
2082037,2,8,2037,Invierno
3082037,3,8,2037,Invierno
4082037,4,8,2037,Invierno
5082037,5,8,2037,Invierno
6082037,6,8,2037,Invierno
7082037,7,8,2037,Invierno
8082037,8,8,2037,Invierno
9082037,9,8,2037,Invierno
10082037,10,8,2037,Invierno
11082037,11,8,2037,Invierno
12082037,12,8,2037,Invierno
13082037,13,8,2037,Invierno
14082037,14,8,2037,Invierno
15082037,15,8,2037,Invierno
16082037,16,8,2037,Invierno
17082037,17,8,2037,Invierno
18082037,18,8,2037,Invierno
19082037,19,8,2037,Invierno
20082037,20,8,2037,Invierno
21082037,21,8,2037,Invierno
22082037,22,8,2037,Invierno
23082037,23,8,2037,Invierno
24082037,24,8,2037,Invierno
25082037,25,8,2037,Invierno
26082037,26,8,2037,Invierno
27082037,27,8,2037,Invierno
28082037,28,8,2037,Invierno
29082037,29,8,2037,Invierno
30082037,30,8,2037,Invierno
31082037,31,8,2037,Invierno
1092037,1,9,2037,Primavera
2092037,2,9,2037,Primavera
3092037,3,9,2037,Primavera
4092037,4,9,2037,Primavera
5092037,5,9,2037,Primavera
6092037,6,9,2037,Primavera
7092037,7,9,2037,Primavera
8092037,8,9,2037,Primavera
9092037,9,9,2037,Primavera
10092037,10,9,2037,Primavera
11092037,11,9,2037,Primavera
12092037,12,9,2037,Primavera
13092037,13,9,2037,Primavera
14092037,14,9,2037,Primavera
15092037,15,9,2037,Primavera
16092037,16,9,2037,Primavera
17092037,17,9,2037,Primavera
18092037,18,9,2037,Primavera
19092037,19,9,2037,Primavera
20092037,20,9,2037,Primavera
21092037,21,9,2037,Primavera
22092037,22,9,2037,Primavera
23092037,23,9,2037,Primavera
24092037,24,9,2037,Primavera
25092037,25,9,2037,Primavera
26092037,26,9,2037,Primavera
27092037,27,9,2037,Primavera
28092037,28,9,2037,Primavera
29092037,29,9,2037,Primavera
30092037,30,9,2037,Primavera
1102037,1,10,2037,Primavera
2102037,2,10,2037,Primavera
3102037,3,10,2037,Primavera
4102037,4,10,2037,Primavera
5102037,5,10,2037,Primavera
6102037,6,10,2037,Primavera
7102037,7,10,2037,Primavera
8102037,8,10,2037,Primavera
9102037,9,10,2037,Primavera
10102037,10,10,2037,Primavera
11102037,11,10,2037,Primavera
12102037,12,10,2037,Primavera
13102037,13,10,2037,Primavera
14102037,14,10,2037,Primavera
15102037,15,10,2037,Primavera
16102037,16,10,2037,Primavera
17102037,17,10,2037,Primavera
18102037,18,10,2037,Primavera
19102037,19,10,2037,Primavera
20102037,20,10,2037,Primavera
21102037,21,10,2037,Primavera
22102037,22,10,2037,Primavera
23102037,23,10,2037,Primavera
24102037,24,10,2037,Primavera
25102037,25,10,2037,Primavera
26102037,26,10,2037,Primavera
27102037,27,10,2037,Primavera
28102037,28,10,2037,Primavera
29102037,29,10,2037,Primavera
30102037,30,10,2037,Primavera
31102037,31,10,2037,Primavera
1112037,1,11,2037,Primavera
2112037,2,11,2037,Primavera
3112037,3,11,2037,Primavera
4112037,4,11,2037,Primavera
5112037,5,11,2037,Primavera
6112037,6,11,2037,Primavera
7112037,7,11,2037,Primavera
8112037,8,11,2037,Primavera
9112037,9,11,2037,Primavera
10112037,10,11,2037,Primavera
11112037,11,11,2037,Primavera
12112037,12,11,2037,Primavera
13112037,13,11,2037,Primavera
14112037,14,11,2037,Primavera
15112037,15,11,2037,Primavera
16112037,16,11,2037,Primavera
17112037,17,11,2037,Primavera
18112037,18,11,2037,Primavera
19112037,19,11,2037,Primavera
20112037,20,11,2037,Primavera
21112037,21,11,2037,Primavera
22112037,22,11,2037,Primavera
23112037,23,11,2037,Primavera
24112037,24,11,2037,Primavera
25112037,25,11,2037,Primavera
26112037,26,11,2037,Primavera
27112037,27,11,2037,Primavera
28112037,28,11,2037,Primavera
29112037,29,11,2037,Primavera
30112037,30,11,2037,Primavera
1122037,1,12,2037,Verano
2122037,2,12,2037,Verano
3122037,3,12,2037,Verano
4122037,4,12,2037,Verano
5122037,5,12,2037,Verano
6122037,6,12,2037,Verano
7122037,7,12,2037,Verano
8122037,8,12,2037,Verano
9122037,9,12,2037,Verano
10122037,10,12,2037,Verano
11122037,11,12,2037,Verano
12122037,12,12,2037,Verano
13122037,13,12,2037,Verano
14122037,14,12,2037,Verano
15122037,15,12,2037,Verano
16122037,16,12,2037,Verano
17122037,17,12,2037,Verano
18122037,18,12,2037,Verano
19122037,19,12,2037,Verano
20122037,20,12,2037,Verano
21122037,21,12,2037,Verano
22122037,22,12,2037,Verano
23122037,23,12,2037,Verano
24122037,24,12,2037,Verano
25122037,25,12,2037,Verano
26122037,26,12,2037,Verano
27122037,27,12,2037,Verano
28122037,28,12,2037,Verano
29122037,29,12,2037,Verano
30122037,30,12,2037,Verano
31122037,31,12,2037,Verano
1012038,1,1,2038,Verano
2012038,2,1,2038,Verano
3012038,3,1,2038,Verano
4012038,4,1,2038,Verano
5012038,5,1,2038,Verano
6012038,6,1,2038,Verano
7012038,7,1,2038,Verano
8012038,8,1,2038,Verano
9012038,9,1,2038,Verano
10012038,10,1,2038,Verano
11012038,11,1,2038,Verano
12012038,12,1,2038,Verano
13012038,13,1,2038,Verano
14012038,14,1,2038,Verano
15012038,15,1,2038,Verano
16012038,16,1,2038,Verano
17012038,17,1,2038,Verano
18012038,18,1,2038,Verano
19012038,19,1,2038,Verano
20012038,20,1,2038,Verano
21012038,21,1,2038,Verano
22012038,22,1,2038,Verano
23012038,23,1,2038,Verano
24012038,24,1,2038,Verano
25012038,25,1,2038,Verano
26012038,26,1,2038,Verano
27012038,27,1,2038,Verano
28012038,28,1,2038,Verano
29012038,29,1,2038,Verano
30012038,30,1,2038,Verano
31012038,31,1,2038,Verano
1022038,1,2,2038,Verano
2022038,2,2,2038,Verano
3022038,3,2,2038,Verano
4022038,4,2,2038,Verano
5022038,5,2,2038,Verano
6022038,6,2,2038,Verano
7022038,7,2,2038,Verano
8022038,8,2,2038,Verano
9022038,9,2,2038,Verano
10022038,10,2,2038,Verano
11022038,11,2,2038,Verano
12022038,12,2,2038,Verano
13022038,13,2,2038,Verano
14022038,14,2,2038,Verano
15022038,15,2,2038,Verano
16022038,16,2,2038,Verano
17022038,17,2,2038,Verano
18022038,18,2,2038,Verano
19022038,19,2,2038,Verano
20022038,20,2,2038,Verano
21022038,21,2,2038,Verano
22022038,22,2,2038,Verano
23022038,23,2,2038,Verano
24022038,24,2,2038,Verano
25022038,25,2,2038,Verano
26022038,26,2,2038,Verano
27022038,27,2,2038,Verano
28022038,28,2,2038,Verano
1032038,1,3,2038,Otoño
2032038,2,3,2038,Otoño
3032038,3,3,2038,Otoño
4032038,4,3,2038,Otoño
5032038,5,3,2038,Otoño
6032038,6,3,2038,Otoño
7032038,7,3,2038,Otoño
8032038,8,3,2038,Otoño
9032038,9,3,2038,Otoño
10032038,10,3,2038,Otoño
11032038,11,3,2038,Otoño
12032038,12,3,2038,Otoño
13032038,13,3,2038,Otoño
14032038,14,3,2038,Otoño
15032038,15,3,2038,Otoño
16032038,16,3,2038,Otoño
17032038,17,3,2038,Otoño
18032038,18,3,2038,Otoño
19032038,19,3,2038,Otoño
20032038,20,3,2038,Otoño
21032038,21,3,2038,Otoño
22032038,22,3,2038,Otoño
23032038,23,3,2038,Otoño
24032038,24,3,2038,Otoño
25032038,25,3,2038,Otoño
26032038,26,3,2038,Otoño
27032038,27,3,2038,Otoño
28032038,28,3,2038,Otoño
29032038,29,3,2038,Otoño
30032038,30,3,2038,Otoño
31032038,31,3,2038,Otoño
1042038,1,4,2038,Otoño
2042038,2,4,2038,Otoño
3042038,3,4,2038,Otoño
4042038,4,4,2038,Otoño
5042038,5,4,2038,Otoño
6042038,6,4,2038,Otoño
7042038,7,4,2038,Otoño
8042038,8,4,2038,Otoño
9042038,9,4,2038,Otoño
10042038,10,4,2038,Otoño
11042038,11,4,2038,Otoño
12042038,12,4,2038,Otoño
13042038,13,4,2038,Otoño
14042038,14,4,2038,Otoño
15042038,15,4,2038,Otoño
16042038,16,4,2038,Otoño
17042038,17,4,2038,Otoño
18042038,18,4,2038,Otoño
19042038,19,4,2038,Otoño
20042038,20,4,2038,Otoño
21042038,21,4,2038,Otoño
22042038,22,4,2038,Otoño
23042038,23,4,2038,Otoño
24042038,24,4,2038,Otoño
25042038,25,4,2038,Otoño
26042038,26,4,2038,Otoño
27042038,27,4,2038,Otoño
28042038,28,4,2038,Otoño
29042038,29,4,2038,Otoño
30042038,30,4,2038,Otoño
1052038,1,5,2038,Otoño
2052038,2,5,2038,Otoño
3052038,3,5,2038,Otoño
4052038,4,5,2038,Otoño
5052038,5,5,2038,Otoño
6052038,6,5,2038,Otoño
7052038,7,5,2038,Otoño
8052038,8,5,2038,Otoño
9052038,9,5,2038,Otoño
10052038,10,5,2038,Otoño
11052038,11,5,2038,Otoño
12052038,12,5,2038,Otoño
13052038,13,5,2038,Otoño
14052038,14,5,2038,Otoño
15052038,15,5,2038,Otoño
16052038,16,5,2038,Otoño
17052038,17,5,2038,Otoño
18052038,18,5,2038,Otoño
19052038,19,5,2038,Otoño
20052038,20,5,2038,Otoño
21052038,21,5,2038,Otoño
22052038,22,5,2038,Otoño
23052038,23,5,2038,Otoño
24052038,24,5,2038,Otoño
25052038,25,5,2038,Otoño
26052038,26,5,2038,Otoño
27052038,27,5,2038,Otoño
28052038,28,5,2038,Otoño
29052038,29,5,2038,Otoño
30052038,30,5,2038,Otoño
31052038,31,5,2038,Otoño
1062038,1,6,2038,Invierno
2062038,2,6,2038,Invierno
3062038,3,6,2038,Invierno
4062038,4,6,2038,Invierno
5062038,5,6,2038,Invierno
6062038,6,6,2038,Invierno
7062038,7,6,2038,Invierno
8062038,8,6,2038,Invierno
9062038,9,6,2038,Invierno
10062038,10,6,2038,Invierno
11062038,11,6,2038,Invierno
12062038,12,6,2038,Invierno
13062038,13,6,2038,Invierno
14062038,14,6,2038,Invierno
15062038,15,6,2038,Invierno
16062038,16,6,2038,Invierno
17062038,17,6,2038,Invierno
18062038,18,6,2038,Invierno
19062038,19,6,2038,Invierno
20062038,20,6,2038,Invierno
21062038,21,6,2038,Invierno
22062038,22,6,2038,Invierno
23062038,23,6,2038,Invierno
24062038,24,6,2038,Invierno
25062038,25,6,2038,Invierno
26062038,26,6,2038,Invierno
27062038,27,6,2038,Invierno
28062038,28,6,2038,Invierno
29062038,29,6,2038,Invierno
30062038,30,6,2038,Invierno
1072038,1,7,2038,Invierno
2072038,2,7,2038,Invierno
3072038,3,7,2038,Invierno
4072038,4,7,2038,Invierno
5072038,5,7,2038,Invierno
6072038,6,7,2038,Invierno
7072038,7,7,2038,Invierno
8072038,8,7,2038,Invierno
9072038,9,7,2038,Invierno
10072038,10,7,2038,Invierno
11072038,11,7,2038,Invierno
12072038,12,7,2038,Invierno
13072038,13,7,2038,Invierno
14072038,14,7,2038,Invierno
15072038,15,7,2038,Invierno
16072038,16,7,2038,Invierno
17072038,17,7,2038,Invierno
18072038,18,7,2038,Invierno
19072038,19,7,2038,Invierno
20072038,20,7,2038,Invierno
21072038,21,7,2038,Invierno
22072038,22,7,2038,Invierno
23072038,23,7,2038,Invierno
24072038,24,7,2038,Invierno
25072038,25,7,2038,Invierno
26072038,26,7,2038,Invierno
27072038,27,7,2038,Invierno
28072038,28,7,2038,Invierno
29072038,29,7,2038,Invierno
30072038,30,7,2038,Invierno
31072038,31,7,2038,Invierno
1082038,1,8,2038,Invierno
2082038,2,8,2038,Invierno
3082038,3,8,2038,Invierno
4082038,4,8,2038,Invierno
5082038,5,8,2038,Invierno
6082038,6,8,2038,Invierno
7082038,7,8,2038,Invierno
8082038,8,8,2038,Invierno
9082038,9,8,2038,Invierno
10082038,10,8,2038,Invierno
11082038,11,8,2038,Invierno
12082038,12,8,2038,Invierno
13082038,13,8,2038,Invierno
14082038,14,8,2038,Invierno
15082038,15,8,2038,Invierno
16082038,16,8,2038,Invierno
17082038,17,8,2038,Invierno
18082038,18,8,2038,Invierno
19082038,19,8,2038,Invierno
20082038,20,8,2038,Invierno
21082038,21,8,2038,Invierno
22082038,22,8,2038,Invierno
23082038,23,8,2038,Invierno
24082038,24,8,2038,Invierno
25082038,25,8,2038,Invierno
26082038,26,8,2038,Invierno
27082038,27,8,2038,Invierno
28082038,28,8,2038,Invierno
29082038,29,8,2038,Invierno
30082038,30,8,2038,Invierno
31082038,31,8,2038,Invierno
1092038,1,9,2038,Primavera
2092038,2,9,2038,Primavera
3092038,3,9,2038,Primavera
4092038,4,9,2038,Primavera
5092038,5,9,2038,Primavera
6092038,6,9,2038,Primavera
7092038,7,9,2038,Primavera
8092038,8,9,2038,Primavera
9092038,9,9,2038,Primavera
10092038,10,9,2038,Primavera
11092038,11,9,2038,Primavera
12092038,12,9,2038,Primavera
13092038,13,9,2038,Primavera
14092038,14,9,2038,Primavera
15092038,15,9,2038,Primavera
16092038,16,9,2038,Primavera
17092038,17,9,2038,Primavera
18092038,18,9,2038,Primavera
19092038,19,9,2038,Primavera
20092038,20,9,2038,Primavera
21092038,21,9,2038,Primavera
22092038,22,9,2038,Primavera
23092038,23,9,2038,Primavera
24092038,24,9,2038,Primavera
25092038,25,9,2038,Primavera
26092038,26,9,2038,Primavera
27092038,27,9,2038,Primavera
28092038,28,9,2038,Primavera
29092038,29,9,2038,Primavera
30092038,30,9,2038,Primavera
1102038,1,10,2038,Primavera
2102038,2,10,2038,Primavera
3102038,3,10,2038,Primavera
4102038,4,10,2038,Primavera
5102038,5,10,2038,Primavera
6102038,6,10,2038,Primavera
7102038,7,10,2038,Primavera
8102038,8,10,2038,Primavera
9102038,9,10,2038,Primavera
10102038,10,10,2038,Primavera
11102038,11,10,2038,Primavera
12102038,12,10,2038,Primavera
13102038,13,10,2038,Primavera
14102038,14,10,2038,Primavera
15102038,15,10,2038,Primavera
16102038,16,10,2038,Primavera
17102038,17,10,2038,Primavera
18102038,18,10,2038,Primavera
19102038,19,10,2038,Primavera
20102038,20,10,2038,Primavera
21102038,21,10,2038,Primavera
22102038,22,10,2038,Primavera
23102038,23,10,2038,Primavera
24102038,24,10,2038,Primavera
25102038,25,10,2038,Primavera
26102038,26,10,2038,Primavera
27102038,27,10,2038,Primavera
28102038,28,10,2038,Primavera
29102038,29,10,2038,Primavera
30102038,30,10,2038,Primavera
31102038,31,10,2038,Primavera
1112038,1,11,2038,Primavera
2112038,2,11,2038,Primavera
3112038,3,11,2038,Primavera
4112038,4,11,2038,Primavera
5112038,5,11,2038,Primavera
6112038,6,11,2038,Primavera
7112038,7,11,2038,Primavera
8112038,8,11,2038,Primavera
9112038,9,11,2038,Primavera
10112038,10,11,2038,Primavera
11112038,11,11,2038,Primavera
12112038,12,11,2038,Primavera
13112038,13,11,2038,Primavera
14112038,14,11,2038,Primavera
15112038,15,11,2038,Primavera
16112038,16,11,2038,Primavera
17112038,17,11,2038,Primavera
18112038,18,11,2038,Primavera
19112038,19,11,2038,Primavera
20112038,20,11,2038,Primavera
21112038,21,11,2038,Primavera
22112038,22,11,2038,Primavera
23112038,23,11,2038,Primavera
24112038,24,11,2038,Primavera
25112038,25,11,2038,Primavera
26112038,26,11,2038,Primavera
27112038,27,11,2038,Primavera
28112038,28,11,2038,Primavera
29112038,29,11,2038,Primavera
30112038,30,11,2038,Primavera
1122038,1,12,2038,Verano
2122038,2,12,2038,Verano
3122038,3,12,2038,Verano
4122038,4,12,2038,Verano
5122038,5,12,2038,Verano
6122038,6,12,2038,Verano
7122038,7,12,2038,Verano
8122038,8,12,2038,Verano
9122038,9,12,2038,Verano
10122038,10,12,2038,Verano
11122038,11,12,2038,Verano
12122038,12,12,2038,Verano
13122038,13,12,2038,Verano
14122038,14,12,2038,Verano
15122038,15,12,2038,Verano
16122038,16,12,2038,Verano
17122038,17,12,2038,Verano
18122038,18,12,2038,Verano
19122038,19,12,2038,Verano
20122038,20,12,2038,Verano
21122038,21,12,2038,Verano
22122038,22,12,2038,Verano
23122038,23,12,2038,Verano
24122038,24,12,2038,Verano
25122038,25,12,2038,Verano
26122038,26,12,2038,Verano
27122038,27,12,2038,Verano
28122038,28,12,2038,Verano
29122038,29,12,2038,Verano
30122038,30,12,2038,Verano
31122038,31,12,2038,Verano
1012039,1,1,2039,Verano
2012039,2,1,2039,Verano
3012039,3,1,2039,Verano
4012039,4,1,2039,Verano
5012039,5,1,2039,Verano
6012039,6,1,2039,Verano
7012039,7,1,2039,Verano
8012039,8,1,2039,Verano
9012039,9,1,2039,Verano
10012039,10,1,2039,Verano
11012039,11,1,2039,Verano
12012039,12,1,2039,Verano
13012039,13,1,2039,Verano
14012039,14,1,2039,Verano
15012039,15,1,2039,Verano
16012039,16,1,2039,Verano
17012039,17,1,2039,Verano
18012039,18,1,2039,Verano
19012039,19,1,2039,Verano
20012039,20,1,2039,Verano
21012039,21,1,2039,Verano
22012039,22,1,2039,Verano
23012039,23,1,2039,Verano
24012039,24,1,2039,Verano
25012039,25,1,2039,Verano
26012039,26,1,2039,Verano
27012039,27,1,2039,Verano
28012039,28,1,2039,Verano
29012039,29,1,2039,Verano
30012039,30,1,2039,Verano
31012039,31,1,2039,Verano
1022039,1,2,2039,Verano
2022039,2,2,2039,Verano
3022039,3,2,2039,Verano
4022039,4,2,2039,Verano
5022039,5,2,2039,Verano
6022039,6,2,2039,Verano
7022039,7,2,2039,Verano
8022039,8,2,2039,Verano
9022039,9,2,2039,Verano
10022039,10,2,2039,Verano
11022039,11,2,2039,Verano
12022039,12,2,2039,Verano
13022039,13,2,2039,Verano
14022039,14,2,2039,Verano
15022039,15,2,2039,Verano
16022039,16,2,2039,Verano
17022039,17,2,2039,Verano
18022039,18,2,2039,Verano
19022039,19,2,2039,Verano
20022039,20,2,2039,Verano
21022039,21,2,2039,Verano
22022039,22,2,2039,Verano
23022039,23,2,2039,Verano
24022039,24,2,2039,Verano
25022039,25,2,2039,Verano
26022039,26,2,2039,Verano
27022039,27,2,2039,Verano
28022039,28,2,2039,Verano
1032039,1,3,2039,Otoño
2032039,2,3,2039,Otoño
3032039,3,3,2039,Otoño
4032039,4,3,2039,Otoño
5032039,5,3,2039,Otoño
6032039,6,3,2039,Otoño
7032039,7,3,2039,Otoño
8032039,8,3,2039,Otoño
9032039,9,3,2039,Otoño
10032039,10,3,2039,Otoño
11032039,11,3,2039,Otoño
12032039,12,3,2039,Otoño
13032039,13,3,2039,Otoño
14032039,14,3,2039,Otoño
15032039,15,3,2039,Otoño
16032039,16,3,2039,Otoño
17032039,17,3,2039,Otoño
18032039,18,3,2039,Otoño
19032039,19,3,2039,Otoño
20032039,20,3,2039,Otoño
21032039,21,3,2039,Otoño
22032039,22,3,2039,Otoño
23032039,23,3,2039,Otoño
24032039,24,3,2039,Otoño
25032039,25,3,2039,Otoño
26032039,26,3,2039,Otoño
27032039,27,3,2039,Otoño
28032039,28,3,2039,Otoño
29032039,29,3,2039,Otoño
30032039,30,3,2039,Otoño
31032039,31,3,2039,Otoño
1042039,1,4,2039,Otoño
2042039,2,4,2039,Otoño
3042039,3,4,2039,Otoño
4042039,4,4,2039,Otoño
5042039,5,4,2039,Otoño
6042039,6,4,2039,Otoño
7042039,7,4,2039,Otoño
8042039,8,4,2039,Otoño
9042039,9,4,2039,Otoño
10042039,10,4,2039,Otoño
11042039,11,4,2039,Otoño
12042039,12,4,2039,Otoño
13042039,13,4,2039,Otoño
14042039,14,4,2039,Otoño
15042039,15,4,2039,Otoño
16042039,16,4,2039,Otoño
17042039,17,4,2039,Otoño
18042039,18,4,2039,Otoño
19042039,19,4,2039,Otoño
20042039,20,4,2039,Otoño
21042039,21,4,2039,Otoño
22042039,22,4,2039,Otoño
23042039,23,4,2039,Otoño
24042039,24,4,2039,Otoño
25042039,25,4,2039,Otoño
26042039,26,4,2039,Otoño
27042039,27,4,2039,Otoño
28042039,28,4,2039,Otoño
29042039,29,4,2039,Otoño
30042039,30,4,2039,Otoño
1052039,1,5,2039,Otoño
2052039,2,5,2039,Otoño
3052039,3,5,2039,Otoño
4052039,4,5,2039,Otoño
5052039,5,5,2039,Otoño
6052039,6,5,2039,Otoño
7052039,7,5,2039,Otoño
8052039,8,5,2039,Otoño
9052039,9,5,2039,Otoño
10052039,10,5,2039,Otoño
11052039,11,5,2039,Otoño
12052039,12,5,2039,Otoño
13052039,13,5,2039,Otoño
14052039,14,5,2039,Otoño
15052039,15,5,2039,Otoño
16052039,16,5,2039,Otoño
17052039,17,5,2039,Otoño
18052039,18,5,2039,Otoño
19052039,19,5,2039,Otoño
20052039,20,5,2039,Otoño
21052039,21,5,2039,Otoño
22052039,22,5,2039,Otoño
23052039,23,5,2039,Otoño
24052039,24,5,2039,Otoño
25052039,25,5,2039,Otoño
26052039,26,5,2039,Otoño
27052039,27,5,2039,Otoño
28052039,28,5,2039,Otoño
29052039,29,5,2039,Otoño
30052039,30,5,2039,Otoño
31052039,31,5,2039,Otoño
1062039,1,6,2039,Invierno
2062039,2,6,2039,Invierno
3062039,3,6,2039,Invierno
4062039,4,6,2039,Invierno
5062039,5,6,2039,Invierno
6062039,6,6,2039,Invierno
7062039,7,6,2039,Invierno
8062039,8,6,2039,Invierno
9062039,9,6,2039,Invierno
10062039,10,6,2039,Invierno
11062039,11,6,2039,Invierno
12062039,12,6,2039,Invierno
13062039,13,6,2039,Invierno
14062039,14,6,2039,Invierno
15062039,15,6,2039,Invierno
16062039,16,6,2039,Invierno
17062039,17,6,2039,Invierno
18062039,18,6,2039,Invierno
19062039,19,6,2039,Invierno
20062039,20,6,2039,Invierno
21062039,21,6,2039,Invierno
22062039,22,6,2039,Invierno
23062039,23,6,2039,Invierno
24062039,24,6,2039,Invierno
25062039,25,6,2039,Invierno
26062039,26,6,2039,Invierno
27062039,27,6,2039,Invierno
28062039,28,6,2039,Invierno
29062039,29,6,2039,Invierno
30062039,30,6,2039,Invierno
1072039,1,7,2039,Invierno
2072039,2,7,2039,Invierno
3072039,3,7,2039,Invierno
4072039,4,7,2039,Invierno
5072039,5,7,2039,Invierno
6072039,6,7,2039,Invierno
7072039,7,7,2039,Invierno
8072039,8,7,2039,Invierno
9072039,9,7,2039,Invierno
10072039,10,7,2039,Invierno
11072039,11,7,2039,Invierno
12072039,12,7,2039,Invierno
13072039,13,7,2039,Invierno
14072039,14,7,2039,Invierno
15072039,15,7,2039,Invierno
16072039,16,7,2039,Invierno
17072039,17,7,2039,Invierno
18072039,18,7,2039,Invierno
19072039,19,7,2039,Invierno
20072039,20,7,2039,Invierno
21072039,21,7,2039,Invierno
22072039,22,7,2039,Invierno
23072039,23,7,2039,Invierno
24072039,24,7,2039,Invierno
25072039,25,7,2039,Invierno
26072039,26,7,2039,Invierno
27072039,27,7,2039,Invierno
28072039,28,7,2039,Invierno
29072039,29,7,2039,Invierno
30072039,30,7,2039,Invierno
31072039,31,7,2039,Invierno
1082039,1,8,2039,Invierno
2082039,2,8,2039,Invierno
3082039,3,8,2039,Invierno
4082039,4,8,2039,Invierno
5082039,5,8,2039,Invierno
6082039,6,8,2039,Invierno
7082039,7,8,2039,Invierno
8082039,8,8,2039,Invierno
9082039,9,8,2039,Invierno
10082039,10,8,2039,Invierno
11082039,11,8,2039,Invierno
12082039,12,8,2039,Invierno
13082039,13,8,2039,Invierno
14082039,14,8,2039,Invierno
15082039,15,8,2039,Invierno
16082039,16,8,2039,Invierno
17082039,17,8,2039,Invierno
18082039,18,8,2039,Invierno
19082039,19,8,2039,Invierno
20082039,20,8,2039,Invierno
21082039,21,8,2039,Invierno
22082039,22,8,2039,Invierno
23082039,23,8,2039,Invierno
24082039,24,8,2039,Invierno
25082039,25,8,2039,Invierno
26082039,26,8,2039,Invierno
27082039,27,8,2039,Invierno
28082039,28,8,2039,Invierno
29082039,29,8,2039,Invierno
30082039,30,8,2039,Invierno
31082039,31,8,2039,Invierno
1092039,1,9,2039,Primavera
2092039,2,9,2039,Primavera
3092039,3,9,2039,Primavera
4092039,4,9,2039,Primavera
5092039,5,9,2039,Primavera
6092039,6,9,2039,Primavera
7092039,7,9,2039,Primavera
8092039,8,9,2039,Primavera
9092039,9,9,2039,Primavera
10092039,10,9,2039,Primavera
11092039,11,9,2039,Primavera
12092039,12,9,2039,Primavera
13092039,13,9,2039,Primavera
14092039,14,9,2039,Primavera
15092039,15,9,2039,Primavera
16092039,16,9,2039,Primavera
17092039,17,9,2039,Primavera
18092039,18,9,2039,Primavera
19092039,19,9,2039,Primavera
20092039,20,9,2039,Primavera
21092039,21,9,2039,Primavera
22092039,22,9,2039,Primavera
23092039,23,9,2039,Primavera
24092039,24,9,2039,Primavera
25092039,25,9,2039,Primavera
26092039,26,9,2039,Primavera
27092039,27,9,2039,Primavera
28092039,28,9,2039,Primavera
29092039,29,9,2039,Primavera
30092039,30,9,2039,Primavera
1102039,1,10,2039,Primavera
2102039,2,10,2039,Primavera
3102039,3,10,2039,Primavera
4102039,4,10,2039,Primavera
5102039,5,10,2039,Primavera
6102039,6,10,2039,Primavera
7102039,7,10,2039,Primavera
8102039,8,10,2039,Primavera
9102039,9,10,2039,Primavera
10102039,10,10,2039,Primavera
11102039,11,10,2039,Primavera
12102039,12,10,2039,Primavera
13102039,13,10,2039,Primavera
14102039,14,10,2039,Primavera
15102039,15,10,2039,Primavera
16102039,16,10,2039,Primavera
17102039,17,10,2039,Primavera
18102039,18,10,2039,Primavera
19102039,19,10,2039,Primavera
20102039,20,10,2039,Primavera
21102039,21,10,2039,Primavera
22102039,22,10,2039,Primavera
23102039,23,10,2039,Primavera
24102039,24,10,2039,Primavera
25102039,25,10,2039,Primavera
26102039,26,10,2039,Primavera
27102039,27,10,2039,Primavera
28102039,28,10,2039,Primavera
29102039,29,10,2039,Primavera
30102039,30,10,2039,Primavera
31102039,31,10,2039,Primavera
1112039,1,11,2039,Primavera
2112039,2,11,2039,Primavera
3112039,3,11,2039,Primavera
4112039,4,11,2039,Primavera
5112039,5,11,2039,Primavera
6112039,6,11,2039,Primavera
7112039,7,11,2039,Primavera
8112039,8,11,2039,Primavera
9112039,9,11,2039,Primavera
10112039,10,11,2039,Primavera
11112039,11,11,2039,Primavera
12112039,12,11,2039,Primavera
13112039,13,11,2039,Primavera
14112039,14,11,2039,Primavera
15112039,15,11,2039,Primavera
16112039,16,11,2039,Primavera
17112039,17,11,2039,Primavera
18112039,18,11,2039,Primavera
19112039,19,11,2039,Primavera
20112039,20,11,2039,Primavera
21112039,21,11,2039,Primavera
22112039,22,11,2039,Primavera
23112039,23,11,2039,Primavera
24112039,24,11,2039,Primavera
25112039,25,11,2039,Primavera
26112039,26,11,2039,Primavera
27112039,27,11,2039,Primavera
28112039,28,11,2039,Primavera
29112039,29,11,2039,Primavera
30112039,30,11,2039,Primavera
1122039,1,12,2039,Verano
2122039,2,12,2039,Verano
3122039,3,12,2039,Verano
4122039,4,12,2039,Verano
5122039,5,12,2039,Verano
6122039,6,12,2039,Verano
7122039,7,12,2039,Verano
8122039,8,12,2039,Verano
9122039,9,12,2039,Verano
10122039,10,12,2039,Verano
11122039,11,12,2039,Verano
12122039,12,12,2039,Verano
13122039,13,12,2039,Verano
14122039,14,12,2039,Verano
15122039,15,12,2039,Verano
16122039,16,12,2039,Verano
17122039,17,12,2039,Verano
18122039,18,12,2039,Verano
19122039,19,12,2039,Verano
20122039,20,12,2039,Verano
21122039,21,12,2039,Verano
22122039,22,12,2039,Verano
23122039,23,12,2039,Verano
24122039,24,12,2039,Verano
25122039,25,12,2039,Verano
26122039,26,12,2039,Verano
27122039,27,12,2039,Verano
28122039,28,12,2039,Verano
29122039,29,12,2039,Verano
30122039,30,12,2039,Verano
31122039,31,12,2039,Verano
1012040,1,1,2040,Verano
2012040,2,1,2040,Verano
3012040,3,1,2040,Verano
4012040,4,1,2040,Verano
5012040,5,1,2040,Verano
6012040,6,1,2040,Verano
7012040,7,1,2040,Verano
8012040,8,1,2040,Verano
9012040,9,1,2040,Verano
10012040,10,1,2040,Verano
11012040,11,1,2040,Verano
12012040,12,1,2040,Verano
13012040,13,1,2040,Verano
14012040,14,1,2040,Verano
15012040,15,1,2040,Verano
16012040,16,1,2040,Verano
17012040,17,1,2040,Verano
18012040,18,1,2040,Verano
19012040,19,1,2040,Verano
20012040,20,1,2040,Verano
21012040,21,1,2040,Verano
22012040,22,1,2040,Verano
23012040,23,1,2040,Verano
24012040,24,1,2040,Verano
25012040,25,1,2040,Verano
26012040,26,1,2040,Verano
27012040,27,1,2040,Verano
28012040,28,1,2040,Verano
29012040,29,1,2040,Verano
30012040,30,1,2040,Verano
31012040,31,1,2040,Verano
1022040,1,2,2040,Verano
2022040,2,2,2040,Verano
3022040,3,2,2040,Verano
4022040,4,2,2040,Verano
5022040,5,2,2040,Verano
6022040,6,2,2040,Verano
7022040,7,2,2040,Verano
8022040,8,2,2040,Verano
9022040,9,2,2040,Verano
10022040,10,2,2040,Verano
11022040,11,2,2040,Verano
12022040,12,2,2040,Verano
13022040,13,2,2040,Verano
14022040,14,2,2040,Verano
15022040,15,2,2040,Verano
16022040,16,2,2040,Verano
17022040,17,2,2040,Verano
18022040,18,2,2040,Verano
19022040,19,2,2040,Verano
20022040,20,2,2040,Verano
21022040,21,2,2040,Verano
22022040,22,2,2040,Verano
23022040,23,2,2040,Verano
24022040,24,2,2040,Verano
25022040,25,2,2040,Verano
26022040,26,2,2040,Verano
27022040,27,2,2040,Verano
28022040,28,2,2040,Verano
29022040,29,2,2040,Verano
1032040,1,3,2040,Otoño
2032040,2,3,2040,Otoño
3032040,3,3,2040,Otoño
4032040,4,3,2040,Otoño
5032040,5,3,2040,Otoño
6032040,6,3,2040,Otoño
7032040,7,3,2040,Otoño
8032040,8,3,2040,Otoño
9032040,9,3,2040,Otoño
10032040,10,3,2040,Otoño
11032040,11,3,2040,Otoño
12032040,12,3,2040,Otoño
13032040,13,3,2040,Otoño
14032040,14,3,2040,Otoño
15032040,15,3,2040,Otoño
16032040,16,3,2040,Otoño
17032040,17,3,2040,Otoño
18032040,18,3,2040,Otoño
19032040,19,3,2040,Otoño
20032040,20,3,2040,Otoño
21032040,21,3,2040,Otoño
22032040,22,3,2040,Otoño
23032040,23,3,2040,Otoño
24032040,24,3,2040,Otoño
25032040,25,3,2040,Otoño
26032040,26,3,2040,Otoño
27032040,27,3,2040,Otoño
28032040,28,3,2040,Otoño
29032040,29,3,2040,Otoño
30032040,30,3,2040,Otoño
31032040,31,3,2040,Otoño
1042040,1,4,2040,Otoño
2042040,2,4,2040,Otoño
3042040,3,4,2040,Otoño
4042040,4,4,2040,Otoño
5042040,5,4,2040,Otoño
6042040,6,4,2040,Otoño
7042040,7,4,2040,Otoño
8042040,8,4,2040,Otoño
9042040,9,4,2040,Otoño
10042040,10,4,2040,Otoño
11042040,11,4,2040,Otoño
12042040,12,4,2040,Otoño
13042040,13,4,2040,Otoño
14042040,14,4,2040,Otoño
15042040,15,4,2040,Otoño
16042040,16,4,2040,Otoño
17042040,17,4,2040,Otoño
18042040,18,4,2040,Otoño
19042040,19,4,2040,Otoño
20042040,20,4,2040,Otoño
21042040,21,4,2040,Otoño
22042040,22,4,2040,Otoño
23042040,23,4,2040,Otoño
24042040,24,4,2040,Otoño
25042040,25,4,2040,Otoño
26042040,26,4,2040,Otoño
27042040,27,4,2040,Otoño
28042040,28,4,2040,Otoño
29042040,29,4,2040,Otoño
30042040,30,4,2040,Otoño
1052040,1,5,2040,Otoño
2052040,2,5,2040,Otoño
3052040,3,5,2040,Otoño
4052040,4,5,2040,Otoño
5052040,5,5,2040,Otoño
6052040,6,5,2040,Otoño
7052040,7,5,2040,Otoño
8052040,8,5,2040,Otoño
9052040,9,5,2040,Otoño
10052040,10,5,2040,Otoño
11052040,11,5,2040,Otoño
12052040,12,5,2040,Otoño
13052040,13,5,2040,Otoño
14052040,14,5,2040,Otoño
15052040,15,5,2040,Otoño
16052040,16,5,2040,Otoño
17052040,17,5,2040,Otoño
18052040,18,5,2040,Otoño
19052040,19,5,2040,Otoño
20052040,20,5,2040,Otoño
21052040,21,5,2040,Otoño
22052040,22,5,2040,Otoño
23052040,23,5,2040,Otoño
24052040,24,5,2040,Otoño
25052040,25,5,2040,Otoño
26052040,26,5,2040,Otoño
27052040,27,5,2040,Otoño
28052040,28,5,2040,Otoño
29052040,29,5,2040,Otoño
30052040,30,5,2040,Otoño
31052040,31,5,2040,Otoño
1062040,1,6,2040,Invierno
2062040,2,6,2040,Invierno
3062040,3,6,2040,Invierno
4062040,4,6,2040,Invierno
5062040,5,6,2040,Invierno
6062040,6,6,2040,Invierno
7062040,7,6,2040,Invierno
8062040,8,6,2040,Invierno
9062040,9,6,2040,Invierno
10062040,10,6,2040,Invierno
11062040,11,6,2040,Invierno
12062040,12,6,2040,Invierno
13062040,13,6,2040,Invierno
14062040,14,6,2040,Invierno
15062040,15,6,2040,Invierno
16062040,16,6,2040,Invierno
17062040,17,6,2040,Invierno
18062040,18,6,2040,Invierno
19062040,19,6,2040,Invierno
20062040,20,6,2040,Invierno
21062040,21,6,2040,Invierno
22062040,22,6,2040,Invierno
23062040,23,6,2040,Invierno
24062040,24,6,2040,Invierno
25062040,25,6,2040,Invierno
26062040,26,6,2040,Invierno
27062040,27,6,2040,Invierno
28062040,28,6,2040,Invierno
29062040,29,6,2040,Invierno
30062040,30,6,2040,Invierno
1072040,1,7,2040,Invierno
2072040,2,7,2040,Invierno
3072040,3,7,2040,Invierno
4072040,4,7,2040,Invierno
5072040,5,7,2040,Invierno
6072040,6,7,2040,Invierno
7072040,7,7,2040,Invierno
8072040,8,7,2040,Invierno
9072040,9,7,2040,Invierno
10072040,10,7,2040,Invierno
11072040,11,7,2040,Invierno
12072040,12,7,2040,Invierno
13072040,13,7,2040,Invierno
14072040,14,7,2040,Invierno
15072040,15,7,2040,Invierno
16072040,16,7,2040,Invierno
17072040,17,7,2040,Invierno
18072040,18,7,2040,Invierno
19072040,19,7,2040,Invierno
20072040,20,7,2040,Invierno
21072040,21,7,2040,Invierno
22072040,22,7,2040,Invierno
23072040,23,7,2040,Invierno
24072040,24,7,2040,Invierno
25072040,25,7,2040,Invierno
26072040,26,7,2040,Invierno
27072040,27,7,2040,Invierno
28072040,28,7,2040,Invierno
29072040,29,7,2040,Invierno
30072040,30,7,2040,Invierno
31072040,31,7,2040,Invierno
1082040,1,8,2040,Invierno
2082040,2,8,2040,Invierno
3082040,3,8,2040,Invierno
4082040,4,8,2040,Invierno
5082040,5,8,2040,Invierno
6082040,6,8,2040,Invierno
7082040,7,8,2040,Invierno
8082040,8,8,2040,Invierno
9082040,9,8,2040,Invierno
10082040,10,8,2040,Invierno
11082040,11,8,2040,Invierno
12082040,12,8,2040,Invierno
13082040,13,8,2040,Invierno
14082040,14,8,2040,Invierno
15082040,15,8,2040,Invierno
16082040,16,8,2040,Invierno
17082040,17,8,2040,Invierno
18082040,18,8,2040,Invierno
19082040,19,8,2040,Invierno
20082040,20,8,2040,Invierno
21082040,21,8,2040,Invierno
22082040,22,8,2040,Invierno
23082040,23,8,2040,Invierno
24082040,24,8,2040,Invierno
25082040,25,8,2040,Invierno
26082040,26,8,2040,Invierno
27082040,27,8,2040,Invierno
28082040,28,8,2040,Invierno
29082040,29,8,2040,Invierno
30082040,30,8,2040,Invierno
31082040,31,8,2040,Invierno
1092040,1,9,2040,Primavera
2092040,2,9,2040,Primavera
3092040,3,9,2040,Primavera
4092040,4,9,2040,Primavera
5092040,5,9,2040,Primavera
6092040,6,9,2040,Primavera
7092040,7,9,2040,Primavera
8092040,8,9,2040,Primavera
9092040,9,9,2040,Primavera
10092040,10,9,2040,Primavera
11092040,11,9,2040,Primavera
12092040,12,9,2040,Primavera
13092040,13,9,2040,Primavera
14092040,14,9,2040,Primavera
15092040,15,9,2040,Primavera
16092040,16,9,2040,Primavera
17092040,17,9,2040,Primavera
18092040,18,9,2040,Primavera
19092040,19,9,2040,Primavera
20092040,20,9,2040,Primavera
21092040,21,9,2040,Primavera
22092040,22,9,2040,Primavera
23092040,23,9,2040,Primavera
24092040,24,9,2040,Primavera
25092040,25,9,2040,Primavera
26092040,26,9,2040,Primavera
27092040,27,9,2040,Primavera
28092040,28,9,2040,Primavera
29092040,29,9,2040,Primavera
30092040,30,9,2040,Primavera
1102040,1,10,2040,Primavera
2102040,2,10,2040,Primavera
3102040,3,10,2040,Primavera
4102040,4,10,2040,Primavera
5102040,5,10,2040,Primavera
6102040,6,10,2040,Primavera
7102040,7,10,2040,Primavera
8102040,8,10,2040,Primavera
9102040,9,10,2040,Primavera
10102040,10,10,2040,Primavera
11102040,11,10,2040,Primavera
12102040,12,10,2040,Primavera
13102040,13,10,2040,Primavera
14102040,14,10,2040,Primavera
15102040,15,10,2040,Primavera
16102040,16,10,2040,Primavera
17102040,17,10,2040,Primavera
18102040,18,10,2040,Primavera
19102040,19,10,2040,Primavera
20102040,20,10,2040,Primavera
21102040,21,10,2040,Primavera
22102040,22,10,2040,Primavera
23102040,23,10,2040,Primavera
24102040,24,10,2040,Primavera
25102040,25,10,2040,Primavera
26102040,26,10,2040,Primavera
27102040,27,10,2040,Primavera
28102040,28,10,2040,Primavera
29102040,29,10,2040,Primavera
30102040,30,10,2040,Primavera
31102040,31,10,2040,Primavera
1112040,1,11,2040,Primavera
2112040,2,11,2040,Primavera
3112040,3,11,2040,Primavera
4112040,4,11,2040,Primavera
5112040,5,11,2040,Primavera
6112040,6,11,2040,Primavera
7112040,7,11,2040,Primavera
8112040,8,11,2040,Primavera
9112040,9,11,2040,Primavera
10112040,10,11,2040,Primavera
11112040,11,11,2040,Primavera
12112040,12,11,2040,Primavera
13112040,13,11,2040,Primavera
14112040,14,11,2040,Primavera
15112040,15,11,2040,Primavera
16112040,16,11,2040,Primavera
17112040,17,11,2040,Primavera
18112040,18,11,2040,Primavera
19112040,19,11,2040,Primavera
20112040,20,11,2040,Primavera
21112040,21,11,2040,Primavera
22112040,22,11,2040,Primavera
23112040,23,11,2040,Primavera
24112040,24,11,2040,Primavera
25112040,25,11,2040,Primavera
26112040,26,11,2040,Primavera
27112040,27,11,2040,Primavera
28112040,28,11,2040,Primavera
29112040,29,11,2040,Primavera
30112040,30,11,2040,Primavera
1122040,1,12,2040,Verano
2122040,2,12,2040,Verano
3122040,3,12,2040,Verano
4122040,4,12,2040,Verano
5122040,5,12,2040,Verano
6122040,6,12,2040,Verano
7122040,7,12,2040,Verano
8122040,8,12,2040,Verano
9122040,9,12,2040,Verano
10122040,10,12,2040,Verano
11122040,11,12,2040,Verano
12122040,12,12,2040,Verano
13122040,13,12,2040,Verano
14122040,14,12,2040,Verano
15122040,15,12,2040,Verano
16122040,16,12,2040,Verano
17122040,17,12,2040,Verano
18122040,18,12,2040,Verano
19122040,19,12,2040,Verano
20122040,20,12,2040,Verano
21122040,21,12,2040,Verano
22122040,22,12,2040,Verano
23122040,23,12,2040,Verano
24122040,24,12,2040,Verano
25122040,25,12,2040,Verano
26122040,26,12,2040,Verano
27122040,27,12,2040,Verano
28122040,28,12,2040,Verano
29122040,29,12,2040,Verano
30122040,30,12,2040,Verano
31122040,31,12,2040,Verano
1012041,1,1,2041,Verano
2012041,2,1,2041,Verano
3012041,3,1,2041,Verano
4012041,4,1,2041,Verano
5012041,5,1,2041,Verano
6012041,6,1,2041,Verano
7012041,7,1,2041,Verano
8012041,8,1,2041,Verano
9012041,9,1,2041,Verano
10012041,10,1,2041,Verano
11012041,11,1,2041,Verano
12012041,12,1,2041,Verano
13012041,13,1,2041,Verano
14012041,14,1,2041,Verano
15012041,15,1,2041,Verano
16012041,16,1,2041,Verano
17012041,17,1,2041,Verano
18012041,18,1,2041,Verano
19012041,19,1,2041,Verano
20012041,20,1,2041,Verano
21012041,21,1,2041,Verano
22012041,22,1,2041,Verano
23012041,23,1,2041,Verano
24012041,24,1,2041,Verano
25012041,25,1,2041,Verano
26012041,26,1,2041,Verano
27012041,27,1,2041,Verano
28012041,28,1,2041,Verano
29012041,29,1,2041,Verano
30012041,30,1,2041,Verano
31012041,31,1,2041,Verano
1022041,1,2,2041,Verano
2022041,2,2,2041,Verano
3022041,3,2,2041,Verano
4022041,4,2,2041,Verano
5022041,5,2,2041,Verano
6022041,6,2,2041,Verano
7022041,7,2,2041,Verano
8022041,8,2,2041,Verano
9022041,9,2,2041,Verano
10022041,10,2,2041,Verano
11022041,11,2,2041,Verano
12022041,12,2,2041,Verano
13022041,13,2,2041,Verano
14022041,14,2,2041,Verano
15022041,15,2,2041,Verano
16022041,16,2,2041,Verano
17022041,17,2,2041,Verano
18022041,18,2,2041,Verano
19022041,19,2,2041,Verano
20022041,20,2,2041,Verano
21022041,21,2,2041,Verano
22022041,22,2,2041,Verano
23022041,23,2,2041,Verano
24022041,24,2,2041,Verano
25022041,25,2,2041,Verano
26022041,26,2,2041,Verano
27022041,27,2,2041,Verano
28022041,28,2,2041,Verano
1032041,1,3,2041,Otoño
2032041,2,3,2041,Otoño
3032041,3,3,2041,Otoño
4032041,4,3,2041,Otoño
5032041,5,3,2041,Otoño
6032041,6,3,2041,Otoño
7032041,7,3,2041,Otoño
8032041,8,3,2041,Otoño
9032041,9,3,2041,Otoño
10032041,10,3,2041,Otoño
11032041,11,3,2041,Otoño
12032041,12,3,2041,Otoño
13032041,13,3,2041,Otoño
14032041,14,3,2041,Otoño
15032041,15,3,2041,Otoño
16032041,16,3,2041,Otoño
17032041,17,3,2041,Otoño
18032041,18,3,2041,Otoño
19032041,19,3,2041,Otoño
20032041,20,3,2041,Otoño
21032041,21,3,2041,Otoño
22032041,22,3,2041,Otoño
23032041,23,3,2041,Otoño
24032041,24,3,2041,Otoño
25032041,25,3,2041,Otoño
26032041,26,3,2041,Otoño
27032041,27,3,2041,Otoño
28032041,28,3,2041,Otoño
29032041,29,3,2041,Otoño
30032041,30,3,2041,Otoño
31032041,31,3,2041,Otoño
1042041,1,4,2041,Otoño
2042041,2,4,2041,Otoño
3042041,3,4,2041,Otoño
4042041,4,4,2041,Otoño
5042041,5,4,2041,Otoño
6042041,6,4,2041,Otoño
7042041,7,4,2041,Otoño
8042041,8,4,2041,Otoño
9042041,9,4,2041,Otoño
10042041,10,4,2041,Otoño
11042041,11,4,2041,Otoño
12042041,12,4,2041,Otoño
13042041,13,4,2041,Otoño
14042041,14,4,2041,Otoño
15042041,15,4,2041,Otoño
16042041,16,4,2041,Otoño
17042041,17,4,2041,Otoño
18042041,18,4,2041,Otoño
19042041,19,4,2041,Otoño
20042041,20,4,2041,Otoño
21042041,21,4,2041,Otoño
22042041,22,4,2041,Otoño
23042041,23,4,2041,Otoño
24042041,24,4,2041,Otoño
25042041,25,4,2041,Otoño
26042041,26,4,2041,Otoño
27042041,27,4,2041,Otoño
28042041,28,4,2041,Otoño
29042041,29,4,2041,Otoño
30042041,30,4,2041,Otoño
1052041,1,5,2041,Otoño
2052041,2,5,2041,Otoño
3052041,3,5,2041,Otoño
4052041,4,5,2041,Otoño
5052041,5,5,2041,Otoño
6052041,6,5,2041,Otoño
7052041,7,5,2041,Otoño
8052041,8,5,2041,Otoño
9052041,9,5,2041,Otoño
10052041,10,5,2041,Otoño
11052041,11,5,2041,Otoño
12052041,12,5,2041,Otoño
13052041,13,5,2041,Otoño
14052041,14,5,2041,Otoño
15052041,15,5,2041,Otoño
16052041,16,5,2041,Otoño
17052041,17,5,2041,Otoño
18052041,18,5,2041,Otoño
19052041,19,5,2041,Otoño
20052041,20,5,2041,Otoño
21052041,21,5,2041,Otoño
22052041,22,5,2041,Otoño
23052041,23,5,2041,Otoño
24052041,24,5,2041,Otoño
25052041,25,5,2041,Otoño
26052041,26,5,2041,Otoño
27052041,27,5,2041,Otoño
28052041,28,5,2041,Otoño
29052041,29,5,2041,Otoño
30052041,30,5,2041,Otoño
31052041,31,5,2041,Otoño
1062041,1,6,2041,Invierno
2062041,2,6,2041,Invierno
3062041,3,6,2041,Invierno
4062041,4,6,2041,Invierno
5062041,5,6,2041,Invierno
6062041,6,6,2041,Invierno
7062041,7,6,2041,Invierno
8062041,8,6,2041,Invierno
9062041,9,6,2041,Invierno
10062041,10,6,2041,Invierno
11062041,11,6,2041,Invierno
12062041,12,6,2041,Invierno
13062041,13,6,2041,Invierno
14062041,14,6,2041,Invierno
15062041,15,6,2041,Invierno
16062041,16,6,2041,Invierno
17062041,17,6,2041,Invierno
18062041,18,6,2041,Invierno
19062041,19,6,2041,Invierno
20062041,20,6,2041,Invierno
21062041,21,6,2041,Invierno
22062041,22,6,2041,Invierno
23062041,23,6,2041,Invierno
24062041,24,6,2041,Invierno
25062041,25,6,2041,Invierno
26062041,26,6,2041,Invierno
27062041,27,6,2041,Invierno
28062041,28,6,2041,Invierno
29062041,29,6,2041,Invierno
30062041,30,6,2041,Invierno
1072041,1,7,2041,Invierno
2072041,2,7,2041,Invierno
3072041,3,7,2041,Invierno
4072041,4,7,2041,Invierno
5072041,5,7,2041,Invierno
6072041,6,7,2041,Invierno
7072041,7,7,2041,Invierno
8072041,8,7,2041,Invierno
9072041,9,7,2041,Invierno
10072041,10,7,2041,Invierno
11072041,11,7,2041,Invierno
12072041,12,7,2041,Invierno
13072041,13,7,2041,Invierno
14072041,14,7,2041,Invierno
15072041,15,7,2041,Invierno
16072041,16,7,2041,Invierno
17072041,17,7,2041,Invierno
18072041,18,7,2041,Invierno
19072041,19,7,2041,Invierno
20072041,20,7,2041,Invierno
21072041,21,7,2041,Invierno
22072041,22,7,2041,Invierno
23072041,23,7,2041,Invierno
24072041,24,7,2041,Invierno
25072041,25,7,2041,Invierno
26072041,26,7,2041,Invierno
27072041,27,7,2041,Invierno
28072041,28,7,2041,Invierno
29072041,29,7,2041,Invierno
30072041,30,7,2041,Invierno
31072041,31,7,2041,Invierno
1082041,1,8,2041,Invierno
2082041,2,8,2041,Invierno
3082041,3,8,2041,Invierno
4082041,4,8,2041,Invierno
5082041,5,8,2041,Invierno
6082041,6,8,2041,Invierno
7082041,7,8,2041,Invierno
8082041,8,8,2041,Invierno
9082041,9,8,2041,Invierno
10082041,10,8,2041,Invierno
11082041,11,8,2041,Invierno
12082041,12,8,2041,Invierno
13082041,13,8,2041,Invierno
14082041,14,8,2041,Invierno
15082041,15,8,2041,Invierno
16082041,16,8,2041,Invierno
17082041,17,8,2041,Invierno
18082041,18,8,2041,Invierno
19082041,19,8,2041,Invierno
20082041,20,8,2041,Invierno
21082041,21,8,2041,Invierno
22082041,22,8,2041,Invierno
23082041,23,8,2041,Invierno
24082041,24,8,2041,Invierno
25082041,25,8,2041,Invierno
26082041,26,8,2041,Invierno
27082041,27,8,2041,Invierno
28082041,28,8,2041,Invierno
29082041,29,8,2041,Invierno
30082041,30,8,2041,Invierno
31082041,31,8,2041,Invierno
1092041,1,9,2041,Primavera
2092041,2,9,2041,Primavera
3092041,3,9,2041,Primavera
4092041,4,9,2041,Primavera
5092041,5,9,2041,Primavera
6092041,6,9,2041,Primavera
7092041,7,9,2041,Primavera
8092041,8,9,2041,Primavera
9092041,9,9,2041,Primavera
10092041,10,9,2041,Primavera
11092041,11,9,2041,Primavera
12092041,12,9,2041,Primavera
13092041,13,9,2041,Primavera
14092041,14,9,2041,Primavera
15092041,15,9,2041,Primavera
16092041,16,9,2041,Primavera
17092041,17,9,2041,Primavera
18092041,18,9,2041,Primavera
19092041,19,9,2041,Primavera
20092041,20,9,2041,Primavera
21092041,21,9,2041,Primavera
22092041,22,9,2041,Primavera
23092041,23,9,2041,Primavera
24092041,24,9,2041,Primavera
25092041,25,9,2041,Primavera
26092041,26,9,2041,Primavera
27092041,27,9,2041,Primavera
28092041,28,9,2041,Primavera
29092041,29,9,2041,Primavera
30092041,30,9,2041,Primavera
1102041,1,10,2041,Primavera
2102041,2,10,2041,Primavera
3102041,3,10,2041,Primavera
4102041,4,10,2041,Primavera
5102041,5,10,2041,Primavera
6102041,6,10,2041,Primavera
7102041,7,10,2041,Primavera
8102041,8,10,2041,Primavera
9102041,9,10,2041,Primavera
10102041,10,10,2041,Primavera
11102041,11,10,2041,Primavera
12102041,12,10,2041,Primavera
13102041,13,10,2041,Primavera
14102041,14,10,2041,Primavera
15102041,15,10,2041,Primavera
16102041,16,10,2041,Primavera
17102041,17,10,2041,Primavera
18102041,18,10,2041,Primavera
19102041,19,10,2041,Primavera
20102041,20,10,2041,Primavera
21102041,21,10,2041,Primavera
22102041,22,10,2041,Primavera
23102041,23,10,2041,Primavera
24102041,24,10,2041,Primavera
25102041,25,10,2041,Primavera
26102041,26,10,2041,Primavera
27102041,27,10,2041,Primavera
28102041,28,10,2041,Primavera
29102041,29,10,2041,Primavera
30102041,30,10,2041,Primavera
31102041,31,10,2041,Primavera
1112041,1,11,2041,Primavera
2112041,2,11,2041,Primavera
3112041,3,11,2041,Primavera
4112041,4,11,2041,Primavera
5112041,5,11,2041,Primavera
6112041,6,11,2041,Primavera
7112041,7,11,2041,Primavera
8112041,8,11,2041,Primavera
9112041,9,11,2041,Primavera
10112041,10,11,2041,Primavera
11112041,11,11,2041,Primavera
12112041,12,11,2041,Primavera
13112041,13,11,2041,Primavera
14112041,14,11,2041,Primavera
15112041,15,11,2041,Primavera
16112041,16,11,2041,Primavera
17112041,17,11,2041,Primavera
18112041,18,11,2041,Primavera
19112041,19,11,2041,Primavera
20112041,20,11,2041,Primavera
21112041,21,11,2041,Primavera
22112041,22,11,2041,Primavera
23112041,23,11,2041,Primavera
24112041,24,11,2041,Primavera
25112041,25,11,2041,Primavera
26112041,26,11,2041,Primavera
27112041,27,11,2041,Primavera
28112041,28,11,2041,Primavera
29112041,29,11,2041,Primavera
30112041,30,11,2041,Primavera
1122041,1,12,2041,Verano
2122041,2,12,2041,Verano
3122041,3,12,2041,Verano
4122041,4,12,2041,Verano
5122041,5,12,2041,Verano
6122041,6,12,2041,Verano
7122041,7,12,2041,Verano
8122041,8,12,2041,Verano
9122041,9,12,2041,Verano
10122041,10,12,2041,Verano
11122041,11,12,2041,Verano
12122041,12,12,2041,Verano
13122041,13,12,2041,Verano
14122041,14,12,2041,Verano
15122041,15,12,2041,Verano
16122041,16,12,2041,Verano
17122041,17,12,2041,Verano
18122041,18,12,2041,Verano
19122041,19,12,2041,Verano
20122041,20,12,2041,Verano
21122041,21,12,2041,Verano
22122041,22,12,2041,Verano
23122041,23,12,2041,Verano
24122041,24,12,2041,Verano
25122041,25,12,2041,Verano
26122041,26,12,2041,Verano
27122041,27,12,2041,Verano
28122041,28,12,2041,Verano
29122041,29,12,2041,Verano
30122041,30,12,2041,Verano
31122041,31,12,2041,Verano
1012042,1,1,2042,Verano
2012042,2,1,2042,Verano
3012042,3,1,2042,Verano
4012042,4,1,2042,Verano
5012042,5,1,2042,Verano
6012042,6,1,2042,Verano
7012042,7,1,2042,Verano
8012042,8,1,2042,Verano
9012042,9,1,2042,Verano
10012042,10,1,2042,Verano
11012042,11,1,2042,Verano
12012042,12,1,2042,Verano
13012042,13,1,2042,Verano
14012042,14,1,2042,Verano
15012042,15,1,2042,Verano
16012042,16,1,2042,Verano
17012042,17,1,2042,Verano
18012042,18,1,2042,Verano
19012042,19,1,2042,Verano
20012042,20,1,2042,Verano
21012042,21,1,2042,Verano
22012042,22,1,2042,Verano
23012042,23,1,2042,Verano
24012042,24,1,2042,Verano
25012042,25,1,2042,Verano
26012042,26,1,2042,Verano
27012042,27,1,2042,Verano
28012042,28,1,2042,Verano
29012042,29,1,2042,Verano
30012042,30,1,2042,Verano
31012042,31,1,2042,Verano
1022042,1,2,2042,Verano
2022042,2,2,2042,Verano
3022042,3,2,2042,Verano
4022042,4,2,2042,Verano
5022042,5,2,2042,Verano
6022042,6,2,2042,Verano
7022042,7,2,2042,Verano
8022042,8,2,2042,Verano
9022042,9,2,2042,Verano
10022042,10,2,2042,Verano
11022042,11,2,2042,Verano
12022042,12,2,2042,Verano
13022042,13,2,2042,Verano
14022042,14,2,2042,Verano
15022042,15,2,2042,Verano
16022042,16,2,2042,Verano
17022042,17,2,2042,Verano
18022042,18,2,2042,Verano
19022042,19,2,2042,Verano
20022042,20,2,2042,Verano
21022042,21,2,2042,Verano
22022042,22,2,2042,Verano
23022042,23,2,2042,Verano
24022042,24,2,2042,Verano
25022042,25,2,2042,Verano
26022042,26,2,2042,Verano
27022042,27,2,2042,Verano
28022042,28,2,2042,Verano
1032042,1,3,2042,Otoño
2032042,2,3,2042,Otoño
3032042,3,3,2042,Otoño
4032042,4,3,2042,Otoño
5032042,5,3,2042,Otoño
6032042,6,3,2042,Otoño
7032042,7,3,2042,Otoño
8032042,8,3,2042,Otoño
9032042,9,3,2042,Otoño
10032042,10,3,2042,Otoño
11032042,11,3,2042,Otoño
12032042,12,3,2042,Otoño
13032042,13,3,2042,Otoño
14032042,14,3,2042,Otoño
15032042,15,3,2042,Otoño
16032042,16,3,2042,Otoño
17032042,17,3,2042,Otoño
18032042,18,3,2042,Otoño
19032042,19,3,2042,Otoño
20032042,20,3,2042,Otoño
21032042,21,3,2042,Otoño
22032042,22,3,2042,Otoño
23032042,23,3,2042,Otoño
24032042,24,3,2042,Otoño
25032042,25,3,2042,Otoño
26032042,26,3,2042,Otoño
27032042,27,3,2042,Otoño
28032042,28,3,2042,Otoño
29032042,29,3,2042,Otoño
30032042,30,3,2042,Otoño
31032042,31,3,2042,Otoño
1042042,1,4,2042,Otoño
2042042,2,4,2042,Otoño
3042042,3,4,2042,Otoño
4042042,4,4,2042,Otoño
5042042,5,4,2042,Otoño
6042042,6,4,2042,Otoño
7042042,7,4,2042,Otoño
8042042,8,4,2042,Otoño
9042042,9,4,2042,Otoño
10042042,10,4,2042,Otoño
11042042,11,4,2042,Otoño
12042042,12,4,2042,Otoño
13042042,13,4,2042,Otoño
14042042,14,4,2042,Otoño
15042042,15,4,2042,Otoño
16042042,16,4,2042,Otoño
17042042,17,4,2042,Otoño
18042042,18,4,2042,Otoño
19042042,19,4,2042,Otoño
20042042,20,4,2042,Otoño
21042042,21,4,2042,Otoño
22042042,22,4,2042,Otoño
23042042,23,4,2042,Otoño
24042042,24,4,2042,Otoño
25042042,25,4,2042,Otoño
26042042,26,4,2042,Otoño
27042042,27,4,2042,Otoño
28042042,28,4,2042,Otoño
29042042,29,4,2042,Otoño
30042042,30,4,2042,Otoño
1052042,1,5,2042,Otoño
2052042,2,5,2042,Otoño
3052042,3,5,2042,Otoño
4052042,4,5,2042,Otoño
5052042,5,5,2042,Otoño
6052042,6,5,2042,Otoño
7052042,7,5,2042,Otoño
8052042,8,5,2042,Otoño
9052042,9,5,2042,Otoño
10052042,10,5,2042,Otoño
11052042,11,5,2042,Otoño
12052042,12,5,2042,Otoño
13052042,13,5,2042,Otoño
14052042,14,5,2042,Otoño
15052042,15,5,2042,Otoño
16052042,16,5,2042,Otoño
17052042,17,5,2042,Otoño
18052042,18,5,2042,Otoño
19052042,19,5,2042,Otoño
20052042,20,5,2042,Otoño
21052042,21,5,2042,Otoño
22052042,22,5,2042,Otoño
23052042,23,5,2042,Otoño
24052042,24,5,2042,Otoño
25052042,25,5,2042,Otoño
26052042,26,5,2042,Otoño
27052042,27,5,2042,Otoño
28052042,28,5,2042,Otoño
29052042,29,5,2042,Otoño
30052042,30,5,2042,Otoño
31052042,31,5,2042,Otoño
1062042,1,6,2042,Invierno
2062042,2,6,2042,Invierno
3062042,3,6,2042,Invierno
4062042,4,6,2042,Invierno
5062042,5,6,2042,Invierno
6062042,6,6,2042,Invierno
7062042,7,6,2042,Invierno
8062042,8,6,2042,Invierno
9062042,9,6,2042,Invierno
10062042,10,6,2042,Invierno
11062042,11,6,2042,Invierno
12062042,12,6,2042,Invierno
13062042,13,6,2042,Invierno
14062042,14,6,2042,Invierno
15062042,15,6,2042,Invierno
16062042,16,6,2042,Invierno
17062042,17,6,2042,Invierno
18062042,18,6,2042,Invierno
19062042,19,6,2042,Invierno
20062042,20,6,2042,Invierno
21062042,21,6,2042,Invierno
22062042,22,6,2042,Invierno
23062042,23,6,2042,Invierno
24062042,24,6,2042,Invierno
25062042,25,6,2042,Invierno
26062042,26,6,2042,Invierno
27062042,27,6,2042,Invierno
28062042,28,6,2042,Invierno
29062042,29,6,2042,Invierno
30062042,30,6,2042,Invierno
1072042,1,7,2042,Invierno
2072042,2,7,2042,Invierno
3072042,3,7,2042,Invierno
4072042,4,7,2042,Invierno
5072042,5,7,2042,Invierno
6072042,6,7,2042,Invierno
7072042,7,7,2042,Invierno
8072042,8,7,2042,Invierno
9072042,9,7,2042,Invierno
10072042,10,7,2042,Invierno
11072042,11,7,2042,Invierno
12072042,12,7,2042,Invierno
13072042,13,7,2042,Invierno
14072042,14,7,2042,Invierno
15072042,15,7,2042,Invierno
16072042,16,7,2042,Invierno
17072042,17,7,2042,Invierno
18072042,18,7,2042,Invierno
19072042,19,7,2042,Invierno
20072042,20,7,2042,Invierno
21072042,21,7,2042,Invierno
22072042,22,7,2042,Invierno
23072042,23,7,2042,Invierno
24072042,24,7,2042,Invierno
25072042,25,7,2042,Invierno
26072042,26,7,2042,Invierno
27072042,27,7,2042,Invierno
28072042,28,7,2042,Invierno
29072042,29,7,2042,Invierno
30072042,30,7,2042,Invierno
31072042,31,7,2042,Invierno
1082042,1,8,2042,Invierno
2082042,2,8,2042,Invierno
3082042,3,8,2042,Invierno
4082042,4,8,2042,Invierno
5082042,5,8,2042,Invierno
6082042,6,8,2042,Invierno
7082042,7,8,2042,Invierno
8082042,8,8,2042,Invierno
9082042,9,8,2042,Invierno
10082042,10,8,2042,Invierno
11082042,11,8,2042,Invierno
12082042,12,8,2042,Invierno
13082042,13,8,2042,Invierno
14082042,14,8,2042,Invierno
15082042,15,8,2042,Invierno
16082042,16,8,2042,Invierno
17082042,17,8,2042,Invierno
18082042,18,8,2042,Invierno
19082042,19,8,2042,Invierno
20082042,20,8,2042,Invierno
21082042,21,8,2042,Invierno
22082042,22,8,2042,Invierno
23082042,23,8,2042,Invierno
24082042,24,8,2042,Invierno
25082042,25,8,2042,Invierno
26082042,26,8,2042,Invierno
27082042,27,8,2042,Invierno
28082042,28,8,2042,Invierno
29082042,29,8,2042,Invierno
30082042,30,8,2042,Invierno
31082042,31,8,2042,Invierno
1092042,1,9,2042,Primavera
2092042,2,9,2042,Primavera
3092042,3,9,2042,Primavera
4092042,4,9,2042,Primavera
5092042,5,9,2042,Primavera
6092042,6,9,2042,Primavera
7092042,7,9,2042,Primavera
8092042,8,9,2042,Primavera
9092042,9,9,2042,Primavera
10092042,10,9,2042,Primavera
11092042,11,9,2042,Primavera
12092042,12,9,2042,Primavera
13092042,13,9,2042,Primavera
14092042,14,9,2042,Primavera
15092042,15,9,2042,Primavera
16092042,16,9,2042,Primavera
17092042,17,9,2042,Primavera
18092042,18,9,2042,Primavera
19092042,19,9,2042,Primavera
20092042,20,9,2042,Primavera
21092042,21,9,2042,Primavera
22092042,22,9,2042,Primavera
23092042,23,9,2042,Primavera
24092042,24,9,2042,Primavera
25092042,25,9,2042,Primavera
26092042,26,9,2042,Primavera
27092042,27,9,2042,Primavera
28092042,28,9,2042,Primavera
29092042,29,9,2042,Primavera
30092042,30,9,2042,Primavera
1102042,1,10,2042,Primavera
2102042,2,10,2042,Primavera
3102042,3,10,2042,Primavera
4102042,4,10,2042,Primavera
5102042,5,10,2042,Primavera
6102042,6,10,2042,Primavera
7102042,7,10,2042,Primavera
8102042,8,10,2042,Primavera
9102042,9,10,2042,Primavera
10102042,10,10,2042,Primavera
11102042,11,10,2042,Primavera
12102042,12,10,2042,Primavera
13102042,13,10,2042,Primavera
14102042,14,10,2042,Primavera
15102042,15,10,2042,Primavera
16102042,16,10,2042,Primavera
17102042,17,10,2042,Primavera
18102042,18,10,2042,Primavera
19102042,19,10,2042,Primavera
20102042,20,10,2042,Primavera
21102042,21,10,2042,Primavera
22102042,22,10,2042,Primavera
23102042,23,10,2042,Primavera
24102042,24,10,2042,Primavera
25102042,25,10,2042,Primavera
26102042,26,10,2042,Primavera
27102042,27,10,2042,Primavera
28102042,28,10,2042,Primavera
29102042,29,10,2042,Primavera
30102042,30,10,2042,Primavera
31102042,31,10,2042,Primavera
1112042,1,11,2042,Primavera
2112042,2,11,2042,Primavera
3112042,3,11,2042,Primavera
4112042,4,11,2042,Primavera
5112042,5,11,2042,Primavera
6112042,6,11,2042,Primavera
7112042,7,11,2042,Primavera
8112042,8,11,2042,Primavera
9112042,9,11,2042,Primavera
10112042,10,11,2042,Primavera
11112042,11,11,2042,Primavera
12112042,12,11,2042,Primavera
13112042,13,11,2042,Primavera
14112042,14,11,2042,Primavera
15112042,15,11,2042,Primavera
16112042,16,11,2042,Primavera
17112042,17,11,2042,Primavera
18112042,18,11,2042,Primavera
19112042,19,11,2042,Primavera
20112042,20,11,2042,Primavera
21112042,21,11,2042,Primavera
22112042,22,11,2042,Primavera
23112042,23,11,2042,Primavera
24112042,24,11,2042,Primavera
25112042,25,11,2042,Primavera
26112042,26,11,2042,Primavera
27112042,27,11,2042,Primavera
28112042,28,11,2042,Primavera
29112042,29,11,2042,Primavera
30112042,30,11,2042,Primavera
1122042,1,12,2042,Verano
2122042,2,12,2042,Verano
3122042,3,12,2042,Verano
4122042,4,12,2042,Verano
5122042,5,12,2042,Verano
6122042,6,12,2042,Verano
7122042,7,12,2042,Verano
8122042,8,12,2042,Verano
9122042,9,12,2042,Verano
10122042,10,12,2042,Verano
11122042,11,12,2042,Verano
12122042,12,12,2042,Verano
13122042,13,12,2042,Verano
14122042,14,12,2042,Verano
15122042,15,12,2042,Verano
16122042,16,12,2042,Verano
17122042,17,12,2042,Verano
18122042,18,12,2042,Verano
19122042,19,12,2042,Verano
20122042,20,12,2042,Verano
21122042,21,12,2042,Verano
22122042,22,12,2042,Verano
23122042,23,12,2042,Verano
24122042,24,12,2042,Verano
25122042,25,12,2042,Verano
26122042,26,12,2042,Verano
27122042,27,12,2042,Verano
28122042,28,12,2042,Verano
29122042,29,12,2042,Verano
30122042,30,12,2042,Verano
31122042,31,12,2042,Verano
1012043,1,1,2043,Verano
2012043,2,1,2043,Verano
3012043,3,1,2043,Verano
4012043,4,1,2043,Verano
5012043,5,1,2043,Verano
6012043,6,1,2043,Verano
7012043,7,1,2043,Verano
8012043,8,1,2043,Verano
9012043,9,1,2043,Verano
10012043,10,1,2043,Verano
11012043,11,1,2043,Verano
12012043,12,1,2043,Verano
13012043,13,1,2043,Verano
14012043,14,1,2043,Verano
15012043,15,1,2043,Verano
16012043,16,1,2043,Verano
17012043,17,1,2043,Verano
18012043,18,1,2043,Verano
19012043,19,1,2043,Verano
20012043,20,1,2043,Verano
21012043,21,1,2043,Verano
22012043,22,1,2043,Verano
23012043,23,1,2043,Verano
24012043,24,1,2043,Verano
25012043,25,1,2043,Verano
26012043,26,1,2043,Verano
27012043,27,1,2043,Verano
28012043,28,1,2043,Verano
29012043,29,1,2043,Verano
30012043,30,1,2043,Verano
31012043,31,1,2043,Verano
1022043,1,2,2043,Verano
2022043,2,2,2043,Verano
3022043,3,2,2043,Verano
4022043,4,2,2043,Verano
5022043,5,2,2043,Verano
6022043,6,2,2043,Verano
7022043,7,2,2043,Verano
8022043,8,2,2043,Verano
9022043,9,2,2043,Verano
10022043,10,2,2043,Verano
11022043,11,2,2043,Verano
12022043,12,2,2043,Verano
13022043,13,2,2043,Verano
14022043,14,2,2043,Verano
15022043,15,2,2043,Verano
16022043,16,2,2043,Verano
17022043,17,2,2043,Verano
18022043,18,2,2043,Verano
19022043,19,2,2043,Verano
20022043,20,2,2043,Verano
21022043,21,2,2043,Verano
22022043,22,2,2043,Verano
23022043,23,2,2043,Verano
24022043,24,2,2043,Verano
25022043,25,2,2043,Verano
26022043,26,2,2043,Verano
27022043,27,2,2043,Verano
28022043,28,2,2043,Verano
1032043,1,3,2043,Otoño
2032043,2,3,2043,Otoño
3032043,3,3,2043,Otoño
4032043,4,3,2043,Otoño
5032043,5,3,2043,Otoño
6032043,6,3,2043,Otoño
7032043,7,3,2043,Otoño
8032043,8,3,2043,Otoño
9032043,9,3,2043,Otoño
10032043,10,3,2043,Otoño
11032043,11,3,2043,Otoño
12032043,12,3,2043,Otoño
13032043,13,3,2043,Otoño
14032043,14,3,2043,Otoño
15032043,15,3,2043,Otoño
16032043,16,3,2043,Otoño
17032043,17,3,2043,Otoño
18032043,18,3,2043,Otoño
19032043,19,3,2043,Otoño
20032043,20,3,2043,Otoño
21032043,21,3,2043,Otoño
22032043,22,3,2043,Otoño
23032043,23,3,2043,Otoño
24032043,24,3,2043,Otoño
25032043,25,3,2043,Otoño
26032043,26,3,2043,Otoño
27032043,27,3,2043,Otoño
28032043,28,3,2043,Otoño
29032043,29,3,2043,Otoño
30032043,30,3,2043,Otoño
31032043,31,3,2043,Otoño
1042043,1,4,2043,Otoño
2042043,2,4,2043,Otoño
3042043,3,4,2043,Otoño
4042043,4,4,2043,Otoño
5042043,5,4,2043,Otoño
6042043,6,4,2043,Otoño
7042043,7,4,2043,Otoño
8042043,8,4,2043,Otoño
9042043,9,4,2043,Otoño
10042043,10,4,2043,Otoño
11042043,11,4,2043,Otoño
12042043,12,4,2043,Otoño
13042043,13,4,2043,Otoño
14042043,14,4,2043,Otoño
15042043,15,4,2043,Otoño
16042043,16,4,2043,Otoño
17042043,17,4,2043,Otoño
18042043,18,4,2043,Otoño
19042043,19,4,2043,Otoño
20042043,20,4,2043,Otoño
21042043,21,4,2043,Otoño
22042043,22,4,2043,Otoño
23042043,23,4,2043,Otoño
24042043,24,4,2043,Otoño
25042043,25,4,2043,Otoño
26042043,26,4,2043,Otoño
27042043,27,4,2043,Otoño
28042043,28,4,2043,Otoño
29042043,29,4,2043,Otoño
30042043,30,4,2043,Otoño
1052043,1,5,2043,Otoño
2052043,2,5,2043,Otoño
3052043,3,5,2043,Otoño
4052043,4,5,2043,Otoño
5052043,5,5,2043,Otoño
6052043,6,5,2043,Otoño
7052043,7,5,2043,Otoño
8052043,8,5,2043,Otoño
9052043,9,5,2043,Otoño
10052043,10,5,2043,Otoño
11052043,11,5,2043,Otoño
12052043,12,5,2043,Otoño
13052043,13,5,2043,Otoño
14052043,14,5,2043,Otoño
15052043,15,5,2043,Otoño
16052043,16,5,2043,Otoño
17052043,17,5,2043,Otoño
18052043,18,5,2043,Otoño
19052043,19,5,2043,Otoño
20052043,20,5,2043,Otoño
21052043,21,5,2043,Otoño
22052043,22,5,2043,Otoño
23052043,23,5,2043,Otoño
24052043,24,5,2043,Otoño
25052043,25,5,2043,Otoño
26052043,26,5,2043,Otoño
27052043,27,5,2043,Otoño
28052043,28,5,2043,Otoño
29052043,29,5,2043,Otoño
30052043,30,5,2043,Otoño
31052043,31,5,2043,Otoño
1062043,1,6,2043,Invierno
2062043,2,6,2043,Invierno
3062043,3,6,2043,Invierno
4062043,4,6,2043,Invierno
5062043,5,6,2043,Invierno
6062043,6,6,2043,Invierno
7062043,7,6,2043,Invierno
8062043,8,6,2043,Invierno
9062043,9,6,2043,Invierno
10062043,10,6,2043,Invierno
11062043,11,6,2043,Invierno
12062043,12,6,2043,Invierno
13062043,13,6,2043,Invierno
14062043,14,6,2043,Invierno
15062043,15,6,2043,Invierno
16062043,16,6,2043,Invierno
17062043,17,6,2043,Invierno
18062043,18,6,2043,Invierno
19062043,19,6,2043,Invierno
20062043,20,6,2043,Invierno
21062043,21,6,2043,Invierno
22062043,22,6,2043,Invierno
23062043,23,6,2043,Invierno
24062043,24,6,2043,Invierno
25062043,25,6,2043,Invierno
26062043,26,6,2043,Invierno
27062043,27,6,2043,Invierno
28062043,28,6,2043,Invierno
29062043,29,6,2043,Invierno
30062043,30,6,2043,Invierno
1072043,1,7,2043,Invierno
2072043,2,7,2043,Invierno
3072043,3,7,2043,Invierno
4072043,4,7,2043,Invierno
5072043,5,7,2043,Invierno
6072043,6,7,2043,Invierno
7072043,7,7,2043,Invierno
8072043,8,7,2043,Invierno
9072043,9,7,2043,Invierno
10072043,10,7,2043,Invierno
11072043,11,7,2043,Invierno
12072043,12,7,2043,Invierno
13072043,13,7,2043,Invierno
14072043,14,7,2043,Invierno
15072043,15,7,2043,Invierno
16072043,16,7,2043,Invierno
17072043,17,7,2043,Invierno
18072043,18,7,2043,Invierno
19072043,19,7,2043,Invierno
20072043,20,7,2043,Invierno
21072043,21,7,2043,Invierno
22072043,22,7,2043,Invierno
23072043,23,7,2043,Invierno
24072043,24,7,2043,Invierno
25072043,25,7,2043,Invierno
26072043,26,7,2043,Invierno
27072043,27,7,2043,Invierno
28072043,28,7,2043,Invierno
29072043,29,7,2043,Invierno
30072043,30,7,2043,Invierno
31072043,31,7,2043,Invierno
1082043,1,8,2043,Invierno
2082043,2,8,2043,Invierno
3082043,3,8,2043,Invierno
4082043,4,8,2043,Invierno
5082043,5,8,2043,Invierno
6082043,6,8,2043,Invierno
7082043,7,8,2043,Invierno
8082043,8,8,2043,Invierno
9082043,9,8,2043,Invierno
10082043,10,8,2043,Invierno
11082043,11,8,2043,Invierno
12082043,12,8,2043,Invierno
13082043,13,8,2043,Invierno
14082043,14,8,2043,Invierno
15082043,15,8,2043,Invierno
16082043,16,8,2043,Invierno
17082043,17,8,2043,Invierno
18082043,18,8,2043,Invierno
19082043,19,8,2043,Invierno
20082043,20,8,2043,Invierno
21082043,21,8,2043,Invierno
22082043,22,8,2043,Invierno
23082043,23,8,2043,Invierno
24082043,24,8,2043,Invierno
25082043,25,8,2043,Invierno
26082043,26,8,2043,Invierno
27082043,27,8,2043,Invierno
28082043,28,8,2043,Invierno
29082043,29,8,2043,Invierno
30082043,30,8,2043,Invierno
31082043,31,8,2043,Invierno
1092043,1,9,2043,Primavera
2092043,2,9,2043,Primavera
3092043,3,9,2043,Primavera
4092043,4,9,2043,Primavera
5092043,5,9,2043,Primavera
6092043,6,9,2043,Primavera
7092043,7,9,2043,Primavera
8092043,8,9,2043,Primavera
9092043,9,9,2043,Primavera
10092043,10,9,2043,Primavera
11092043,11,9,2043,Primavera
12092043,12,9,2043,Primavera
13092043,13,9,2043,Primavera
14092043,14,9,2043,Primavera
15092043,15,9,2043,Primavera
16092043,16,9,2043,Primavera
17092043,17,9,2043,Primavera
18092043,18,9,2043,Primavera
19092043,19,9,2043,Primavera
20092043,20,9,2043,Primavera
21092043,21,9,2043,Primavera
22092043,22,9,2043,Primavera
23092043,23,9,2043,Primavera
24092043,24,9,2043,Primavera
25092043,25,9,2043,Primavera
26092043,26,9,2043,Primavera
27092043,27,9,2043,Primavera
28092043,28,9,2043,Primavera
29092043,29,9,2043,Primavera
30092043,30,9,2043,Primavera
1102043,1,10,2043,Primavera
2102043,2,10,2043,Primavera
3102043,3,10,2043,Primavera
4102043,4,10,2043,Primavera
5102043,5,10,2043,Primavera
6102043,6,10,2043,Primavera
7102043,7,10,2043,Primavera
8102043,8,10,2043,Primavera
9102043,9,10,2043,Primavera
10102043,10,10,2043,Primavera
11102043,11,10,2043,Primavera
12102043,12,10,2043,Primavera
13102043,13,10,2043,Primavera
14102043,14,10,2043,Primavera
15102043,15,10,2043,Primavera
16102043,16,10,2043,Primavera
17102043,17,10,2043,Primavera
18102043,18,10,2043,Primavera
19102043,19,10,2043,Primavera
20102043,20,10,2043,Primavera
21102043,21,10,2043,Primavera
22102043,22,10,2043,Primavera
23102043,23,10,2043,Primavera
24102043,24,10,2043,Primavera
25102043,25,10,2043,Primavera
26102043,26,10,2043,Primavera
27102043,27,10,2043,Primavera
28102043,28,10,2043,Primavera
29102043,29,10,2043,Primavera
30102043,30,10,2043,Primavera
31102043,31,10,2043,Primavera
1112043,1,11,2043,Primavera
2112043,2,11,2043,Primavera
3112043,3,11,2043,Primavera
4112043,4,11,2043,Primavera
5112043,5,11,2043,Primavera
6112043,6,11,2043,Primavera
7112043,7,11,2043,Primavera
8112043,8,11,2043,Primavera
9112043,9,11,2043,Primavera
10112043,10,11,2043,Primavera
11112043,11,11,2043,Primavera
12112043,12,11,2043,Primavera
13112043,13,11,2043,Primavera
14112043,14,11,2043,Primavera
15112043,15,11,2043,Primavera
16112043,16,11,2043,Primavera
17112043,17,11,2043,Primavera
18112043,18,11,2043,Primavera
19112043,19,11,2043,Primavera
20112043,20,11,2043,Primavera
21112043,21,11,2043,Primavera
22112043,22,11,2043,Primavera
23112043,23,11,2043,Primavera
24112043,24,11,2043,Primavera
25112043,25,11,2043,Primavera
26112043,26,11,2043,Primavera
27112043,27,11,2043,Primavera
28112043,28,11,2043,Primavera
29112043,29,11,2043,Primavera
30112043,30,11,2043,Primavera
1122043,1,12,2043,Verano
2122043,2,12,2043,Verano
3122043,3,12,2043,Verano
4122043,4,12,2043,Verano
5122043,5,12,2043,Verano
6122043,6,12,2043,Verano
7122043,7,12,2043,Verano
8122043,8,12,2043,Verano
9122043,9,12,2043,Verano
10122043,10,12,2043,Verano
11122043,11,12,2043,Verano
12122043,12,12,2043,Verano
13122043,13,12,2043,Verano
14122043,14,12,2043,Verano
15122043,15,12,2043,Verano
16122043,16,12,2043,Verano
17122043,17,12,2043,Verano
18122043,18,12,2043,Verano
19122043,19,12,2043,Verano
20122043,20,12,2043,Verano
21122043,21,12,2043,Verano
22122043,22,12,2043,Verano
23122043,23,12,2043,Verano
24122043,24,12,2043,Verano
25122043,25,12,2043,Verano
26122043,26,12,2043,Verano
27122043,27,12,2043,Verano
28122043,28,12,2043,Verano
29122043,29,12,2043,Verano
30122043,30,12,2043,Verano
31122043,31,12,2043,Verano
1012044,1,1,2044,Verano
2012044,2,1,2044,Verano
3012044,3,1,2044,Verano
4012044,4,1,2044,Verano
5012044,5,1,2044,Verano
6012044,6,1,2044,Verano
7012044,7,1,2044,Verano
8012044,8,1,2044,Verano
9012044,9,1,2044,Verano
10012044,10,1,2044,Verano
11012044,11,1,2044,Verano
12012044,12,1,2044,Verano
13012044,13,1,2044,Verano
14012044,14,1,2044,Verano
15012044,15,1,2044,Verano
16012044,16,1,2044,Verano
17012044,17,1,2044,Verano
18012044,18,1,2044,Verano
19012044,19,1,2044,Verano
20012044,20,1,2044,Verano
21012044,21,1,2044,Verano
22012044,22,1,2044,Verano
23012044,23,1,2044,Verano
24012044,24,1,2044,Verano
25012044,25,1,2044,Verano
26012044,26,1,2044,Verano
27012044,27,1,2044,Verano
28012044,28,1,2044,Verano
29012044,29,1,2044,Verano
30012044,30,1,2044,Verano
31012044,31,1,2044,Verano
1022044,1,2,2044,Verano
2022044,2,2,2044,Verano
3022044,3,2,2044,Verano
4022044,4,2,2044,Verano
5022044,5,2,2044,Verano
6022044,6,2,2044,Verano
7022044,7,2,2044,Verano
8022044,8,2,2044,Verano
9022044,9,2,2044,Verano
10022044,10,2,2044,Verano
11022044,11,2,2044,Verano
12022044,12,2,2044,Verano
13022044,13,2,2044,Verano
14022044,14,2,2044,Verano
15022044,15,2,2044,Verano
16022044,16,2,2044,Verano
17022044,17,2,2044,Verano
18022044,18,2,2044,Verano
19022044,19,2,2044,Verano
20022044,20,2,2044,Verano
21022044,21,2,2044,Verano
22022044,22,2,2044,Verano
23022044,23,2,2044,Verano
24022044,24,2,2044,Verano
25022044,25,2,2044,Verano
26022044,26,2,2044,Verano
27022044,27,2,2044,Verano
28022044,28,2,2044,Verano
29022044,29,2,2044,Verano
1032044,1,3,2044,Otoño
2032044,2,3,2044,Otoño
3032044,3,3,2044,Otoño
4032044,4,3,2044,Otoño
5032044,5,3,2044,Otoño
6032044,6,3,2044,Otoño
7032044,7,3,2044,Otoño
8032044,8,3,2044,Otoño
9032044,9,3,2044,Otoño
10032044,10,3,2044,Otoño
11032044,11,3,2044,Otoño
12032044,12,3,2044,Otoño
13032044,13,3,2044,Otoño
14032044,14,3,2044,Otoño
15032044,15,3,2044,Otoño
16032044,16,3,2044,Otoño
17032044,17,3,2044,Otoño
18032044,18,3,2044,Otoño
19032044,19,3,2044,Otoño
20032044,20,3,2044,Otoño
21032044,21,3,2044,Otoño
22032044,22,3,2044,Otoño
23032044,23,3,2044,Otoño
24032044,24,3,2044,Otoño
25032044,25,3,2044,Otoño
26032044,26,3,2044,Otoño
27032044,27,3,2044,Otoño
28032044,28,3,2044,Otoño
29032044,29,3,2044,Otoño
30032044,30,3,2044,Otoño
31032044,31,3,2044,Otoño
1042044,1,4,2044,Otoño
2042044,2,4,2044,Otoño
3042044,3,4,2044,Otoño
4042044,4,4,2044,Otoño
5042044,5,4,2044,Otoño
6042044,6,4,2044,Otoño
7042044,7,4,2044,Otoño
8042044,8,4,2044,Otoño
9042044,9,4,2044,Otoño
10042044,10,4,2044,Otoño
11042044,11,4,2044,Otoño
12042044,12,4,2044,Otoño
13042044,13,4,2044,Otoño
14042044,14,4,2044,Otoño
15042044,15,4,2044,Otoño
16042044,16,4,2044,Otoño
17042044,17,4,2044,Otoño
18042044,18,4,2044,Otoño
19042044,19,4,2044,Otoño
20042044,20,4,2044,Otoño
21042044,21,4,2044,Otoño
22042044,22,4,2044,Otoño
23042044,23,4,2044,Otoño
24042044,24,4,2044,Otoño
25042044,25,4,2044,Otoño
26042044,26,4,2044,Otoño
27042044,27,4,2044,Otoño
28042044,28,4,2044,Otoño
29042044,29,4,2044,Otoño
30042044,30,4,2044,Otoño
1052044,1,5,2044,Otoño
2052044,2,5,2044,Otoño
3052044,3,5,2044,Otoño
4052044,4,5,2044,Otoño
5052044,5,5,2044,Otoño
6052044,6,5,2044,Otoño
7052044,7,5,2044,Otoño
8052044,8,5,2044,Otoño
9052044,9,5,2044,Otoño
10052044,10,5,2044,Otoño
11052044,11,5,2044,Otoño
12052044,12,5,2044,Otoño
13052044,13,5,2044,Otoño
14052044,14,5,2044,Otoño
15052044,15,5,2044,Otoño
16052044,16,5,2044,Otoño
17052044,17,5,2044,Otoño
18052044,18,5,2044,Otoño
19052044,19,5,2044,Otoño
20052044,20,5,2044,Otoño
21052044,21,5,2044,Otoño
22052044,22,5,2044,Otoño
23052044,23,5,2044,Otoño
24052044,24,5,2044,Otoño
25052044,25,5,2044,Otoño
26052044,26,5,2044,Otoño
27052044,27,5,2044,Otoño
28052044,28,5,2044,Otoño
29052044,29,5,2044,Otoño
30052044,30,5,2044,Otoño
31052044,31,5,2044,Otoño
1062044,1,6,2044,Invierno
2062044,2,6,2044,Invierno
3062044,3,6,2044,Invierno
4062044,4,6,2044,Invierno
5062044,5,6,2044,Invierno
6062044,6,6,2044,Invierno
7062044,7,6,2044,Invierno
8062044,8,6,2044,Invierno
9062044,9,6,2044,Invierno
10062044,10,6,2044,Invierno
11062044,11,6,2044,Invierno
12062044,12,6,2044,Invierno
13062044,13,6,2044,Invierno
14062044,14,6,2044,Invierno
15062044,15,6,2044,Invierno
16062044,16,6,2044,Invierno
17062044,17,6,2044,Invierno
18062044,18,6,2044,Invierno
19062044,19,6,2044,Invierno
20062044,20,6,2044,Invierno
21062044,21,6,2044,Invierno
22062044,22,6,2044,Invierno
23062044,23,6,2044,Invierno
24062044,24,6,2044,Invierno
25062044,25,6,2044,Invierno
26062044,26,6,2044,Invierno
27062044,27,6,2044,Invierno
28062044,28,6,2044,Invierno
29062044,29,6,2044,Invierno
30062044,30,6,2044,Invierno
1072044,1,7,2044,Invierno
2072044,2,7,2044,Invierno
3072044,3,7,2044,Invierno
4072044,4,7,2044,Invierno
5072044,5,7,2044,Invierno
6072044,6,7,2044,Invierno
7072044,7,7,2044,Invierno
8072044,8,7,2044,Invierno
9072044,9,7,2044,Invierno
10072044,10,7,2044,Invierno
11072044,11,7,2044,Invierno
12072044,12,7,2044,Invierno
13072044,13,7,2044,Invierno
14072044,14,7,2044,Invierno
15072044,15,7,2044,Invierno
16072044,16,7,2044,Invierno
17072044,17,7,2044,Invierno
18072044,18,7,2044,Invierno
19072044,19,7,2044,Invierno
20072044,20,7,2044,Invierno
21072044,21,7,2044,Invierno
22072044,22,7,2044,Invierno
23072044,23,7,2044,Invierno
24072044,24,7,2044,Invierno
25072044,25,7,2044,Invierno
26072044,26,7,2044,Invierno
27072044,27,7,2044,Invierno
28072044,28,7,2044,Invierno
29072044,29,7,2044,Invierno
30072044,30,7,2044,Invierno
31072044,31,7,2044,Invierno
1082044,1,8,2044,Invierno
2082044,2,8,2044,Invierno
3082044,3,8,2044,Invierno
4082044,4,8,2044,Invierno
5082044,5,8,2044,Invierno
6082044,6,8,2044,Invierno
7082044,7,8,2044,Invierno
8082044,8,8,2044,Invierno
9082044,9,8,2044,Invierno
10082044,10,8,2044,Invierno
11082044,11,8,2044,Invierno
12082044,12,8,2044,Invierno
13082044,13,8,2044,Invierno
14082044,14,8,2044,Invierno
15082044,15,8,2044,Invierno
16082044,16,8,2044,Invierno
17082044,17,8,2044,Invierno
18082044,18,8,2044,Invierno
19082044,19,8,2044,Invierno
20082044,20,8,2044,Invierno
21082044,21,8,2044,Invierno
22082044,22,8,2044,Invierno
23082044,23,8,2044,Invierno
24082044,24,8,2044,Invierno
25082044,25,8,2044,Invierno
26082044,26,8,2044,Invierno
27082044,27,8,2044,Invierno
28082044,28,8,2044,Invierno
29082044,29,8,2044,Invierno
30082044,30,8,2044,Invierno
31082044,31,8,2044,Invierno
1092044,1,9,2044,Primavera
2092044,2,9,2044,Primavera
3092044,3,9,2044,Primavera
4092044,4,9,2044,Primavera
5092044,5,9,2044,Primavera
6092044,6,9,2044,Primavera
7092044,7,9,2044,Primavera
8092044,8,9,2044,Primavera
9092044,9,9,2044,Primavera
10092044,10,9,2044,Primavera
11092044,11,9,2044,Primavera
12092044,12,9,2044,Primavera
13092044,13,9,2044,Primavera
14092044,14,9,2044,Primavera
15092044,15,9,2044,Primavera
16092044,16,9,2044,Primavera
17092044,17,9,2044,Primavera
18092044,18,9,2044,Primavera
19092044,19,9,2044,Primavera
20092044,20,9,2044,Primavera
21092044,21,9,2044,Primavera
22092044,22,9,2044,Primavera
23092044,23,9,2044,Primavera
24092044,24,9,2044,Primavera
25092044,25,9,2044,Primavera
26092044,26,9,2044,Primavera
27092044,27,9,2044,Primavera
28092044,28,9,2044,Primavera
29092044,29,9,2044,Primavera
30092044,30,9,2044,Primavera
1102044,1,10,2044,Primavera
2102044,2,10,2044,Primavera
3102044,3,10,2044,Primavera
4102044,4,10,2044,Primavera
5102044,5,10,2044,Primavera
6102044,6,10,2044,Primavera
7102044,7,10,2044,Primavera
8102044,8,10,2044,Primavera
9102044,9,10,2044,Primavera
10102044,10,10,2044,Primavera
11102044,11,10,2044,Primavera
12102044,12,10,2044,Primavera
13102044,13,10,2044,Primavera
14102044,14,10,2044,Primavera
15102044,15,10,2044,Primavera
16102044,16,10,2044,Primavera
17102044,17,10,2044,Primavera
18102044,18,10,2044,Primavera
19102044,19,10,2044,Primavera
20102044,20,10,2044,Primavera
21102044,21,10,2044,Primavera
22102044,22,10,2044,Primavera
23102044,23,10,2044,Primavera
24102044,24,10,2044,Primavera
25102044,25,10,2044,Primavera
26102044,26,10,2044,Primavera
27102044,27,10,2044,Primavera
28102044,28,10,2044,Primavera
29102044,29,10,2044,Primavera
30102044,30,10,2044,Primavera
31102044,31,10,2044,Primavera
1112044,1,11,2044,Primavera
2112044,2,11,2044,Primavera
3112044,3,11,2044,Primavera
4112044,4,11,2044,Primavera
5112044,5,11,2044,Primavera
6112044,6,11,2044,Primavera
7112044,7,11,2044,Primavera
8112044,8,11,2044,Primavera
9112044,9,11,2044,Primavera
10112044,10,11,2044,Primavera
11112044,11,11,2044,Primavera
12112044,12,11,2044,Primavera
13112044,13,11,2044,Primavera
14112044,14,11,2044,Primavera
15112044,15,11,2044,Primavera
16112044,16,11,2044,Primavera
17112044,17,11,2044,Primavera
18112044,18,11,2044,Primavera
19112044,19,11,2044,Primavera
20112044,20,11,2044,Primavera
21112044,21,11,2044,Primavera
22112044,22,11,2044,Primavera
23112044,23,11,2044,Primavera
24112044,24,11,2044,Primavera
25112044,25,11,2044,Primavera
26112044,26,11,2044,Primavera
27112044,27,11,2044,Primavera
28112044,28,11,2044,Primavera
29112044,29,11,2044,Primavera
30112044,30,11,2044,Primavera
1122044,1,12,2044,Verano
2122044,2,12,2044,Verano
3122044,3,12,2044,Verano
4122044,4,12,2044,Verano
5122044,5,12,2044,Verano
6122044,6,12,2044,Verano
7122044,7,12,2044,Verano
8122044,8,12,2044,Verano
9122044,9,12,2044,Verano
10122044,10,12,2044,Verano
11122044,11,12,2044,Verano
12122044,12,12,2044,Verano
13122044,13,12,2044,Verano
14122044,14,12,2044,Verano
15122044,15,12,2044,Verano
16122044,16,12,2044,Verano
17122044,17,12,2044,Verano
18122044,18,12,2044,Verano
19122044,19,12,2044,Verano
20122044,20,12,2044,Verano
21122044,21,12,2044,Verano
22122044,22,12,2044,Verano
23122044,23,12,2044,Verano
24122044,24,12,2044,Verano
25122044,25,12,2044,Verano
26122044,26,12,2044,Verano
27122044,27,12,2044,Verano
28122044,28,12,2044,Verano
29122044,29,12,2044,Verano
30122044,30,12,2044,Verano
31122044,31,12,2044,Verano
1012045,1,1,2045,Verano
2012045,2,1,2045,Verano
3012045,3,1,2045,Verano
4012045,4,1,2045,Verano
5012045,5,1,2045,Verano
6012045,6,1,2045,Verano
7012045,7,1,2045,Verano
8012045,8,1,2045,Verano
9012045,9,1,2045,Verano
10012045,10,1,2045,Verano
11012045,11,1,2045,Verano
12012045,12,1,2045,Verano
13012045,13,1,2045,Verano
14012045,14,1,2045,Verano
15012045,15,1,2045,Verano
16012045,16,1,2045,Verano
17012045,17,1,2045,Verano
18012045,18,1,2045,Verano
19012045,19,1,2045,Verano
20012045,20,1,2045,Verano
21012045,21,1,2045,Verano
22012045,22,1,2045,Verano
23012045,23,1,2045,Verano
24012045,24,1,2045,Verano
25012045,25,1,2045,Verano
26012045,26,1,2045,Verano
27012045,27,1,2045,Verano
28012045,28,1,2045,Verano
29012045,29,1,2045,Verano
30012045,30,1,2045,Verano
31012045,31,1,2045,Verano
1022045,1,2,2045,Verano
2022045,2,2,2045,Verano
3022045,3,2,2045,Verano
4022045,4,2,2045,Verano
5022045,5,2,2045,Verano
6022045,6,2,2045,Verano
7022045,7,2,2045,Verano
8022045,8,2,2045,Verano
9022045,9,2,2045,Verano
10022045,10,2,2045,Verano
11022045,11,2,2045,Verano
12022045,12,2,2045,Verano
13022045,13,2,2045,Verano
14022045,14,2,2045,Verano
15022045,15,2,2045,Verano
16022045,16,2,2045,Verano
17022045,17,2,2045,Verano
18022045,18,2,2045,Verano
19022045,19,2,2045,Verano
20022045,20,2,2045,Verano
21022045,21,2,2045,Verano
22022045,22,2,2045,Verano
23022045,23,2,2045,Verano
24022045,24,2,2045,Verano
25022045,25,2,2045,Verano
26022045,26,2,2045,Verano
27022045,27,2,2045,Verano
28022045,28,2,2045,Verano
1032045,1,3,2045,Otoño
2032045,2,3,2045,Otoño
3032045,3,3,2045,Otoño
4032045,4,3,2045,Otoño
5032045,5,3,2045,Otoño
6032045,6,3,2045,Otoño
7032045,7,3,2045,Otoño
8032045,8,3,2045,Otoño
9032045,9,3,2045,Otoño
10032045,10,3,2045,Otoño
11032045,11,3,2045,Otoño
12032045,12,3,2045,Otoño
13032045,13,3,2045,Otoño
14032045,14,3,2045,Otoño
15032045,15,3,2045,Otoño
16032045,16,3,2045,Otoño
17032045,17,3,2045,Otoño
18032045,18,3,2045,Otoño
19032045,19,3,2045,Otoño
20032045,20,3,2045,Otoño
21032045,21,3,2045,Otoño
22032045,22,3,2045,Otoño
23032045,23,3,2045,Otoño
24032045,24,3,2045,Otoño
25032045,25,3,2045,Otoño
26032045,26,3,2045,Otoño
27032045,27,3,2045,Otoño
28032045,28,3,2045,Otoño
29032045,29,3,2045,Otoño
30032045,30,3,2045,Otoño
31032045,31,3,2045,Otoño
1042045,1,4,2045,Otoño
2042045,2,4,2045,Otoño
3042045,3,4,2045,Otoño
4042045,4,4,2045,Otoño
5042045,5,4,2045,Otoño
6042045,6,4,2045,Otoño
7042045,7,4,2045,Otoño
8042045,8,4,2045,Otoño
9042045,9,4,2045,Otoño
10042045,10,4,2045,Otoño
11042045,11,4,2045,Otoño
12042045,12,4,2045,Otoño
13042045,13,4,2045,Otoño
14042045,14,4,2045,Otoño
15042045,15,4,2045,Otoño
16042045,16,4,2045,Otoño
17042045,17,4,2045,Otoño
18042045,18,4,2045,Otoño
19042045,19,4,2045,Otoño
20042045,20,4,2045,Otoño
21042045,21,4,2045,Otoño
22042045,22,4,2045,Otoño
23042045,23,4,2045,Otoño
24042045,24,4,2045,Otoño
25042045,25,4,2045,Otoño
26042045,26,4,2045,Otoño
27042045,27,4,2045,Otoño
28042045,28,4,2045,Otoño
29042045,29,4,2045,Otoño
30042045,30,4,2045,Otoño
1052045,1,5,2045,Otoño
2052045,2,5,2045,Otoño
3052045,3,5,2045,Otoño
4052045,4,5,2045,Otoño
5052045,5,5,2045,Otoño
6052045,6,5,2045,Otoño
7052045,7,5,2045,Otoño
8052045,8,5,2045,Otoño
9052045,9,5,2045,Otoño
10052045,10,5,2045,Otoño
11052045,11,5,2045,Otoño
12052045,12,5,2045,Otoño
13052045,13,5,2045,Otoño
14052045,14,5,2045,Otoño
15052045,15,5,2045,Otoño
16052045,16,5,2045,Otoño
17052045,17,5,2045,Otoño
18052045,18,5,2045,Otoño
19052045,19,5,2045,Otoño
20052045,20,5,2045,Otoño
21052045,21,5,2045,Otoño
22052045,22,5,2045,Otoño
23052045,23,5,2045,Otoño
24052045,24,5,2045,Otoño
25052045,25,5,2045,Otoño
26052045,26,5,2045,Otoño
27052045,27,5,2045,Otoño
28052045,28,5,2045,Otoño
29052045,29,5,2045,Otoño
30052045,30,5,2045,Otoño
31052045,31,5,2045,Otoño
1062045,1,6,2045,Invierno
2062045,2,6,2045,Invierno
3062045,3,6,2045,Invierno
4062045,4,6,2045,Invierno
5062045,5,6,2045,Invierno
6062045,6,6,2045,Invierno
7062045,7,6,2045,Invierno
8062045,8,6,2045,Invierno
9062045,9,6,2045,Invierno
10062045,10,6,2045,Invierno
11062045,11,6,2045,Invierno
12062045,12,6,2045,Invierno
13062045,13,6,2045,Invierno
14062045,14,6,2045,Invierno
15062045,15,6,2045,Invierno
16062045,16,6,2045,Invierno
17062045,17,6,2045,Invierno
18062045,18,6,2045,Invierno
19062045,19,6,2045,Invierno
20062045,20,6,2045,Invierno
21062045,21,6,2045,Invierno
22062045,22,6,2045,Invierno
23062045,23,6,2045,Invierno
24062045,24,6,2045,Invierno
25062045,25,6,2045,Invierno
26062045,26,6,2045,Invierno
27062045,27,6,2045,Invierno
28062045,28,6,2045,Invierno
29062045,29,6,2045,Invierno
30062045,30,6,2045,Invierno
1072045,1,7,2045,Invierno
2072045,2,7,2045,Invierno
3072045,3,7,2045,Invierno
4072045,4,7,2045,Invierno
5072045,5,7,2045,Invierno
6072045,6,7,2045,Invierno
7072045,7,7,2045,Invierno
8072045,8,7,2045,Invierno
9072045,9,7,2045,Invierno
10072045,10,7,2045,Invierno
11072045,11,7,2045,Invierno
12072045,12,7,2045,Invierno
13072045,13,7,2045,Invierno
14072045,14,7,2045,Invierno
15072045,15,7,2045,Invierno
16072045,16,7,2045,Invierno
17072045,17,7,2045,Invierno
18072045,18,7,2045,Invierno
19072045,19,7,2045,Invierno
20072045,20,7,2045,Invierno
21072045,21,7,2045,Invierno
22072045,22,7,2045,Invierno
23072045,23,7,2045,Invierno
24072045,24,7,2045,Invierno
25072045,25,7,2045,Invierno
26072045,26,7,2045,Invierno
27072045,27,7,2045,Invierno
28072045,28,7,2045,Invierno
29072045,29,7,2045,Invierno
30072045,30,7,2045,Invierno
31072045,31,7,2045,Invierno
1082045,1,8,2045,Invierno
2082045,2,8,2045,Invierno
3082045,3,8,2045,Invierno
4082045,4,8,2045,Invierno
5082045,5,8,2045,Invierno
6082045,6,8,2045,Invierno
7082045,7,8,2045,Invierno
8082045,8,8,2045,Invierno
9082045,9,8,2045,Invierno
10082045,10,8,2045,Invierno
11082045,11,8,2045,Invierno
12082045,12,8,2045,Invierno
13082045,13,8,2045,Invierno
14082045,14,8,2045,Invierno
15082045,15,8,2045,Invierno
16082045,16,8,2045,Invierno
17082045,17,8,2045,Invierno
18082045,18,8,2045,Invierno
19082045,19,8,2045,Invierno
20082045,20,8,2045,Invierno
21082045,21,8,2045,Invierno
22082045,22,8,2045,Invierno
23082045,23,8,2045,Invierno
24082045,24,8,2045,Invierno
25082045,25,8,2045,Invierno
26082045,26,8,2045,Invierno
27082045,27,8,2045,Invierno
28082045,28,8,2045,Invierno
29082045,29,8,2045,Invierno
30082045,30,8,2045,Invierno
31082045,31,8,2045,Invierno
1092045,1,9,2045,Primavera
2092045,2,9,2045,Primavera
3092045,3,9,2045,Primavera
4092045,4,9,2045,Primavera
5092045,5,9,2045,Primavera
6092045,6,9,2045,Primavera
7092045,7,9,2045,Primavera
8092045,8,9,2045,Primavera
9092045,9,9,2045,Primavera
10092045,10,9,2045,Primavera
11092045,11,9,2045,Primavera
12092045,12,9,2045,Primavera
13092045,13,9,2045,Primavera
14092045,14,9,2045,Primavera
15092045,15,9,2045,Primavera
16092045,16,9,2045,Primavera
17092045,17,9,2045,Primavera
18092045,18,9,2045,Primavera
19092045,19,9,2045,Primavera
20092045,20,9,2045,Primavera
21092045,21,9,2045,Primavera
22092045,22,9,2045,Primavera
23092045,23,9,2045,Primavera
24092045,24,9,2045,Primavera
25092045,25,9,2045,Primavera
26092045,26,9,2045,Primavera
27092045,27,9,2045,Primavera
28092045,28,9,2045,Primavera
29092045,29,9,2045,Primavera
30092045,30,9,2045,Primavera
1102045,1,10,2045,Primavera
2102045,2,10,2045,Primavera
3102045,3,10,2045,Primavera
4102045,4,10,2045,Primavera
5102045,5,10,2045,Primavera
6102045,6,10,2045,Primavera
7102045,7,10,2045,Primavera
8102045,8,10,2045,Primavera
9102045,9,10,2045,Primavera
10102045,10,10,2045,Primavera
11102045,11,10,2045,Primavera
12102045,12,10,2045,Primavera
13102045,13,10,2045,Primavera
14102045,14,10,2045,Primavera
15102045,15,10,2045,Primavera
16102045,16,10,2045,Primavera
17102045,17,10,2045,Primavera
18102045,18,10,2045,Primavera
19102045,19,10,2045,Primavera
20102045,20,10,2045,Primavera
21102045,21,10,2045,Primavera
22102045,22,10,2045,Primavera
23102045,23,10,2045,Primavera
24102045,24,10,2045,Primavera
25102045,25,10,2045,Primavera
26102045,26,10,2045,Primavera
27102045,27,10,2045,Primavera
28102045,28,10,2045,Primavera
29102045,29,10,2045,Primavera
30102045,30,10,2045,Primavera
31102045,31,10,2045,Primavera
1112045,1,11,2045,Primavera
2112045,2,11,2045,Primavera
3112045,3,11,2045,Primavera
4112045,4,11,2045,Primavera
5112045,5,11,2045,Primavera
6112045,6,11,2045,Primavera
7112045,7,11,2045,Primavera
8112045,8,11,2045,Primavera
9112045,9,11,2045,Primavera
10112045,10,11,2045,Primavera
11112045,11,11,2045,Primavera
12112045,12,11,2045,Primavera
13112045,13,11,2045,Primavera
14112045,14,11,2045,Primavera
15112045,15,11,2045,Primavera
16112045,16,11,2045,Primavera
17112045,17,11,2045,Primavera
18112045,18,11,2045,Primavera
19112045,19,11,2045,Primavera
20112045,20,11,2045,Primavera
21112045,21,11,2045,Primavera
22112045,22,11,2045,Primavera
23112045,23,11,2045,Primavera
24112045,24,11,2045,Primavera
25112045,25,11,2045,Primavera
26112045,26,11,2045,Primavera
27112045,27,11,2045,Primavera
28112045,28,11,2045,Primavera
29112045,29,11,2045,Primavera
30112045,30,11,2045,Primavera
1122045,1,12,2045,Verano
2122045,2,12,2045,Verano
3122045,3,12,2045,Verano
4122045,4,12,2045,Verano
5122045,5,12,2045,Verano
6122045,6,12,2045,Verano
7122045,7,12,2045,Verano
8122045,8,12,2045,Verano
9122045,9,12,2045,Verano
10122045,10,12,2045,Verano
11122045,11,12,2045,Verano
12122045,12,12,2045,Verano
13122045,13,12,2045,Verano
14122045,14,12,2045,Verano
15122045,15,12,2045,Verano
16122045,16,12,2045,Verano
17122045,17,12,2045,Verano
18122045,18,12,2045,Verano
19122045,19,12,2045,Verano
20122045,20,12,2045,Verano
21122045,21,12,2045,Verano
22122045,22,12,2045,Verano
23122045,23,12,2045,Verano
24122045,24,12,2045,Verano
25122045,25,12,2045,Verano
26122045,26,12,2045,Verano
27122045,27,12,2045,Verano
28122045,28,12,2045,Verano
29122045,29,12,2045,Verano
30122045,30,12,2045,Verano
31122045,31,12,2045,Verano
1012046,1,1,2046,Verano
2012046,2,1,2046,Verano
3012046,3,1,2046,Verano
4012046,4,1,2046,Verano
5012046,5,1,2046,Verano
6012046,6,1,2046,Verano
7012046,7,1,2046,Verano
8012046,8,1,2046,Verano
9012046,9,1,2046,Verano
10012046,10,1,2046,Verano
11012046,11,1,2046,Verano
12012046,12,1,2046,Verano
13012046,13,1,2046,Verano
14012046,14,1,2046,Verano
15012046,15,1,2046,Verano
16012046,16,1,2046,Verano
17012046,17,1,2046,Verano
18012046,18,1,2046,Verano
19012046,19,1,2046,Verano
20012046,20,1,2046,Verano
21012046,21,1,2046,Verano
22012046,22,1,2046,Verano
23012046,23,1,2046,Verano
24012046,24,1,2046,Verano
25012046,25,1,2046,Verano
26012046,26,1,2046,Verano
27012046,27,1,2046,Verano
28012046,28,1,2046,Verano
29012046,29,1,2046,Verano
30012046,30,1,2046,Verano
31012046,31,1,2046,Verano
1022046,1,2,2046,Verano
2022046,2,2,2046,Verano
3022046,3,2,2046,Verano
4022046,4,2,2046,Verano
5022046,5,2,2046,Verano
6022046,6,2,2046,Verano
7022046,7,2,2046,Verano
8022046,8,2,2046,Verano
9022046,9,2,2046,Verano
10022046,10,2,2046,Verano
11022046,11,2,2046,Verano
12022046,12,2,2046,Verano
13022046,13,2,2046,Verano
14022046,14,2,2046,Verano
15022046,15,2,2046,Verano
16022046,16,2,2046,Verano
17022046,17,2,2046,Verano
18022046,18,2,2046,Verano
19022046,19,2,2046,Verano
20022046,20,2,2046,Verano
21022046,21,2,2046,Verano
22022046,22,2,2046,Verano
23022046,23,2,2046,Verano
24022046,24,2,2046,Verano
25022046,25,2,2046,Verano
26022046,26,2,2046,Verano
27022046,27,2,2046,Verano
28022046,28,2,2046,Verano
1032046,1,3,2046,Otoño
2032046,2,3,2046,Otoño
3032046,3,3,2046,Otoño
4032046,4,3,2046,Otoño
5032046,5,3,2046,Otoño
6032046,6,3,2046,Otoño
7032046,7,3,2046,Otoño
8032046,8,3,2046,Otoño
9032046,9,3,2046,Otoño
10032046,10,3,2046,Otoño
11032046,11,3,2046,Otoño
12032046,12,3,2046,Otoño
13032046,13,3,2046,Otoño
14032046,14,3,2046,Otoño
15032046,15,3,2046,Otoño
16032046,16,3,2046,Otoño
17032046,17,3,2046,Otoño
18032046,18,3,2046,Otoño
19032046,19,3,2046,Otoño
20032046,20,3,2046,Otoño
21032046,21,3,2046,Otoño
22032046,22,3,2046,Otoño
23032046,23,3,2046,Otoño
24032046,24,3,2046,Otoño
25032046,25,3,2046,Otoño
26032046,26,3,2046,Otoño
27032046,27,3,2046,Otoño
28032046,28,3,2046,Otoño
29032046,29,3,2046,Otoño
30032046,30,3,2046,Otoño
31032046,31,3,2046,Otoño
1042046,1,4,2046,Otoño
2042046,2,4,2046,Otoño
3042046,3,4,2046,Otoño
4042046,4,4,2046,Otoño
5042046,5,4,2046,Otoño
6042046,6,4,2046,Otoño
7042046,7,4,2046,Otoño
8042046,8,4,2046,Otoño
9042046,9,4,2046,Otoño
10042046,10,4,2046,Otoño
11042046,11,4,2046,Otoño
12042046,12,4,2046,Otoño
13042046,13,4,2046,Otoño
14042046,14,4,2046,Otoño
15042046,15,4,2046,Otoño
16042046,16,4,2046,Otoño
17042046,17,4,2046,Otoño
18042046,18,4,2046,Otoño
19042046,19,4,2046,Otoño
20042046,20,4,2046,Otoño
21042046,21,4,2046,Otoño
22042046,22,4,2046,Otoño
23042046,23,4,2046,Otoño
24042046,24,4,2046,Otoño
25042046,25,4,2046,Otoño
26042046,26,4,2046,Otoño
27042046,27,4,2046,Otoño
28042046,28,4,2046,Otoño
29042046,29,4,2046,Otoño
30042046,30,4,2046,Otoño
1052046,1,5,2046,Otoño
2052046,2,5,2046,Otoño
3052046,3,5,2046,Otoño
4052046,4,5,2046,Otoño
5052046,5,5,2046,Otoño
6052046,6,5,2046,Otoño
7052046,7,5,2046,Otoño
8052046,8,5,2046,Otoño
9052046,9,5,2046,Otoño
10052046,10,5,2046,Otoño
11052046,11,5,2046,Otoño
12052046,12,5,2046,Otoño
13052046,13,5,2046,Otoño
14052046,14,5,2046,Otoño
15052046,15,5,2046,Otoño
16052046,16,5,2046,Otoño
17052046,17,5,2046,Otoño
18052046,18,5,2046,Otoño
19052046,19,5,2046,Otoño
20052046,20,5,2046,Otoño
21052046,21,5,2046,Otoño
22052046,22,5,2046,Otoño
23052046,23,5,2046,Otoño
24052046,24,5,2046,Otoño
25052046,25,5,2046,Otoño
26052046,26,5,2046,Otoño
27052046,27,5,2046,Otoño
28052046,28,5,2046,Otoño
29052046,29,5,2046,Otoño
30052046,30,5,2046,Otoño
31052046,31,5,2046,Otoño
1062046,1,6,2046,Invierno
2062046,2,6,2046,Invierno
3062046,3,6,2046,Invierno
4062046,4,6,2046,Invierno
5062046,5,6,2046,Invierno
6062046,6,6,2046,Invierno
7062046,7,6,2046,Invierno
8062046,8,6,2046,Invierno
9062046,9,6,2046,Invierno
10062046,10,6,2046,Invierno
11062046,11,6,2046,Invierno
12062046,12,6,2046,Invierno
13062046,13,6,2046,Invierno
14062046,14,6,2046,Invierno
15062046,15,6,2046,Invierno
16062046,16,6,2046,Invierno
17062046,17,6,2046,Invierno
18062046,18,6,2046,Invierno
19062046,19,6,2046,Invierno
20062046,20,6,2046,Invierno
21062046,21,6,2046,Invierno
22062046,22,6,2046,Invierno
23062046,23,6,2046,Invierno
24062046,24,6,2046,Invierno
25062046,25,6,2046,Invierno
26062046,26,6,2046,Invierno
27062046,27,6,2046,Invierno
28062046,28,6,2046,Invierno
29062046,29,6,2046,Invierno
30062046,30,6,2046,Invierno
1072046,1,7,2046,Invierno
2072046,2,7,2046,Invierno
3072046,3,7,2046,Invierno
4072046,4,7,2046,Invierno
5072046,5,7,2046,Invierno
6072046,6,7,2046,Invierno
7072046,7,7,2046,Invierno
8072046,8,7,2046,Invierno
9072046,9,7,2046,Invierno
10072046,10,7,2046,Invierno
11072046,11,7,2046,Invierno
12072046,12,7,2046,Invierno
13072046,13,7,2046,Invierno
14072046,14,7,2046,Invierno
15072046,15,7,2046,Invierno
16072046,16,7,2046,Invierno
17072046,17,7,2046,Invierno
18072046,18,7,2046,Invierno
19072046,19,7,2046,Invierno
20072046,20,7,2046,Invierno
21072046,21,7,2046,Invierno
22072046,22,7,2046,Invierno
23072046,23,7,2046,Invierno
24072046,24,7,2046,Invierno
25072046,25,7,2046,Invierno
26072046,26,7,2046,Invierno
27072046,27,7,2046,Invierno
28072046,28,7,2046,Invierno
29072046,29,7,2046,Invierno
30072046,30,7,2046,Invierno
31072046,31,7,2046,Invierno
1082046,1,8,2046,Invierno
2082046,2,8,2046,Invierno
3082046,3,8,2046,Invierno
4082046,4,8,2046,Invierno
5082046,5,8,2046,Invierno
6082046,6,8,2046,Invierno
7082046,7,8,2046,Invierno
8082046,8,8,2046,Invierno
9082046,9,8,2046,Invierno
10082046,10,8,2046,Invierno
11082046,11,8,2046,Invierno
12082046,12,8,2046,Invierno
13082046,13,8,2046,Invierno
14082046,14,8,2046,Invierno
15082046,15,8,2046,Invierno
16082046,16,8,2046,Invierno
17082046,17,8,2046,Invierno
18082046,18,8,2046,Invierno
19082046,19,8,2046,Invierno
20082046,20,8,2046,Invierno
21082046,21,8,2046,Invierno
22082046,22,8,2046,Invierno
23082046,23,8,2046,Invierno
24082046,24,8,2046,Invierno
25082046,25,8,2046,Invierno
26082046,26,8,2046,Invierno
27082046,27,8,2046,Invierno
28082046,28,8,2046,Invierno
29082046,29,8,2046,Invierno
30082046,30,8,2046,Invierno
31082046,31,8,2046,Invierno
1092046,1,9,2046,Primavera
2092046,2,9,2046,Primavera
3092046,3,9,2046,Primavera
4092046,4,9,2046,Primavera
5092046,5,9,2046,Primavera
6092046,6,9,2046,Primavera
7092046,7,9,2046,Primavera
8092046,8,9,2046,Primavera
9092046,9,9,2046,Primavera
10092046,10,9,2046,Primavera
11092046,11,9,2046,Primavera
12092046,12,9,2046,Primavera
13092046,13,9,2046,Primavera
14092046,14,9,2046,Primavera
15092046,15,9,2046,Primavera
16092046,16,9,2046,Primavera
17092046,17,9,2046,Primavera
18092046,18,9,2046,Primavera
19092046,19,9,2046,Primavera
20092046,20,9,2046,Primavera
21092046,21,9,2046,Primavera
22092046,22,9,2046,Primavera
23092046,23,9,2046,Primavera
24092046,24,9,2046,Primavera
25092046,25,9,2046,Primavera
26092046,26,9,2046,Primavera
27092046,27,9,2046,Primavera
28092046,28,9,2046,Primavera
29092046,29,9,2046,Primavera
30092046,30,9,2046,Primavera
1102046,1,10,2046,Primavera
2102046,2,10,2046,Primavera
3102046,3,10,2046,Primavera
4102046,4,10,2046,Primavera
5102046,5,10,2046,Primavera
6102046,6,10,2046,Primavera
7102046,7,10,2046,Primavera
8102046,8,10,2046,Primavera
9102046,9,10,2046,Primavera
10102046,10,10,2046,Primavera
11102046,11,10,2046,Primavera
12102046,12,10,2046,Primavera
13102046,13,10,2046,Primavera
14102046,14,10,2046,Primavera
15102046,15,10,2046,Primavera
16102046,16,10,2046,Primavera
17102046,17,10,2046,Primavera
18102046,18,10,2046,Primavera
19102046,19,10,2046,Primavera
20102046,20,10,2046,Primavera
21102046,21,10,2046,Primavera
22102046,22,10,2046,Primavera
23102046,23,10,2046,Primavera
24102046,24,10,2046,Primavera
25102046,25,10,2046,Primavera
26102046,26,10,2046,Primavera
27102046,27,10,2046,Primavera
28102046,28,10,2046,Primavera
29102046,29,10,2046,Primavera
30102046,30,10,2046,Primavera
31102046,31,10,2046,Primavera
1112046,1,11,2046,Primavera
2112046,2,11,2046,Primavera
3112046,3,11,2046,Primavera
4112046,4,11,2046,Primavera
5112046,5,11,2046,Primavera
6112046,6,11,2046,Primavera
7112046,7,11,2046,Primavera
8112046,8,11,2046,Primavera
9112046,9,11,2046,Primavera
10112046,10,11,2046,Primavera
11112046,11,11,2046,Primavera
12112046,12,11,2046,Primavera
13112046,13,11,2046,Primavera
14112046,14,11,2046,Primavera
15112046,15,11,2046,Primavera
16112046,16,11,2046,Primavera
17112046,17,11,2046,Primavera
18112046,18,11,2046,Primavera
19112046,19,11,2046,Primavera
20112046,20,11,2046,Primavera
21112046,21,11,2046,Primavera
22112046,22,11,2046,Primavera
23112046,23,11,2046,Primavera
24112046,24,11,2046,Primavera
25112046,25,11,2046,Primavera
26112046,26,11,2046,Primavera
27112046,27,11,2046,Primavera
28112046,28,11,2046,Primavera
29112046,29,11,2046,Primavera
30112046,30,11,2046,Primavera
1122046,1,12,2046,Verano
2122046,2,12,2046,Verano
3122046,3,12,2046,Verano
4122046,4,12,2046,Verano
5122046,5,12,2046,Verano
6122046,6,12,2046,Verano
7122046,7,12,2046,Verano
8122046,8,12,2046,Verano
9122046,9,12,2046,Verano
10122046,10,12,2046,Verano
11122046,11,12,2046,Verano
12122046,12,12,2046,Verano
13122046,13,12,2046,Verano
14122046,14,12,2046,Verano
15122046,15,12,2046,Verano
16122046,16,12,2046,Verano
17122046,17,12,2046,Verano
18122046,18,12,2046,Verano
19122046,19,12,2046,Verano
20122046,20,12,2046,Verano
21122046,21,12,2046,Verano
22122046,22,12,2046,Verano
23122046,23,12,2046,Verano
24122046,24,12,2046,Verano
25122046,25,12,2046,Verano
26122046,26,12,2046,Verano
27122046,27,12,2046,Verano
28122046,28,12,2046,Verano
29122046,29,12,2046,Verano
30122046,30,12,2046,Verano
31122046,31,12,2046,Verano
1012047,1,1,2047,Verano
2012047,2,1,2047,Verano
3012047,3,1,2047,Verano
4012047,4,1,2047,Verano
5012047,5,1,2047,Verano
6012047,6,1,2047,Verano
7012047,7,1,2047,Verano
8012047,8,1,2047,Verano
9012047,9,1,2047,Verano
10012047,10,1,2047,Verano
11012047,11,1,2047,Verano
12012047,12,1,2047,Verano
13012047,13,1,2047,Verano
14012047,14,1,2047,Verano
15012047,15,1,2047,Verano
16012047,16,1,2047,Verano
17012047,17,1,2047,Verano
18012047,18,1,2047,Verano
19012047,19,1,2047,Verano
20012047,20,1,2047,Verano
21012047,21,1,2047,Verano
22012047,22,1,2047,Verano
23012047,23,1,2047,Verano
24012047,24,1,2047,Verano
25012047,25,1,2047,Verano
26012047,26,1,2047,Verano
27012047,27,1,2047,Verano
28012047,28,1,2047,Verano
29012047,29,1,2047,Verano
30012047,30,1,2047,Verano
31012047,31,1,2047,Verano
1022047,1,2,2047,Verano
2022047,2,2,2047,Verano
3022047,3,2,2047,Verano
4022047,4,2,2047,Verano
5022047,5,2,2047,Verano
6022047,6,2,2047,Verano
7022047,7,2,2047,Verano
8022047,8,2,2047,Verano
9022047,9,2,2047,Verano
10022047,10,2,2047,Verano
11022047,11,2,2047,Verano
12022047,12,2,2047,Verano
13022047,13,2,2047,Verano
14022047,14,2,2047,Verano
15022047,15,2,2047,Verano
16022047,16,2,2047,Verano
17022047,17,2,2047,Verano
18022047,18,2,2047,Verano
19022047,19,2,2047,Verano
20022047,20,2,2047,Verano
21022047,21,2,2047,Verano
22022047,22,2,2047,Verano
23022047,23,2,2047,Verano
24022047,24,2,2047,Verano
25022047,25,2,2047,Verano
26022047,26,2,2047,Verano
27022047,27,2,2047,Verano
28022047,28,2,2047,Verano
1032047,1,3,2047,Otoño
2032047,2,3,2047,Otoño
3032047,3,3,2047,Otoño
4032047,4,3,2047,Otoño
5032047,5,3,2047,Otoño
6032047,6,3,2047,Otoño
7032047,7,3,2047,Otoño
8032047,8,3,2047,Otoño
9032047,9,3,2047,Otoño
10032047,10,3,2047,Otoño
11032047,11,3,2047,Otoño
12032047,12,3,2047,Otoño
13032047,13,3,2047,Otoño
14032047,14,3,2047,Otoño
15032047,15,3,2047,Otoño
16032047,16,3,2047,Otoño
17032047,17,3,2047,Otoño
18032047,18,3,2047,Otoño
19032047,19,3,2047,Otoño
20032047,20,3,2047,Otoño
21032047,21,3,2047,Otoño
22032047,22,3,2047,Otoño
23032047,23,3,2047,Otoño
24032047,24,3,2047,Otoño
25032047,25,3,2047,Otoño
26032047,26,3,2047,Otoño
27032047,27,3,2047,Otoño
28032047,28,3,2047,Otoño
29032047,29,3,2047,Otoño
30032047,30,3,2047,Otoño
31032047,31,3,2047,Otoño
1042047,1,4,2047,Otoño
2042047,2,4,2047,Otoño
3042047,3,4,2047,Otoño
4042047,4,4,2047,Otoño
5042047,5,4,2047,Otoño
6042047,6,4,2047,Otoño
7042047,7,4,2047,Otoño
8042047,8,4,2047,Otoño
9042047,9,4,2047,Otoño
10042047,10,4,2047,Otoño
11042047,11,4,2047,Otoño
12042047,12,4,2047,Otoño
13042047,13,4,2047,Otoño
14042047,14,4,2047,Otoño
15042047,15,4,2047,Otoño
16042047,16,4,2047,Otoño
17042047,17,4,2047,Otoño
18042047,18,4,2047,Otoño
19042047,19,4,2047,Otoño
20042047,20,4,2047,Otoño
21042047,21,4,2047,Otoño
22042047,22,4,2047,Otoño
23042047,23,4,2047,Otoño
24042047,24,4,2047,Otoño
25042047,25,4,2047,Otoño
26042047,26,4,2047,Otoño
27042047,27,4,2047,Otoño
28042047,28,4,2047,Otoño
29042047,29,4,2047,Otoño
30042047,30,4,2047,Otoño
1052047,1,5,2047,Otoño
2052047,2,5,2047,Otoño
3052047,3,5,2047,Otoño
4052047,4,5,2047,Otoño
5052047,5,5,2047,Otoño
6052047,6,5,2047,Otoño
7052047,7,5,2047,Otoño
8052047,8,5,2047,Otoño
9052047,9,5,2047,Otoño
10052047,10,5,2047,Otoño
11052047,11,5,2047,Otoño
12052047,12,5,2047,Otoño
13052047,13,5,2047,Otoño
14052047,14,5,2047,Otoño
15052047,15,5,2047,Otoño
16052047,16,5,2047,Otoño
17052047,17,5,2047,Otoño
18052047,18,5,2047,Otoño
19052047,19,5,2047,Otoño
20052047,20,5,2047,Otoño
21052047,21,5,2047,Otoño
22052047,22,5,2047,Otoño
23052047,23,5,2047,Otoño
24052047,24,5,2047,Otoño
25052047,25,5,2047,Otoño
26052047,26,5,2047,Otoño
27052047,27,5,2047,Otoño
28052047,28,5,2047,Otoño
29052047,29,5,2047,Otoño
30052047,30,5,2047,Otoño
31052047,31,5,2047,Otoño
1062047,1,6,2047,Invierno
2062047,2,6,2047,Invierno
3062047,3,6,2047,Invierno
4062047,4,6,2047,Invierno
5062047,5,6,2047,Invierno
6062047,6,6,2047,Invierno
7062047,7,6,2047,Invierno
8062047,8,6,2047,Invierno
9062047,9,6,2047,Invierno
10062047,10,6,2047,Invierno
11062047,11,6,2047,Invierno
12062047,12,6,2047,Invierno
13062047,13,6,2047,Invierno
14062047,14,6,2047,Invierno
15062047,15,6,2047,Invierno
16062047,16,6,2047,Invierno
17062047,17,6,2047,Invierno
18062047,18,6,2047,Invierno
19062047,19,6,2047,Invierno
20062047,20,6,2047,Invierno
21062047,21,6,2047,Invierno
22062047,22,6,2047,Invierno
23062047,23,6,2047,Invierno
24062047,24,6,2047,Invierno
25062047,25,6,2047,Invierno
26062047,26,6,2047,Invierno
27062047,27,6,2047,Invierno
28062047,28,6,2047,Invierno
29062047,29,6,2047,Invierno
30062047,30,6,2047,Invierno
1072047,1,7,2047,Invierno
2072047,2,7,2047,Invierno
3072047,3,7,2047,Invierno
4072047,4,7,2047,Invierno
5072047,5,7,2047,Invierno
6072047,6,7,2047,Invierno
7072047,7,7,2047,Invierno
8072047,8,7,2047,Invierno
9072047,9,7,2047,Invierno
10072047,10,7,2047,Invierno
11072047,11,7,2047,Invierno
12072047,12,7,2047,Invierno
13072047,13,7,2047,Invierno
14072047,14,7,2047,Invierno
15072047,15,7,2047,Invierno
16072047,16,7,2047,Invierno
17072047,17,7,2047,Invierno
18072047,18,7,2047,Invierno
19072047,19,7,2047,Invierno
20072047,20,7,2047,Invierno
21072047,21,7,2047,Invierno
22072047,22,7,2047,Invierno
23072047,23,7,2047,Invierno
24072047,24,7,2047,Invierno
25072047,25,7,2047,Invierno
26072047,26,7,2047,Invierno
27072047,27,7,2047,Invierno
28072047,28,7,2047,Invierno
29072047,29,7,2047,Invierno
30072047,30,7,2047,Invierno
31072047,31,7,2047,Invierno
1082047,1,8,2047,Invierno
2082047,2,8,2047,Invierno
3082047,3,8,2047,Invierno
4082047,4,8,2047,Invierno
5082047,5,8,2047,Invierno
6082047,6,8,2047,Invierno
7082047,7,8,2047,Invierno
8082047,8,8,2047,Invierno
9082047,9,8,2047,Invierno
10082047,10,8,2047,Invierno
11082047,11,8,2047,Invierno
12082047,12,8,2047,Invierno
13082047,13,8,2047,Invierno
14082047,14,8,2047,Invierno
15082047,15,8,2047,Invierno
16082047,16,8,2047,Invierno
17082047,17,8,2047,Invierno
18082047,18,8,2047,Invierno
19082047,19,8,2047,Invierno
20082047,20,8,2047,Invierno
21082047,21,8,2047,Invierno
22082047,22,8,2047,Invierno
23082047,23,8,2047,Invierno
24082047,24,8,2047,Invierno
25082047,25,8,2047,Invierno
26082047,26,8,2047,Invierno
27082047,27,8,2047,Invierno
28082047,28,8,2047,Invierno
29082047,29,8,2047,Invierno
30082047,30,8,2047,Invierno
31082047,31,8,2047,Invierno
1092047,1,9,2047,Primavera
2092047,2,9,2047,Primavera
3092047,3,9,2047,Primavera
4092047,4,9,2047,Primavera
5092047,5,9,2047,Primavera
6092047,6,9,2047,Primavera
7092047,7,9,2047,Primavera
8092047,8,9,2047,Primavera
9092047,9,9,2047,Primavera
10092047,10,9,2047,Primavera
11092047,11,9,2047,Primavera
12092047,12,9,2047,Primavera
13092047,13,9,2047,Primavera
14092047,14,9,2047,Primavera
15092047,15,9,2047,Primavera
16092047,16,9,2047,Primavera
17092047,17,9,2047,Primavera
18092047,18,9,2047,Primavera
19092047,19,9,2047,Primavera
20092047,20,9,2047,Primavera
21092047,21,9,2047,Primavera
22092047,22,9,2047,Primavera
23092047,23,9,2047,Primavera
24092047,24,9,2047,Primavera
25092047,25,9,2047,Primavera
26092047,26,9,2047,Primavera
27092047,27,9,2047,Primavera
28092047,28,9,2047,Primavera
29092047,29,9,2047,Primavera
30092047,30,9,2047,Primavera
1102047,1,10,2047,Primavera
2102047,2,10,2047,Primavera
3102047,3,10,2047,Primavera
4102047,4,10,2047,Primavera
5102047,5,10,2047,Primavera
6102047,6,10,2047,Primavera
7102047,7,10,2047,Primavera
8102047,8,10,2047,Primavera
9102047,9,10,2047,Primavera
10102047,10,10,2047,Primavera
11102047,11,10,2047,Primavera
12102047,12,10,2047,Primavera
13102047,13,10,2047,Primavera
14102047,14,10,2047,Primavera
15102047,15,10,2047,Primavera
16102047,16,10,2047,Primavera
17102047,17,10,2047,Primavera
18102047,18,10,2047,Primavera
19102047,19,10,2047,Primavera
20102047,20,10,2047,Primavera
21102047,21,10,2047,Primavera
22102047,22,10,2047,Primavera
23102047,23,10,2047,Primavera
24102047,24,10,2047,Primavera
25102047,25,10,2047,Primavera
26102047,26,10,2047,Primavera
27102047,27,10,2047,Primavera
28102047,28,10,2047,Primavera
29102047,29,10,2047,Primavera
30102047,30,10,2047,Primavera
31102047,31,10,2047,Primavera
1112047,1,11,2047,Primavera
2112047,2,11,2047,Primavera
3112047,3,11,2047,Primavera
4112047,4,11,2047,Primavera
5112047,5,11,2047,Primavera
6112047,6,11,2047,Primavera
7112047,7,11,2047,Primavera
8112047,8,11,2047,Primavera
9112047,9,11,2047,Primavera
10112047,10,11,2047,Primavera
11112047,11,11,2047,Primavera
12112047,12,11,2047,Primavera
13112047,13,11,2047,Primavera
14112047,14,11,2047,Primavera
15112047,15,11,2047,Primavera
16112047,16,11,2047,Primavera
17112047,17,11,2047,Primavera
18112047,18,11,2047,Primavera
19112047,19,11,2047,Primavera
20112047,20,11,2047,Primavera
21112047,21,11,2047,Primavera
22112047,22,11,2047,Primavera
23112047,23,11,2047,Primavera
24112047,24,11,2047,Primavera
25112047,25,11,2047,Primavera
26112047,26,11,2047,Primavera
27112047,27,11,2047,Primavera
28112047,28,11,2047,Primavera
29112047,29,11,2047,Primavera
30112047,30,11,2047,Primavera
1122047,1,12,2047,Verano
2122047,2,12,2047,Verano
3122047,3,12,2047,Verano
4122047,4,12,2047,Verano
5122047,5,12,2047,Verano
6122047,6,12,2047,Verano
7122047,7,12,2047,Verano
8122047,8,12,2047,Verano
9122047,9,12,2047,Verano
10122047,10,12,2047,Verano
11122047,11,12,2047,Verano
12122047,12,12,2047,Verano
13122047,13,12,2047,Verano
14122047,14,12,2047,Verano
15122047,15,12,2047,Verano
16122047,16,12,2047,Verano
17122047,17,12,2047,Verano
18122047,18,12,2047,Verano
19122047,19,12,2047,Verano
20122047,20,12,2047,Verano
21122047,21,12,2047,Verano
22122047,22,12,2047,Verano
23122047,23,12,2047,Verano
24122047,24,12,2047,Verano
25122047,25,12,2047,Verano
26122047,26,12,2047,Verano
27122047,27,12,2047,Verano
28122047,28,12,2047,Verano
29122047,29,12,2047,Verano
30122047,30,12,2047,Verano
31122047,31,12,2047,Verano
1012048,1,1,2048,Verano
2012048,2,1,2048,Verano
3012048,3,1,2048,Verano
4012048,4,1,2048,Verano
5012048,5,1,2048,Verano
6012048,6,1,2048,Verano
7012048,7,1,2048,Verano
8012048,8,1,2048,Verano
9012048,9,1,2048,Verano
10012048,10,1,2048,Verano
11012048,11,1,2048,Verano
12012048,12,1,2048,Verano
13012048,13,1,2048,Verano
14012048,14,1,2048,Verano
15012048,15,1,2048,Verano
16012048,16,1,2048,Verano
17012048,17,1,2048,Verano
18012048,18,1,2048,Verano
19012048,19,1,2048,Verano
20012048,20,1,2048,Verano
21012048,21,1,2048,Verano
22012048,22,1,2048,Verano
23012048,23,1,2048,Verano
24012048,24,1,2048,Verano
25012048,25,1,2048,Verano
26012048,26,1,2048,Verano
27012048,27,1,2048,Verano
28012048,28,1,2048,Verano
29012048,29,1,2048,Verano
30012048,30,1,2048,Verano
31012048,31,1,2048,Verano
1022048,1,2,2048,Verano
2022048,2,2,2048,Verano
3022048,3,2,2048,Verano
4022048,4,2,2048,Verano
5022048,5,2,2048,Verano
6022048,6,2,2048,Verano
7022048,7,2,2048,Verano
8022048,8,2,2048,Verano
9022048,9,2,2048,Verano
10022048,10,2,2048,Verano
11022048,11,2,2048,Verano
12022048,12,2,2048,Verano
13022048,13,2,2048,Verano
14022048,14,2,2048,Verano
15022048,15,2,2048,Verano
16022048,16,2,2048,Verano
17022048,17,2,2048,Verano
18022048,18,2,2048,Verano
19022048,19,2,2048,Verano
20022048,20,2,2048,Verano
21022048,21,2,2048,Verano
22022048,22,2,2048,Verano
23022048,23,2,2048,Verano
24022048,24,2,2048,Verano
25022048,25,2,2048,Verano
26022048,26,2,2048,Verano
27022048,27,2,2048,Verano
28022048,28,2,2048,Verano
29022048,29,2,2048,Verano
1032048,1,3,2048,Otoño
2032048,2,3,2048,Otoño
3032048,3,3,2048,Otoño
4032048,4,3,2048,Otoño
5032048,5,3,2048,Otoño
6032048,6,3,2048,Otoño
7032048,7,3,2048,Otoño
8032048,8,3,2048,Otoño
9032048,9,3,2048,Otoño
10032048,10,3,2048,Otoño
11032048,11,3,2048,Otoño
12032048,12,3,2048,Otoño
13032048,13,3,2048,Otoño
14032048,14,3,2048,Otoño
15032048,15,3,2048,Otoño
16032048,16,3,2048,Otoño
17032048,17,3,2048,Otoño
18032048,18,3,2048,Otoño
19032048,19,3,2048,Otoño
20032048,20,3,2048,Otoño
21032048,21,3,2048,Otoño
22032048,22,3,2048,Otoño
23032048,23,3,2048,Otoño
24032048,24,3,2048,Otoño
25032048,25,3,2048,Otoño
26032048,26,3,2048,Otoño
27032048,27,3,2048,Otoño
28032048,28,3,2048,Otoño
29032048,29,3,2048,Otoño
30032048,30,3,2048,Otoño
31032048,31,3,2048,Otoño
1042048,1,4,2048,Otoño
2042048,2,4,2048,Otoño
3042048,3,4,2048,Otoño
4042048,4,4,2048,Otoño
5042048,5,4,2048,Otoño
6042048,6,4,2048,Otoño
7042048,7,4,2048,Otoño
8042048,8,4,2048,Otoño
9042048,9,4,2048,Otoño
10042048,10,4,2048,Otoño
11042048,11,4,2048,Otoño
12042048,12,4,2048,Otoño
13042048,13,4,2048,Otoño
14042048,14,4,2048,Otoño
15042048,15,4,2048,Otoño
16042048,16,4,2048,Otoño
17042048,17,4,2048,Otoño
18042048,18,4,2048,Otoño
19042048,19,4,2048,Otoño
20042048,20,4,2048,Otoño
21042048,21,4,2048,Otoño
22042048,22,4,2048,Otoño
23042048,23,4,2048,Otoño
24042048,24,4,2048,Otoño
25042048,25,4,2048,Otoño
26042048,26,4,2048,Otoño
27042048,27,4,2048,Otoño
28042048,28,4,2048,Otoño
29042048,29,4,2048,Otoño
30042048,30,4,2048,Otoño
1052048,1,5,2048,Otoño
2052048,2,5,2048,Otoño
3052048,3,5,2048,Otoño
4052048,4,5,2048,Otoño
5052048,5,5,2048,Otoño
6052048,6,5,2048,Otoño
7052048,7,5,2048,Otoño
8052048,8,5,2048,Otoño
9052048,9,5,2048,Otoño
10052048,10,5,2048,Otoño
11052048,11,5,2048,Otoño
12052048,12,5,2048,Otoño
13052048,13,5,2048,Otoño
14052048,14,5,2048,Otoño
15052048,15,5,2048,Otoño
16052048,16,5,2048,Otoño
17052048,17,5,2048,Otoño
18052048,18,5,2048,Otoño
19052048,19,5,2048,Otoño
20052048,20,5,2048,Otoño
21052048,21,5,2048,Otoño
22052048,22,5,2048,Otoño
23052048,23,5,2048,Otoño
24052048,24,5,2048,Otoño
25052048,25,5,2048,Otoño
26052048,26,5,2048,Otoño
27052048,27,5,2048,Otoño
28052048,28,5,2048,Otoño
29052048,29,5,2048,Otoño
30052048,30,5,2048,Otoño
31052048,31,5,2048,Otoño
1062048,1,6,2048,Invierno
2062048,2,6,2048,Invierno
3062048,3,6,2048,Invierno
4062048,4,6,2048,Invierno
5062048,5,6,2048,Invierno
6062048,6,6,2048,Invierno
7062048,7,6,2048,Invierno
8062048,8,6,2048,Invierno
9062048,9,6,2048,Invierno
10062048,10,6,2048,Invierno
11062048,11,6,2048,Invierno
12062048,12,6,2048,Invierno
13062048,13,6,2048,Invierno
14062048,14,6,2048,Invierno
15062048,15,6,2048,Invierno
16062048,16,6,2048,Invierno
17062048,17,6,2048,Invierno
18062048,18,6,2048,Invierno
19062048,19,6,2048,Invierno
20062048,20,6,2048,Invierno
21062048,21,6,2048,Invierno
22062048,22,6,2048,Invierno
23062048,23,6,2048,Invierno
24062048,24,6,2048,Invierno
25062048,25,6,2048,Invierno
26062048,26,6,2048,Invierno
27062048,27,6,2048,Invierno
28062048,28,6,2048,Invierno
29062048,29,6,2048,Invierno
30062048,30,6,2048,Invierno
1072048,1,7,2048,Invierno
2072048,2,7,2048,Invierno
3072048,3,7,2048,Invierno
4072048,4,7,2048,Invierno
5072048,5,7,2048,Invierno
6072048,6,7,2048,Invierno
7072048,7,7,2048,Invierno
8072048,8,7,2048,Invierno
9072048,9,7,2048,Invierno
10072048,10,7,2048,Invierno
11072048,11,7,2048,Invierno
12072048,12,7,2048,Invierno
13072048,13,7,2048,Invierno
14072048,14,7,2048,Invierno
15072048,15,7,2048,Invierno
16072048,16,7,2048,Invierno
17072048,17,7,2048,Invierno
18072048,18,7,2048,Invierno
19072048,19,7,2048,Invierno
20072048,20,7,2048,Invierno
21072048,21,7,2048,Invierno
22072048,22,7,2048,Invierno
23072048,23,7,2048,Invierno
24072048,24,7,2048,Invierno
25072048,25,7,2048,Invierno
26072048,26,7,2048,Invierno
27072048,27,7,2048,Invierno
28072048,28,7,2048,Invierno
29072048,29,7,2048,Invierno
30072048,30,7,2048,Invierno
31072048,31,7,2048,Invierno
1082048,1,8,2048,Invierno
2082048,2,8,2048,Invierno
3082048,3,8,2048,Invierno
4082048,4,8,2048,Invierno
5082048,5,8,2048,Invierno
6082048,6,8,2048,Invierno
7082048,7,8,2048,Invierno
8082048,8,8,2048,Invierno
9082048,9,8,2048,Invierno
10082048,10,8,2048,Invierno
11082048,11,8,2048,Invierno
12082048,12,8,2048,Invierno
13082048,13,8,2048,Invierno
14082048,14,8,2048,Invierno
15082048,15,8,2048,Invierno
16082048,16,8,2048,Invierno
17082048,17,8,2048,Invierno
18082048,18,8,2048,Invierno
19082048,19,8,2048,Invierno
20082048,20,8,2048,Invierno
21082048,21,8,2048,Invierno
22082048,22,8,2048,Invierno
23082048,23,8,2048,Invierno
24082048,24,8,2048,Invierno
25082048,25,8,2048,Invierno
26082048,26,8,2048,Invierno
27082048,27,8,2048,Invierno
28082048,28,8,2048,Invierno
29082048,29,8,2048,Invierno
30082048,30,8,2048,Invierno
31082048,31,8,2048,Invierno
1092048,1,9,2048,Primavera
2092048,2,9,2048,Primavera
3092048,3,9,2048,Primavera
4092048,4,9,2048,Primavera
5092048,5,9,2048,Primavera
6092048,6,9,2048,Primavera
7092048,7,9,2048,Primavera
8092048,8,9,2048,Primavera
9092048,9,9,2048,Primavera
10092048,10,9,2048,Primavera
11092048,11,9,2048,Primavera
12092048,12,9,2048,Primavera
13092048,13,9,2048,Primavera
14092048,14,9,2048,Primavera
15092048,15,9,2048,Primavera
16092048,16,9,2048,Primavera
17092048,17,9,2048,Primavera
18092048,18,9,2048,Primavera
19092048,19,9,2048,Primavera
20092048,20,9,2048,Primavera
21092048,21,9,2048,Primavera
22092048,22,9,2048,Primavera
23092048,23,9,2048,Primavera
24092048,24,9,2048,Primavera
25092048,25,9,2048,Primavera
26092048,26,9,2048,Primavera
27092048,27,9,2048,Primavera
28092048,28,9,2048,Primavera
29092048,29,9,2048,Primavera
30092048,30,9,2048,Primavera
1102048,1,10,2048,Primavera
2102048,2,10,2048,Primavera
3102048,3,10,2048,Primavera
4102048,4,10,2048,Primavera
5102048,5,10,2048,Primavera
6102048,6,10,2048,Primavera
7102048,7,10,2048,Primavera
8102048,8,10,2048,Primavera
9102048,9,10,2048,Primavera
10102048,10,10,2048,Primavera
11102048,11,10,2048,Primavera
12102048,12,10,2048,Primavera
13102048,13,10,2048,Primavera
14102048,14,10,2048,Primavera
15102048,15,10,2048,Primavera
16102048,16,10,2048,Primavera
17102048,17,10,2048,Primavera
18102048,18,10,2048,Primavera
19102048,19,10,2048,Primavera
20102048,20,10,2048,Primavera
21102048,21,10,2048,Primavera
22102048,22,10,2048,Primavera
23102048,23,10,2048,Primavera
24102048,24,10,2048,Primavera
25102048,25,10,2048,Primavera
26102048,26,10,2048,Primavera
27102048,27,10,2048,Primavera
28102048,28,10,2048,Primavera
29102048,29,10,2048,Primavera
30102048,30,10,2048,Primavera
31102048,31,10,2048,Primavera
1112048,1,11,2048,Primavera
2112048,2,11,2048,Primavera
3112048,3,11,2048,Primavera
4112048,4,11,2048,Primavera
5112048,5,11,2048,Primavera
6112048,6,11,2048,Primavera
7112048,7,11,2048,Primavera
8112048,8,11,2048,Primavera
9112048,9,11,2048,Primavera
10112048,10,11,2048,Primavera
11112048,11,11,2048,Primavera
12112048,12,11,2048,Primavera
13112048,13,11,2048,Primavera
14112048,14,11,2048,Primavera
15112048,15,11,2048,Primavera
16112048,16,11,2048,Primavera
17112048,17,11,2048,Primavera
18112048,18,11,2048,Primavera
19112048,19,11,2048,Primavera
20112048,20,11,2048,Primavera
21112048,21,11,2048,Primavera
22112048,22,11,2048,Primavera
23112048,23,11,2048,Primavera
24112048,24,11,2048,Primavera
25112048,25,11,2048,Primavera
26112048,26,11,2048,Primavera
27112048,27,11,2048,Primavera
28112048,28,11,2048,Primavera
29112048,29,11,2048,Primavera
30112048,30,11,2048,Primavera
1122048,1,12,2048,Verano
2122048,2,12,2048,Verano
3122048,3,12,2048,Verano
4122048,4,12,2048,Verano
5122048,5,12,2048,Verano
6122048,6,12,2048,Verano
7122048,7,12,2048,Verano
8122048,8,12,2048,Verano
9122048,9,12,2048,Verano
10122048,10,12,2048,Verano
11122048,11,12,2048,Verano
12122048,12,12,2048,Verano
13122048,13,12,2048,Verano
14122048,14,12,2048,Verano
15122048,15,12,2048,Verano
16122048,16,12,2048,Verano
17122048,17,12,2048,Verano
18122048,18,12,2048,Verano
19122048,19,12,2048,Verano
20122048,20,12,2048,Verano
21122048,21,12,2048,Verano
22122048,22,12,2048,Verano
23122048,23,12,2048,Verano
24122048,24,12,2048,Verano
25122048,25,12,2048,Verano
26122048,26,12,2048,Verano
27122048,27,12,2048,Verano
28122048,28,12,2048,Verano
29122048,29,12,2048,Verano
30122048,30,12,2048,Verano
31122048,31,12,2048,Verano
1012049,1,1,2049,Verano
2012049,2,1,2049,Verano
3012049,3,1,2049,Verano
4012049,4,1,2049,Verano
5012049,5,1,2049,Verano
6012049,6,1,2049,Verano
7012049,7,1,2049,Verano
8012049,8,1,2049,Verano
9012049,9,1,2049,Verano
10012049,10,1,2049,Verano
11012049,11,1,2049,Verano
12012049,12,1,2049,Verano
13012049,13,1,2049,Verano
14012049,14,1,2049,Verano
15012049,15,1,2049,Verano
16012049,16,1,2049,Verano
17012049,17,1,2049,Verano
18012049,18,1,2049,Verano
19012049,19,1,2049,Verano
20012049,20,1,2049,Verano
21012049,21,1,2049,Verano
22012049,22,1,2049,Verano
23012049,23,1,2049,Verano
24012049,24,1,2049,Verano
25012049,25,1,2049,Verano
26012049,26,1,2049,Verano
27012049,27,1,2049,Verano
28012049,28,1,2049,Verano
29012049,29,1,2049,Verano
30012049,30,1,2049,Verano
31012049,31,1,2049,Verano
1022049,1,2,2049,Verano
2022049,2,2,2049,Verano
3022049,3,2,2049,Verano
4022049,4,2,2049,Verano
5022049,5,2,2049,Verano
6022049,6,2,2049,Verano
7022049,7,2,2049,Verano
8022049,8,2,2049,Verano
9022049,9,2,2049,Verano
10022049,10,2,2049,Verano
11022049,11,2,2049,Verano
12022049,12,2,2049,Verano
13022049,13,2,2049,Verano
14022049,14,2,2049,Verano
15022049,15,2,2049,Verano
16022049,16,2,2049,Verano
17022049,17,2,2049,Verano
18022049,18,2,2049,Verano
19022049,19,2,2049,Verano
20022049,20,2,2049,Verano
21022049,21,2,2049,Verano
22022049,22,2,2049,Verano
23022049,23,2,2049,Verano
24022049,24,2,2049,Verano
25022049,25,2,2049,Verano
26022049,26,2,2049,Verano
27022049,27,2,2049,Verano
28022049,28,2,2049,Verano
1032049,1,3,2049,Otoño
2032049,2,3,2049,Otoño
3032049,3,3,2049,Otoño
4032049,4,3,2049,Otoño
5032049,5,3,2049,Otoño
6032049,6,3,2049,Otoño
7032049,7,3,2049,Otoño
8032049,8,3,2049,Otoño
9032049,9,3,2049,Otoño
10032049,10,3,2049,Otoño
11032049,11,3,2049,Otoño
12032049,12,3,2049,Otoño
13032049,13,3,2049,Otoño
14032049,14,3,2049,Otoño
15032049,15,3,2049,Otoño
16032049,16,3,2049,Otoño
17032049,17,3,2049,Otoño
18032049,18,3,2049,Otoño
19032049,19,3,2049,Otoño
20032049,20,3,2049,Otoño
21032049,21,3,2049,Otoño
22032049,22,3,2049,Otoño
23032049,23,3,2049,Otoño
24032049,24,3,2049,Otoño
25032049,25,3,2049,Otoño
26032049,26,3,2049,Otoño
27032049,27,3,2049,Otoño
28032049,28,3,2049,Otoño
29032049,29,3,2049,Otoño
30032049,30,3,2049,Otoño
31032049,31,3,2049,Otoño
1042049,1,4,2049,Otoño
2042049,2,4,2049,Otoño
3042049,3,4,2049,Otoño
4042049,4,4,2049,Otoño
5042049,5,4,2049,Otoño
6042049,6,4,2049,Otoño
7042049,7,4,2049,Otoño
8042049,8,4,2049,Otoño
9042049,9,4,2049,Otoño
10042049,10,4,2049,Otoño
11042049,11,4,2049,Otoño
12042049,12,4,2049,Otoño
13042049,13,4,2049,Otoño
14042049,14,4,2049,Otoño
15042049,15,4,2049,Otoño
16042049,16,4,2049,Otoño
17042049,17,4,2049,Otoño
18042049,18,4,2049,Otoño
19042049,19,4,2049,Otoño
20042049,20,4,2049,Otoño
21042049,21,4,2049,Otoño
22042049,22,4,2049,Otoño
23042049,23,4,2049,Otoño
24042049,24,4,2049,Otoño
25042049,25,4,2049,Otoño
26042049,26,4,2049,Otoño
27042049,27,4,2049,Otoño
28042049,28,4,2049,Otoño
29042049,29,4,2049,Otoño
30042049,30,4,2049,Otoño
1052049,1,5,2049,Otoño
2052049,2,5,2049,Otoño
3052049,3,5,2049,Otoño
4052049,4,5,2049,Otoño
5052049,5,5,2049,Otoño
6052049,6,5,2049,Otoño
7052049,7,5,2049,Otoño
8052049,8,5,2049,Otoño
9052049,9,5,2049,Otoño
10052049,10,5,2049,Otoño
11052049,11,5,2049,Otoño
12052049,12,5,2049,Otoño
13052049,13,5,2049,Otoño
14052049,14,5,2049,Otoño
15052049,15,5,2049,Otoño
16052049,16,5,2049,Otoño
17052049,17,5,2049,Otoño
18052049,18,5,2049,Otoño
19052049,19,5,2049,Otoño
20052049,20,5,2049,Otoño
21052049,21,5,2049,Otoño
22052049,22,5,2049,Otoño
23052049,23,5,2049,Otoño
24052049,24,5,2049,Otoño
25052049,25,5,2049,Otoño
26052049,26,5,2049,Otoño
27052049,27,5,2049,Otoño
28052049,28,5,2049,Otoño
29052049,29,5,2049,Otoño
30052049,30,5,2049,Otoño
31052049,31,5,2049,Otoño
1062049,1,6,2049,Invierno
2062049,2,6,2049,Invierno
3062049,3,6,2049,Invierno
4062049,4,6,2049,Invierno
5062049,5,6,2049,Invierno
6062049,6,6,2049,Invierno
7062049,7,6,2049,Invierno
8062049,8,6,2049,Invierno
9062049,9,6,2049,Invierno
10062049,10,6,2049,Invierno
11062049,11,6,2049,Invierno
12062049,12,6,2049,Invierno
13062049,13,6,2049,Invierno
14062049,14,6,2049,Invierno
15062049,15,6,2049,Invierno
16062049,16,6,2049,Invierno
17062049,17,6,2049,Invierno
18062049,18,6,2049,Invierno
19062049,19,6,2049,Invierno
20062049,20,6,2049,Invierno
21062049,21,6,2049,Invierno
22062049,22,6,2049,Invierno
23062049,23,6,2049,Invierno
24062049,24,6,2049,Invierno
25062049,25,6,2049,Invierno
26062049,26,6,2049,Invierno
27062049,27,6,2049,Invierno
28062049,28,6,2049,Invierno
29062049,29,6,2049,Invierno
30062049,30,6,2049,Invierno
1072049,1,7,2049,Invierno
2072049,2,7,2049,Invierno
3072049,3,7,2049,Invierno
4072049,4,7,2049,Invierno
5072049,5,7,2049,Invierno
6072049,6,7,2049,Invierno
7072049,7,7,2049,Invierno
8072049,8,7,2049,Invierno
9072049,9,7,2049,Invierno
10072049,10,7,2049,Invierno
11072049,11,7,2049,Invierno
12072049,12,7,2049,Invierno
13072049,13,7,2049,Invierno
14072049,14,7,2049,Invierno
15072049,15,7,2049,Invierno
16072049,16,7,2049,Invierno
17072049,17,7,2049,Invierno
18072049,18,7,2049,Invierno
19072049,19,7,2049,Invierno
20072049,20,7,2049,Invierno
21072049,21,7,2049,Invierno
22072049,22,7,2049,Invierno
23072049,23,7,2049,Invierno
24072049,24,7,2049,Invierno
25072049,25,7,2049,Invierno
26072049,26,7,2049,Invierno
27072049,27,7,2049,Invierno
28072049,28,7,2049,Invierno
29072049,29,7,2049,Invierno
30072049,30,7,2049,Invierno
31072049,31,7,2049,Invierno
1082049,1,8,2049,Invierno
2082049,2,8,2049,Invierno
3082049,3,8,2049,Invierno
4082049,4,8,2049,Invierno
5082049,5,8,2049,Invierno
6082049,6,8,2049,Invierno
7082049,7,8,2049,Invierno
8082049,8,8,2049,Invierno
9082049,9,8,2049,Invierno
10082049,10,8,2049,Invierno
11082049,11,8,2049,Invierno
12082049,12,8,2049,Invierno
13082049,13,8,2049,Invierno
14082049,14,8,2049,Invierno
15082049,15,8,2049,Invierno
16082049,16,8,2049,Invierno
17082049,17,8,2049,Invierno
18082049,18,8,2049,Invierno
19082049,19,8,2049,Invierno
20082049,20,8,2049,Invierno
21082049,21,8,2049,Invierno
22082049,22,8,2049,Invierno
23082049,23,8,2049,Invierno
24082049,24,8,2049,Invierno
25082049,25,8,2049,Invierno
26082049,26,8,2049,Invierno
27082049,27,8,2049,Invierno
28082049,28,8,2049,Invierno
29082049,29,8,2049,Invierno
30082049,30,8,2049,Invierno
31082049,31,8,2049,Invierno
1092049,1,9,2049,Primavera
2092049,2,9,2049,Primavera
3092049,3,9,2049,Primavera
4092049,4,9,2049,Primavera
5092049,5,9,2049,Primavera
6092049,6,9,2049,Primavera
7092049,7,9,2049,Primavera
8092049,8,9,2049,Primavera
9092049,9,9,2049,Primavera
10092049,10,9,2049,Primavera
11092049,11,9,2049,Primavera
12092049,12,9,2049,Primavera
13092049,13,9,2049,Primavera
14092049,14,9,2049,Primavera
15092049,15,9,2049,Primavera
16092049,16,9,2049,Primavera
17092049,17,9,2049,Primavera
18092049,18,9,2049,Primavera
19092049,19,9,2049,Primavera
20092049,20,9,2049,Primavera
21092049,21,9,2049,Primavera
22092049,22,9,2049,Primavera
23092049,23,9,2049,Primavera
24092049,24,9,2049,Primavera
25092049,25,9,2049,Primavera
26092049,26,9,2049,Primavera
27092049,27,9,2049,Primavera
28092049,28,9,2049,Primavera
29092049,29,9,2049,Primavera
30092049,30,9,2049,Primavera
1102049,1,10,2049,Primavera
2102049,2,10,2049,Primavera
3102049,3,10,2049,Primavera
4102049,4,10,2049,Primavera
5102049,5,10,2049,Primavera
6102049,6,10,2049,Primavera
7102049,7,10,2049,Primavera
8102049,8,10,2049,Primavera
9102049,9,10,2049,Primavera
10102049,10,10,2049,Primavera
11102049,11,10,2049,Primavera
12102049,12,10,2049,Primavera
13102049,13,10,2049,Primavera
14102049,14,10,2049,Primavera
15102049,15,10,2049,Primavera
16102049,16,10,2049,Primavera
17102049,17,10,2049,Primavera
18102049,18,10,2049,Primavera
19102049,19,10,2049,Primavera
20102049,20,10,2049,Primavera
21102049,21,10,2049,Primavera
22102049,22,10,2049,Primavera
23102049,23,10,2049,Primavera
24102049,24,10,2049,Primavera
25102049,25,10,2049,Primavera
26102049,26,10,2049,Primavera
27102049,27,10,2049,Primavera
28102049,28,10,2049,Primavera
29102049,29,10,2049,Primavera
30102049,30,10,2049,Primavera
31102049,31,10,2049,Primavera
1112049,1,11,2049,Primavera
2112049,2,11,2049,Primavera
3112049,3,11,2049,Primavera
4112049,4,11,2049,Primavera
5112049,5,11,2049,Primavera
6112049,6,11,2049,Primavera
7112049,7,11,2049,Primavera
8112049,8,11,2049,Primavera
9112049,9,11,2049,Primavera
10112049,10,11,2049,Primavera
11112049,11,11,2049,Primavera
12112049,12,11,2049,Primavera
13112049,13,11,2049,Primavera
14112049,14,11,2049,Primavera
15112049,15,11,2049,Primavera
16112049,16,11,2049,Primavera
17112049,17,11,2049,Primavera
18112049,18,11,2049,Primavera
19112049,19,11,2049,Primavera
20112049,20,11,2049,Primavera
21112049,21,11,2049,Primavera
22112049,22,11,2049,Primavera
23112049,23,11,2049,Primavera
24112049,24,11,2049,Primavera
25112049,25,11,2049,Primavera
26112049,26,11,2049,Primavera
27112049,27,11,2049,Primavera
28112049,28,11,2049,Primavera
29112049,29,11,2049,Primavera
30112049,30,11,2049,Primavera
1122049,1,12,2049,Verano
2122049,2,12,2049,Verano
3122049,3,12,2049,Verano
4122049,4,12,2049,Verano
5122049,5,12,2049,Verano
6122049,6,12,2049,Verano
7122049,7,12,2049,Verano
8122049,8,12,2049,Verano
9122049,9,12,2049,Verano
10122049,10,12,2049,Verano
11122049,11,12,2049,Verano
12122049,12,12,2049,Verano
13122049,13,12,2049,Verano
14122049,14,12,2049,Verano
15122049,15,12,2049,Verano
16122049,16,12,2049,Verano
17122049,17,12,2049,Verano
18122049,18,12,2049,Verano
19122049,19,12,2049,Verano
20122049,20,12,2049,Verano
21122049,21,12,2049,Verano
22122049,22,12,2049,Verano
23122049,23,12,2049,Verano
24122049,24,12,2049,Verano
25122049,25,12,2049,Verano
26122049,26,12,2049,Verano
27122049,27,12,2049,Verano
28122049,28,12,2049,Verano
29122049,29,12,2049,Verano
30122049,30,12,2049,Verano
31122049,31,12,2049,Verano
1012050,1,1,2050,Verano
2012050,2,1,2050,Verano
3012050,3,1,2050,Verano
4012050,4,1,2050,Verano
5012050,5,1,2050,Verano
6012050,6,1,2050,Verano
7012050,7,1,2050,Verano
8012050,8,1,2050,Verano
9012050,9,1,2050,Verano
10012050,10,1,2050,Verano
11012050,11,1,2050,Verano
12012050,12,1,2050,Verano
13012050,13,1,2050,Verano
14012050,14,1,2050,Verano
15012050,15,1,2050,Verano
16012050,16,1,2050,Verano
17012050,17,1,2050,Verano
18012050,18,1,2050,Verano
19012050,19,1,2050,Verano
20012050,20,1,2050,Verano
21012050,21,1,2050,Verano
22012050,22,1,2050,Verano
23012050,23,1,2050,Verano
24012050,24,1,2050,Verano
25012050,25,1,2050,Verano
26012050,26,1,2050,Verano
27012050,27,1,2050,Verano
28012050,28,1,2050,Verano
29012050,29,1,2050,Verano
30012050,30,1,2050,Verano
31012050,31,1,2050,Verano
1022050,1,2,2050,Verano
2022050,2,2,2050,Verano
3022050,3,2,2050,Verano
4022050,4,2,2050,Verano
5022050,5,2,2050,Verano
6022050,6,2,2050,Verano
7022050,7,2,2050,Verano
8022050,8,2,2050,Verano
9022050,9,2,2050,Verano
10022050,10,2,2050,Verano
11022050,11,2,2050,Verano
12022050,12,2,2050,Verano
13022050,13,2,2050,Verano
14022050,14,2,2050,Verano
15022050,15,2,2050,Verano
16022050,16,2,2050,Verano
17022050,17,2,2050,Verano
18022050,18,2,2050,Verano
19022050,19,2,2050,Verano
20022050,20,2,2050,Verano
21022050,21,2,2050,Verano
22022050,22,2,2050,Verano
23022050,23,2,2050,Verano
24022050,24,2,2050,Verano
25022050,25,2,2050,Verano
26022050,26,2,2050,Verano
27022050,27,2,2050,Verano
28022050,28,2,2050,Verano
1032050,1,3,2050,Otoño
2032050,2,3,2050,Otoño
3032050,3,3,2050,Otoño
4032050,4,3,2050,Otoño
5032050,5,3,2050,Otoño
6032050,6,3,2050,Otoño
7032050,7,3,2050,Otoño
8032050,8,3,2050,Otoño
9032050,9,3,2050,Otoño
10032050,10,3,2050,Otoño
11032050,11,3,2050,Otoño
12032050,12,3,2050,Otoño
13032050,13,3,2050,Otoño
14032050,14,3,2050,Otoño
15032050,15,3,2050,Otoño
16032050,16,3,2050,Otoño
17032050,17,3,2050,Otoño
18032050,18,3,2050,Otoño
19032050,19,3,2050,Otoño
20032050,20,3,2050,Otoño
21032050,21,3,2050,Otoño
22032050,22,3,2050,Otoño
23032050,23,3,2050,Otoño
24032050,24,3,2050,Otoño
25032050,25,3,2050,Otoño
26032050,26,3,2050,Otoño
27032050,27,3,2050,Otoño
28032050,28,3,2050,Otoño
29032050,29,3,2050,Otoño
30032050,30,3,2050,Otoño
31032050,31,3,2050,Otoño
1042050,1,4,2050,Otoño
2042050,2,4,2050,Otoño
3042050,3,4,2050,Otoño
4042050,4,4,2050,Otoño
5042050,5,4,2050,Otoño
6042050,6,4,2050,Otoño
7042050,7,4,2050,Otoño
8042050,8,4,2050,Otoño
9042050,9,4,2050,Otoño
10042050,10,4,2050,Otoño
11042050,11,4,2050,Otoño
12042050,12,4,2050,Otoño
13042050,13,4,2050,Otoño
14042050,14,4,2050,Otoño
15042050,15,4,2050,Otoño
16042050,16,4,2050,Otoño
17042050,17,4,2050,Otoño
18042050,18,4,2050,Otoño
19042050,19,4,2050,Otoño
20042050,20,4,2050,Otoño
21042050,21,4,2050,Otoño
22042050,22,4,2050,Otoño
23042050,23,4,2050,Otoño
24042050,24,4,2050,Otoño
25042050,25,4,2050,Otoño
26042050,26,4,2050,Otoño
27042050,27,4,2050,Otoño
28042050,28,4,2050,Otoño
29042050,29,4,2050,Otoño
30042050,30,4,2050,Otoño
1052050,1,5,2050,Otoño
2052050,2,5,2050,Otoño
3052050,3,5,2050,Otoño
4052050,4,5,2050,Otoño
5052050,5,5,2050,Otoño
6052050,6,5,2050,Otoño
7052050,7,5,2050,Otoño
8052050,8,5,2050,Otoño
9052050,9,5,2050,Otoño
10052050,10,5,2050,Otoño
11052050,11,5,2050,Otoño
12052050,12,5,2050,Otoño
13052050,13,5,2050,Otoño
14052050,14,5,2050,Otoño
15052050,15,5,2050,Otoño
16052050,16,5,2050,Otoño
17052050,17,5,2050,Otoño
18052050,18,5,2050,Otoño
19052050,19,5,2050,Otoño
20052050,20,5,2050,Otoño
21052050,21,5,2050,Otoño
22052050,22,5,2050,Otoño
23052050,23,5,2050,Otoño
24052050,24,5,2050,Otoño
25052050,25,5,2050,Otoño
26052050,26,5,2050,Otoño
27052050,27,5,2050,Otoño
28052050,28,5,2050,Otoño
29052050,29,5,2050,Otoño
30052050,30,5,2050,Otoño
31052050,31,5,2050,Otoño
1062050,1,6,2050,Invierno
2062050,2,6,2050,Invierno
3062050,3,6,2050,Invierno
4062050,4,6,2050,Invierno
5062050,5,6,2050,Invierno
6062050,6,6,2050,Invierno
7062050,7,6,2050,Invierno
8062050,8,6,2050,Invierno
9062050,9,6,2050,Invierno
10062050,10,6,2050,Invierno
11062050,11,6,2050,Invierno
12062050,12,6,2050,Invierno
13062050,13,6,2050,Invierno
14062050,14,6,2050,Invierno
15062050,15,6,2050,Invierno
16062050,16,6,2050,Invierno
17062050,17,6,2050,Invierno
18062050,18,6,2050,Invierno
19062050,19,6,2050,Invierno
20062050,20,6,2050,Invierno
21062050,21,6,2050,Invierno
22062050,22,6,2050,Invierno
23062050,23,6,2050,Invierno
24062050,24,6,2050,Invierno
25062050,25,6,2050,Invierno
26062050,26,6,2050,Invierno
27062050,27,6,2050,Invierno
28062050,28,6,2050,Invierno
29062050,29,6,2050,Invierno
30062050,30,6,2050,Invierno
1072050,1,7,2050,Invierno
2072050,2,7,2050,Invierno
3072050,3,7,2050,Invierno
4072050,4,7,2050,Invierno
5072050,5,7,2050,Invierno
6072050,6,7,2050,Invierno
7072050,7,7,2050,Invierno
8072050,8,7,2050,Invierno
9072050,9,7,2050,Invierno
10072050,10,7,2050,Invierno
11072050,11,7,2050,Invierno
12072050,12,7,2050,Invierno
13072050,13,7,2050,Invierno
14072050,14,7,2050,Invierno
15072050,15,7,2050,Invierno
16072050,16,7,2050,Invierno
17072050,17,7,2050,Invierno
18072050,18,7,2050,Invierno
19072050,19,7,2050,Invierno
20072050,20,7,2050,Invierno
21072050,21,7,2050,Invierno
22072050,22,7,2050,Invierno
23072050,23,7,2050,Invierno
24072050,24,7,2050,Invierno
25072050,25,7,2050,Invierno
26072050,26,7,2050,Invierno
27072050,27,7,2050,Invierno
28072050,28,7,2050,Invierno
29072050,29,7,2050,Invierno
30072050,30,7,2050,Invierno
31072050,31,7,2050,Invierno
1082050,1,8,2050,Invierno
2082050,2,8,2050,Invierno
3082050,3,8,2050,Invierno
4082050,4,8,2050,Invierno
5082050,5,8,2050,Invierno
6082050,6,8,2050,Invierno
7082050,7,8,2050,Invierno
8082050,8,8,2050,Invierno
9082050,9,8,2050,Invierno
10082050,10,8,2050,Invierno
11082050,11,8,2050,Invierno
12082050,12,8,2050,Invierno
13082050,13,8,2050,Invierno
14082050,14,8,2050,Invierno
15082050,15,8,2050,Invierno
16082050,16,8,2050,Invierno
17082050,17,8,2050,Invierno
18082050,18,8,2050,Invierno
19082050,19,8,2050,Invierno
20082050,20,8,2050,Invierno
21082050,21,8,2050,Invierno
22082050,22,8,2050,Invierno
23082050,23,8,2050,Invierno
24082050,24,8,2050,Invierno
25082050,25,8,2050,Invierno
26082050,26,8,2050,Invierno
27082050,27,8,2050,Invierno
28082050,28,8,2050,Invierno
29082050,29,8,2050,Invierno
30082050,30,8,2050,Invierno
31082050,31,8,2050,Invierno
1092050,1,9,2050,Primavera
2092050,2,9,2050,Primavera
3092050,3,9,2050,Primavera
4092050,4,9,2050,Primavera
5092050,5,9,2050,Primavera
6092050,6,9,2050,Primavera
7092050,7,9,2050,Primavera
8092050,8,9,2050,Primavera
9092050,9,9,2050,Primavera
10092050,10,9,2050,Primavera
11092050,11,9,2050,Primavera
12092050,12,9,2050,Primavera
13092050,13,9,2050,Primavera
14092050,14,9,2050,Primavera
15092050,15,9,2050,Primavera
16092050,16,9,2050,Primavera
17092050,17,9,2050,Primavera
18092050,18,9,2050,Primavera
19092050,19,9,2050,Primavera
20092050,20,9,2050,Primavera
21092050,21,9,2050,Primavera
22092050,22,9,2050,Primavera
23092050,23,9,2050,Primavera
24092050,24,9,2050,Primavera
25092050,25,9,2050,Primavera
26092050,26,9,2050,Primavera
27092050,27,9,2050,Primavera
28092050,28,9,2050,Primavera
29092050,29,9,2050,Primavera
30092050,30,9,2050,Primavera
1102050,1,10,2050,Primavera
2102050,2,10,2050,Primavera
3102050,3,10,2050,Primavera
4102050,4,10,2050,Primavera
5102050,5,10,2050,Primavera
6102050,6,10,2050,Primavera
7102050,7,10,2050,Primavera
8102050,8,10,2050,Primavera
9102050,9,10,2050,Primavera
10102050,10,10,2050,Primavera
11102050,11,10,2050,Primavera
12102050,12,10,2050,Primavera
13102050,13,10,2050,Primavera
14102050,14,10,2050,Primavera
15102050,15,10,2050,Primavera
16102050,16,10,2050,Primavera
17102050,17,10,2050,Primavera
18102050,18,10,2050,Primavera
19102050,19,10,2050,Primavera
20102050,20,10,2050,Primavera
21102050,21,10,2050,Primavera
22102050,22,10,2050,Primavera
23102050,23,10,2050,Primavera
24102050,24,10,2050,Primavera
25102050,25,10,2050,Primavera
26102050,26,10,2050,Primavera
27102050,27,10,2050,Primavera
28102050,28,10,2050,Primavera
29102050,29,10,2050,Primavera
30102050,30,10,2050,Primavera
31102050,31,10,2050,Primavera
1112050,1,11,2050,Primavera
2112050,2,11,2050,Primavera
3112050,3,11,2050,Primavera
4112050,4,11,2050,Primavera
5112050,5,11,2050,Primavera
6112050,6,11,2050,Primavera
7112050,7,11,2050,Primavera
8112050,8,11,2050,Primavera
9112050,9,11,2050,Primavera
10112050,10,11,2050,Primavera
11112050,11,11,2050,Primavera
12112050,12,11,2050,Primavera
13112050,13,11,2050,Primavera
14112050,14,11,2050,Primavera
15112050,15,11,2050,Primavera
16112050,16,11,2050,Primavera
17112050,17,11,2050,Primavera
18112050,18,11,2050,Primavera
19112050,19,11,2050,Primavera
20112050,20,11,2050,Primavera
21112050,21,11,2050,Primavera
22112050,22,11,2050,Primavera
23112050,23,11,2050,Primavera
24112050,24,11,2050,Primavera
25112050,25,11,2050,Primavera
26112050,26,11,2050,Primavera
27112050,27,11,2050,Primavera
28112050,28,11,2050,Primavera
29112050,29,11,2050,Primavera
30112050,30,11,2050,Primavera
1122050,1,12,2050,Verano
2122050,2,12,2050,Verano
3122050,3,12,2050,Verano
4122050,4,12,2050,Verano
5122050,5,12,2050,Verano
6122050,6,12,2050,Verano
7122050,7,12,2050,Verano
8122050,8,12,2050,Verano
9122050,9,12,2050,Verano
10122050,10,12,2050,Verano
11122050,11,12,2050,Verano
12122050,12,12,2050,Verano
13122050,13,12,2050,Verano
14122050,14,12,2050,Verano
15122050,15,12,2050,Verano
16122050,16,12,2050,Verano
17122050,17,12,2050,Verano
18122050,18,12,2050,Verano
19122050,19,12,2050,Verano
20122050,20,12,2050,Verano
21122050,21,12,2050,Verano
22122050,22,12,2050,Verano
23122050,23,12,2050,Verano
24122050,24,12,2050,Verano
25122050,25,12,2050,Verano
26122050,26,12,2050,Verano
27122050,27,12,2050,Verano
28122050,28,12,2050,Verano
29122050,29,12,2050,Verano
30122050,30,12,2050,Verano
31122050,31,12,2050,Verano
1012051,1,1,2051,Verano
2012051,2,1,2051,Verano
3012051,3,1,2051,Verano
4012051,4,1,2051,Verano
5012051,5,1,2051,Verano
6012051,6,1,2051,Verano
7012051,7,1,2051,Verano
8012051,8,1,2051,Verano
9012051,9,1,2051,Verano
10012051,10,1,2051,Verano
11012051,11,1,2051,Verano
12012051,12,1,2051,Verano
13012051,13,1,2051,Verano
14012051,14,1,2051,Verano
15012051,15,1,2051,Verano
16012051,16,1,2051,Verano
17012051,17,1,2051,Verano
18012051,18,1,2051,Verano
19012051,19,1,2051,Verano
20012051,20,1,2051,Verano
21012051,21,1,2051,Verano
22012051,22,1,2051,Verano
23012051,23,1,2051,Verano
24012051,24,1,2051,Verano
25012051,25,1,2051,Verano
26012051,26,1,2051,Verano
27012051,27,1,2051,Verano
28012051,28,1,2051,Verano
29012051,29,1,2051,Verano
30012051,30,1,2051,Verano
31012051,31,1,2051,Verano
1022051,1,2,2051,Verano
2022051,2,2,2051,Verano
3022051,3,2,2051,Verano
4022051,4,2,2051,Verano
5022051,5,2,2051,Verano
6022051,6,2,2051,Verano
7022051,7,2,2051,Verano
8022051,8,2,2051,Verano
9022051,9,2,2051,Verano
10022051,10,2,2051,Verano
11022051,11,2,2051,Verano
12022051,12,2,2051,Verano
13022051,13,2,2051,Verano
14022051,14,2,2051,Verano
15022051,15,2,2051,Verano
16022051,16,2,2051,Verano
17022051,17,2,2051,Verano
18022051,18,2,2051,Verano
19022051,19,2,2051,Verano
20022051,20,2,2051,Verano
21022051,21,2,2051,Verano
22022051,22,2,2051,Verano
23022051,23,2,2051,Verano
24022051,24,2,2051,Verano
25022051,25,2,2051,Verano
26022051,26,2,2051,Verano
27022051,27,2,2051,Verano
28022051,28,2,2051,Verano
1032051,1,3,2051,Otoño
2032051,2,3,2051,Otoño
3032051,3,3,2051,Otoño
4032051,4,3,2051,Otoño
5032051,5,3,2051,Otoño
6032051,6,3,2051,Otoño
7032051,7,3,2051,Otoño
8032051,8,3,2051,Otoño
9032051,9,3,2051,Otoño
10032051,10,3,2051,Otoño
11032051,11,3,2051,Otoño
12032051,12,3,2051,Otoño
13032051,13,3,2051,Otoño
14032051,14,3,2051,Otoño
15032051,15,3,2051,Otoño
16032051,16,3,2051,Otoño
17032051,17,3,2051,Otoño
18032051,18,3,2051,Otoño
19032051,19,3,2051,Otoño
20032051,20,3,2051,Otoño
21032051,21,3,2051,Otoño
22032051,22,3,2051,Otoño
23032051,23,3,2051,Otoño
24032051,24,3,2051,Otoño
25032051,25,3,2051,Otoño
26032051,26,3,2051,Otoño
27032051,27,3,2051,Otoño
28032051,28,3,2051,Otoño
29032051,29,3,2051,Otoño
30032051,30,3,2051,Otoño
31032051,31,3,2051,Otoño
1042051,1,4,2051,Otoño
2042051,2,4,2051,Otoño
3042051,3,4,2051,Otoño
4042051,4,4,2051,Otoño
5042051,5,4,2051,Otoño
6042051,6,4,2051,Otoño
7042051,7,4,2051,Otoño
8042051,8,4,2051,Otoño
9042051,9,4,2051,Otoño
10042051,10,4,2051,Otoño
11042051,11,4,2051,Otoño
12042051,12,4,2051,Otoño
13042051,13,4,2051,Otoño
14042051,14,4,2051,Otoño
15042051,15,4,2051,Otoño
16042051,16,4,2051,Otoño
17042051,17,4,2051,Otoño
18042051,18,4,2051,Otoño
19042051,19,4,2051,Otoño
20042051,20,4,2051,Otoño
21042051,21,4,2051,Otoño
22042051,22,4,2051,Otoño
23042051,23,4,2051,Otoño
24042051,24,4,2051,Otoño
25042051,25,4,2051,Otoño
26042051,26,4,2051,Otoño
27042051,27,4,2051,Otoño
28042051,28,4,2051,Otoño
29042051,29,4,2051,Otoño
30042051,30,4,2051,Otoño
1052051,1,5,2051,Otoño
2052051,2,5,2051,Otoño
3052051,3,5,2051,Otoño
4052051,4,5,2051,Otoño
5052051,5,5,2051,Otoño
6052051,6,5,2051,Otoño
7052051,7,5,2051,Otoño
8052051,8,5,2051,Otoño
9052051,9,5,2051,Otoño
10052051,10,5,2051,Otoño
11052051,11,5,2051,Otoño
12052051,12,5,2051,Otoño
13052051,13,5,2051,Otoño
14052051,14,5,2051,Otoño
15052051,15,5,2051,Otoño
16052051,16,5,2051,Otoño
17052051,17,5,2051,Otoño
18052051,18,5,2051,Otoño
19052051,19,5,2051,Otoño
20052051,20,5,2051,Otoño
21052051,21,5,2051,Otoño
22052051,22,5,2051,Otoño
23052051,23,5,2051,Otoño
24052051,24,5,2051,Otoño
25052051,25,5,2051,Otoño
26052051,26,5,2051,Otoño
27052051,27,5,2051,Otoño
28052051,28,5,2051,Otoño
29052051,29,5,2051,Otoño
30052051,30,5,2051,Otoño
31052051,31,5,2051,Otoño
1062051,1,6,2051,Invierno
2062051,2,6,2051,Invierno
3062051,3,6,2051,Invierno
4062051,4,6,2051,Invierno
5062051,5,6,2051,Invierno
6062051,6,6,2051,Invierno
7062051,7,6,2051,Invierno
8062051,8,6,2051,Invierno
9062051,9,6,2051,Invierno
10062051,10,6,2051,Invierno
11062051,11,6,2051,Invierno
12062051,12,6,2051,Invierno
13062051,13,6,2051,Invierno
14062051,14,6,2051,Invierno
15062051,15,6,2051,Invierno
16062051,16,6,2051,Invierno
17062051,17,6,2051,Invierno
18062051,18,6,2051,Invierno
19062051,19,6,2051,Invierno
20062051,20,6,2051,Invierno
21062051,21,6,2051,Invierno
22062051,22,6,2051,Invierno
23062051,23,6,2051,Invierno
24062051,24,6,2051,Invierno
25062051,25,6,2051,Invierno
26062051,26,6,2051,Invierno
27062051,27,6,2051,Invierno
28062051,28,6,2051,Invierno
29062051,29,6,2051,Invierno
30062051,30,6,2051,Invierno
1072051,1,7,2051,Invierno
2072051,2,7,2051,Invierno
3072051,3,7,2051,Invierno
4072051,4,7,2051,Invierno
5072051,5,7,2051,Invierno
6072051,6,7,2051,Invierno
7072051,7,7,2051,Invierno
8072051,8,7,2051,Invierno
9072051,9,7,2051,Invierno
10072051,10,7,2051,Invierno
11072051,11,7,2051,Invierno
12072051,12,7,2051,Invierno
13072051,13,7,2051,Invierno
14072051,14,7,2051,Invierno
15072051,15,7,2051,Invierno
16072051,16,7,2051,Invierno
17072051,17,7,2051,Invierno
18072051,18,7,2051,Invierno
19072051,19,7,2051,Invierno
20072051,20,7,2051,Invierno
21072051,21,7,2051,Invierno
22072051,22,7,2051,Invierno
23072051,23,7,2051,Invierno
24072051,24,7,2051,Invierno
25072051,25,7,2051,Invierno
26072051,26,7,2051,Invierno
27072051,27,7,2051,Invierno
28072051,28,7,2051,Invierno
29072051,29,7,2051,Invierno
30072051,30,7,2051,Invierno
31072051,31,7,2051,Invierno
1082051,1,8,2051,Invierno
2082051,2,8,2051,Invierno
3082051,3,8,2051,Invierno
4082051,4,8,2051,Invierno
5082051,5,8,2051,Invierno
6082051,6,8,2051,Invierno
7082051,7,8,2051,Invierno
8082051,8,8,2051,Invierno
9082051,9,8,2051,Invierno
10082051,10,8,2051,Invierno
11082051,11,8,2051,Invierno
12082051,12,8,2051,Invierno
13082051,13,8,2051,Invierno
14082051,14,8,2051,Invierno
15082051,15,8,2051,Invierno
16082051,16,8,2051,Invierno
17082051,17,8,2051,Invierno
18082051,18,8,2051,Invierno
19082051,19,8,2051,Invierno
20082051,20,8,2051,Invierno
21082051,21,8,2051,Invierno
22082051,22,8,2051,Invierno
23082051,23,8,2051,Invierno
24082051,24,8,2051,Invierno
25082051,25,8,2051,Invierno
26082051,26,8,2051,Invierno
27082051,27,8,2051,Invierno
28082051,28,8,2051,Invierno
29082051,29,8,2051,Invierno
30082051,30,8,2051,Invierno
31082051,31,8,2051,Invierno
1092051,1,9,2051,Primavera
2092051,2,9,2051,Primavera
3092051,3,9,2051,Primavera
4092051,4,9,2051,Primavera
5092051,5,9,2051,Primavera
6092051,6,9,2051,Primavera
7092051,7,9,2051,Primavera
8092051,8,9,2051,Primavera
9092051,9,9,2051,Primavera
10092051,10,9,2051,Primavera
11092051,11,9,2051,Primavera
12092051,12,9,2051,Primavera
13092051,13,9,2051,Primavera
14092051,14,9,2051,Primavera
15092051,15,9,2051,Primavera
16092051,16,9,2051,Primavera
17092051,17,9,2051,Primavera
18092051,18,9,2051,Primavera
19092051,19,9,2051,Primavera
20092051,20,9,2051,Primavera
21092051,21,9,2051,Primavera
22092051,22,9,2051,Primavera
23092051,23,9,2051,Primavera
24092051,24,9,2051,Primavera
25092051,25,9,2051,Primavera
26092051,26,9,2051,Primavera
27092051,27,9,2051,Primavera
28092051,28,9,2051,Primavera
29092051,29,9,2051,Primavera
30092051,30,9,2051,Primavera
1102051,1,10,2051,Primavera
2102051,2,10,2051,Primavera
3102051,3,10,2051,Primavera
4102051,4,10,2051,Primavera
5102051,5,10,2051,Primavera
6102051,6,10,2051,Primavera
7102051,7,10,2051,Primavera
8102051,8,10,2051,Primavera
9102051,9,10,2051,Primavera
10102051,10,10,2051,Primavera
11102051,11,10,2051,Primavera
12102051,12,10,2051,Primavera
13102051,13,10,2051,Primavera
14102051,14,10,2051,Primavera
15102051,15,10,2051,Primavera
16102051,16,10,2051,Primavera
17102051,17,10,2051,Primavera
18102051,18,10,2051,Primavera
19102051,19,10,2051,Primavera
20102051,20,10,2051,Primavera
21102051,21,10,2051,Primavera
22102051,22,10,2051,Primavera
23102051,23,10,2051,Primavera
24102051,24,10,2051,Primavera
25102051,25,10,2051,Primavera
26102051,26,10,2051,Primavera
27102051,27,10,2051,Primavera
28102051,28,10,2051,Primavera
29102051,29,10,2051,Primavera
30102051,30,10,2051,Primavera
31102051,31,10,2051,Primavera
1112051,1,11,2051,Primavera
2112051,2,11,2051,Primavera
3112051,3,11,2051,Primavera
4112051,4,11,2051,Primavera
5112051,5,11,2051,Primavera
6112051,6,11,2051,Primavera
7112051,7,11,2051,Primavera
8112051,8,11,2051,Primavera
9112051,9,11,2051,Primavera
10112051,10,11,2051,Primavera
11112051,11,11,2051,Primavera
12112051,12,11,2051,Primavera
13112051,13,11,2051,Primavera
14112051,14,11,2051,Primavera
15112051,15,11,2051,Primavera
16112051,16,11,2051,Primavera
17112051,17,11,2051,Primavera
18112051,18,11,2051,Primavera
19112051,19,11,2051,Primavera
20112051,20,11,2051,Primavera
21112051,21,11,2051,Primavera
22112051,22,11,2051,Primavera
23112051,23,11,2051,Primavera
24112051,24,11,2051,Primavera
25112051,25,11,2051,Primavera
26112051,26,11,2051,Primavera
27112051,27,11,2051,Primavera
28112051,28,11,2051,Primavera
29112051,29,11,2051,Primavera
30112051,30,11,2051,Primavera
1122051,1,12,2051,Verano
2122051,2,12,2051,Verano
3122051,3,12,2051,Verano
4122051,4,12,2051,Verano
5122051,5,12,2051,Verano
6122051,6,12,2051,Verano
7122051,7,12,2051,Verano
8122051,8,12,2051,Verano
9122051,9,12,2051,Verano
10122051,10,12,2051,Verano
11122051,11,12,2051,Verano
12122051,12,12,2051,Verano
13122051,13,12,2051,Verano
14122051,14,12,2051,Verano
15122051,15,12,2051,Verano
16122051,16,12,2051,Verano
17122051,17,12,2051,Verano
18122051,18,12,2051,Verano
19122051,19,12,2051,Verano
20122051,20,12,2051,Verano
21122051,21,12,2051,Verano
22122051,22,12,2051,Verano
23122051,23,12,2051,Verano
24122051,24,12,2051,Verano
25122051,25,12,2051,Verano
26122051,26,12,2051,Verano
27122051,27,12,2051,Verano
28122051,28,12,2051,Verano
29122051,29,12,2051,Verano
30122051,30,12,2051,Verano
31122051,31,12,2051,Verano
1012052,1,1,2052,Verano
2012052,2,1,2052,Verano
3012052,3,1,2052,Verano
4012052,4,1,2052,Verano
5012052,5,1,2052,Verano
6012052,6,1,2052,Verano
7012052,7,1,2052,Verano
8012052,8,1,2052,Verano
9012052,9,1,2052,Verano
10012052,10,1,2052,Verano
11012052,11,1,2052,Verano
12012052,12,1,2052,Verano
13012052,13,1,2052,Verano
14012052,14,1,2052,Verano
15012052,15,1,2052,Verano
16012052,16,1,2052,Verano
17012052,17,1,2052,Verano
18012052,18,1,2052,Verano
19012052,19,1,2052,Verano
20012052,20,1,2052,Verano
21012052,21,1,2052,Verano
22012052,22,1,2052,Verano
23012052,23,1,2052,Verano
24012052,24,1,2052,Verano
25012052,25,1,2052,Verano
26012052,26,1,2052,Verano
27012052,27,1,2052,Verano
28012052,28,1,2052,Verano
29012052,29,1,2052,Verano
30012052,30,1,2052,Verano
31012052,31,1,2052,Verano
1022052,1,2,2052,Verano
2022052,2,2,2052,Verano
3022052,3,2,2052,Verano
4022052,4,2,2052,Verano
5022052,5,2,2052,Verano
6022052,6,2,2052,Verano
7022052,7,2,2052,Verano
8022052,8,2,2052,Verano
9022052,9,2,2052,Verano
10022052,10,2,2052,Verano
11022052,11,2,2052,Verano
12022052,12,2,2052,Verano
13022052,13,2,2052,Verano
14022052,14,2,2052,Verano
15022052,15,2,2052,Verano
16022052,16,2,2052,Verano
17022052,17,2,2052,Verano
18022052,18,2,2052,Verano
19022052,19,2,2052,Verano
20022052,20,2,2052,Verano
21022052,21,2,2052,Verano
22022052,22,2,2052,Verano
23022052,23,2,2052,Verano
24022052,24,2,2052,Verano
25022052,25,2,2052,Verano
26022052,26,2,2052,Verano
27022052,27,2,2052,Verano
28022052,28,2,2052,Verano
29022052,29,2,2052,Verano
1032052,1,3,2052,Otoño
2032052,2,3,2052,Otoño
3032052,3,3,2052,Otoño
4032052,4,3,2052,Otoño
5032052,5,3,2052,Otoño
6032052,6,3,2052,Otoño
7032052,7,3,2052,Otoño
8032052,8,3,2052,Otoño
9032052,9,3,2052,Otoño
10032052,10,3,2052,Otoño
11032052,11,3,2052,Otoño
12032052,12,3,2052,Otoño
13032052,13,3,2052,Otoño
14032052,14,3,2052,Otoño
15032052,15,3,2052,Otoño
16032052,16,3,2052,Otoño
17032052,17,3,2052,Otoño
18032052,18,3,2052,Otoño
19032052,19,3,2052,Otoño
20032052,20,3,2052,Otoño
21032052,21,3,2052,Otoño
22032052,22,3,2052,Otoño
23032052,23,3,2052,Otoño
24032052,24,3,2052,Otoño
25032052,25,3,2052,Otoño
26032052,26,3,2052,Otoño
27032052,27,3,2052,Otoño
28032052,28,3,2052,Otoño
29032052,29,3,2052,Otoño
30032052,30,3,2052,Otoño
31032052,31,3,2052,Otoño
1042052,1,4,2052,Otoño
2042052,2,4,2052,Otoño
3042052,3,4,2052,Otoño
4042052,4,4,2052,Otoño
5042052,5,4,2052,Otoño
6042052,6,4,2052,Otoño
7042052,7,4,2052,Otoño
8042052,8,4,2052,Otoño
9042052,9,4,2052,Otoño
10042052,10,4,2052,Otoño
11042052,11,4,2052,Otoño
12042052,12,4,2052,Otoño
13042052,13,4,2052,Otoño
14042052,14,4,2052,Otoño
15042052,15,4,2052,Otoño
16042052,16,4,2052,Otoño
17042052,17,4,2052,Otoño
18042052,18,4,2052,Otoño
19042052,19,4,2052,Otoño
20042052,20,4,2052,Otoño
21042052,21,4,2052,Otoño
22042052,22,4,2052,Otoño
23042052,23,4,2052,Otoño
24042052,24,4,2052,Otoño
25042052,25,4,2052,Otoño
26042052,26,4,2052,Otoño
27042052,27,4,2052,Otoño
28042052,28,4,2052,Otoño
29042052,29,4,2052,Otoño
30042052,30,4,2052,Otoño
1052052,1,5,2052,Otoño
2052052,2,5,2052,Otoño
3052052,3,5,2052,Otoño
4052052,4,5,2052,Otoño
5052052,5,5,2052,Otoño
6052052,6,5,2052,Otoño
7052052,7,5,2052,Otoño
8052052,8,5,2052,Otoño
9052052,9,5,2052,Otoño
10052052,10,5,2052,Otoño
11052052,11,5,2052,Otoño
12052052,12,5,2052,Otoño
13052052,13,5,2052,Otoño
14052052,14,5,2052,Otoño
15052052,15,5,2052,Otoño
16052052,16,5,2052,Otoño
17052052,17,5,2052,Otoño
18052052,18,5,2052,Otoño
19052052,19,5,2052,Otoño
20052052,20,5,2052,Otoño
21052052,21,5,2052,Otoño
22052052,22,5,2052,Otoño
23052052,23,5,2052,Otoño
24052052,24,5,2052,Otoño
25052052,25,5,2052,Otoño
26052052,26,5,2052,Otoño
27052052,27,5,2052,Otoño
28052052,28,5,2052,Otoño
29052052,29,5,2052,Otoño
30052052,30,5,2052,Otoño
31052052,31,5,2052,Otoño
1062052,1,6,2052,Invierno
2062052,2,6,2052,Invierno
3062052,3,6,2052,Invierno
4062052,4,6,2052,Invierno
5062052,5,6,2052,Invierno
6062052,6,6,2052,Invierno
7062052,7,6,2052,Invierno
8062052,8,6,2052,Invierno
9062052,9,6,2052,Invierno
10062052,10,6,2052,Invierno
11062052,11,6,2052,Invierno
12062052,12,6,2052,Invierno
13062052,13,6,2052,Invierno
14062052,14,6,2052,Invierno
15062052,15,6,2052,Invierno
16062052,16,6,2052,Invierno
17062052,17,6,2052,Invierno
18062052,18,6,2052,Invierno
19062052,19,6,2052,Invierno
20062052,20,6,2052,Invierno
21062052,21,6,2052,Invierno
22062052,22,6,2052,Invierno
23062052,23,6,2052,Invierno
24062052,24,6,2052,Invierno
25062052,25,6,2052,Invierno
26062052,26,6,2052,Invierno
27062052,27,6,2052,Invierno
28062052,28,6,2052,Invierno
29062052,29,6,2052,Invierno
30062052,30,6,2052,Invierno
1072052,1,7,2052,Invierno
2072052,2,7,2052,Invierno
3072052,3,7,2052,Invierno
4072052,4,7,2052,Invierno
5072052,5,7,2052,Invierno
6072052,6,7,2052,Invierno
7072052,7,7,2052,Invierno
8072052,8,7,2052,Invierno
9072052,9,7,2052,Invierno
10072052,10,7,2052,Invierno
11072052,11,7,2052,Invierno
12072052,12,7,2052,Invierno
13072052,13,7,2052,Invierno
14072052,14,7,2052,Invierno
15072052,15,7,2052,Invierno
16072052,16,7,2052,Invierno
17072052,17,7,2052,Invierno
18072052,18,7,2052,Invierno
19072052,19,7,2052,Invierno
20072052,20,7,2052,Invierno
21072052,21,7,2052,Invierno
22072052,22,7,2052,Invierno
23072052,23,7,2052,Invierno
24072052,24,7,2052,Invierno
25072052,25,7,2052,Invierno
26072052,26,7,2052,Invierno
27072052,27,7,2052,Invierno
28072052,28,7,2052,Invierno
29072052,29,7,2052,Invierno
30072052,30,7,2052,Invierno
31072052,31,7,2052,Invierno
1082052,1,8,2052,Invierno
2082052,2,8,2052,Invierno
3082052,3,8,2052,Invierno
4082052,4,8,2052,Invierno
5082052,5,8,2052,Invierno
6082052,6,8,2052,Invierno
7082052,7,8,2052,Invierno
8082052,8,8,2052,Invierno
9082052,9,8,2052,Invierno
10082052,10,8,2052,Invierno
11082052,11,8,2052,Invierno
12082052,12,8,2052,Invierno
13082052,13,8,2052,Invierno
14082052,14,8,2052,Invierno
15082052,15,8,2052,Invierno
16082052,16,8,2052,Invierno
17082052,17,8,2052,Invierno
18082052,18,8,2052,Invierno
19082052,19,8,2052,Invierno
20082052,20,8,2052,Invierno
21082052,21,8,2052,Invierno
22082052,22,8,2052,Invierno
23082052,23,8,2052,Invierno
24082052,24,8,2052,Invierno
25082052,25,8,2052,Invierno
26082052,26,8,2052,Invierno
27082052,27,8,2052,Invierno
28082052,28,8,2052,Invierno
29082052,29,8,2052,Invierno
30082052,30,8,2052,Invierno
31082052,31,8,2052,Invierno
1092052,1,9,2052,Primavera
2092052,2,9,2052,Primavera
3092052,3,9,2052,Primavera
4092052,4,9,2052,Primavera
5092052,5,9,2052,Primavera
6092052,6,9,2052,Primavera
7092052,7,9,2052,Primavera
8092052,8,9,2052,Primavera
9092052,9,9,2052,Primavera
10092052,10,9,2052,Primavera
11092052,11,9,2052,Primavera
12092052,12,9,2052,Primavera
13092052,13,9,2052,Primavera
14092052,14,9,2052,Primavera
15092052,15,9,2052,Primavera
16092052,16,9,2052,Primavera
17092052,17,9,2052,Primavera
18092052,18,9,2052,Primavera
19092052,19,9,2052,Primavera
20092052,20,9,2052,Primavera
21092052,21,9,2052,Primavera
22092052,22,9,2052,Primavera
23092052,23,9,2052,Primavera
24092052,24,9,2052,Primavera
25092052,25,9,2052,Primavera
26092052,26,9,2052,Primavera
27092052,27,9,2052,Primavera
28092052,28,9,2052,Primavera
29092052,29,9,2052,Primavera
30092052,30,9,2052,Primavera
1102052,1,10,2052,Primavera
2102052,2,10,2052,Primavera
3102052,3,10,2052,Primavera
4102052,4,10,2052,Primavera
5102052,5,10,2052,Primavera
6102052,6,10,2052,Primavera
7102052,7,10,2052,Primavera
8102052,8,10,2052,Primavera
9102052,9,10,2052,Primavera
10102052,10,10,2052,Primavera
11102052,11,10,2052,Primavera
12102052,12,10,2052,Primavera
13102052,13,10,2052,Primavera
14102052,14,10,2052,Primavera
15102052,15,10,2052,Primavera
16102052,16,10,2052,Primavera
17102052,17,10,2052,Primavera
18102052,18,10,2052,Primavera
19102052,19,10,2052,Primavera
20102052,20,10,2052,Primavera
21102052,21,10,2052,Primavera
22102052,22,10,2052,Primavera
23102052,23,10,2052,Primavera
24102052,24,10,2052,Primavera
25102052,25,10,2052,Primavera
26102052,26,10,2052,Primavera
27102052,27,10,2052,Primavera
28102052,28,10,2052,Primavera
29102052,29,10,2052,Primavera
30102052,30,10,2052,Primavera
31102052,31,10,2052,Primavera
1112052,1,11,2052,Primavera
2112052,2,11,2052,Primavera
3112052,3,11,2052,Primavera
4112052,4,11,2052,Primavera
5112052,5,11,2052,Primavera
6112052,6,11,2052,Primavera
7112052,7,11,2052,Primavera
8112052,8,11,2052,Primavera
9112052,9,11,2052,Primavera
10112052,10,11,2052,Primavera
11112052,11,11,2052,Primavera
12112052,12,11,2052,Primavera
13112052,13,11,2052,Primavera
14112052,14,11,2052,Primavera
15112052,15,11,2052,Primavera
16112052,16,11,2052,Primavera
17112052,17,11,2052,Primavera
18112052,18,11,2052,Primavera
19112052,19,11,2052,Primavera
20112052,20,11,2052,Primavera
21112052,21,11,2052,Primavera
22112052,22,11,2052,Primavera
23112052,23,11,2052,Primavera
24112052,24,11,2052,Primavera
25112052,25,11,2052,Primavera
26112052,26,11,2052,Primavera
27112052,27,11,2052,Primavera
28112052,28,11,2052,Primavera
29112052,29,11,2052,Primavera
30112052,30,11,2052,Primavera
1122052,1,12,2052,Verano
2122052,2,12,2052,Verano
3122052,3,12,2052,Verano
4122052,4,12,2052,Verano
5122052,5,12,2052,Verano
6122052,6,12,2052,Verano
7122052,7,12,2052,Verano
8122052,8,12,2052,Verano
9122052,9,12,2052,Verano
10122052,10,12,2052,Verano
11122052,11,12,2052,Verano
12122052,12,12,2052,Verano
13122052,13,12,2052,Verano
14122052,14,12,2052,Verano
15122052,15,12,2052,Verano
16122052,16,12,2052,Verano
17122052,17,12,2052,Verano
18122052,18,12,2052,Verano
19122052,19,12,2052,Verano
20122052,20,12,2052,Verano
21122052,21,12,2052,Verano
22122052,22,12,2052,Verano
23122052,23,12,2052,Verano
24122052,24,12,2052,Verano
25122052,25,12,2052,Verano
26122052,26,12,2052,Verano
27122052,27,12,2052,Verano
28122052,28,12,2052,Verano
29122052,29,12,2052,Verano
30122052,30,12,2052,Verano
31122052,31,12,2052,Verano
1012053,1,1,2053,Verano
2012053,2,1,2053,Verano
3012053,3,1,2053,Verano
4012053,4,1,2053,Verano
5012053,5,1,2053,Verano
6012053,6,1,2053,Verano
7012053,7,1,2053,Verano
8012053,8,1,2053,Verano
9012053,9,1,2053,Verano
10012053,10,1,2053,Verano
11012053,11,1,2053,Verano
12012053,12,1,2053,Verano
13012053,13,1,2053,Verano
14012053,14,1,2053,Verano
15012053,15,1,2053,Verano
16012053,16,1,2053,Verano
17012053,17,1,2053,Verano
18012053,18,1,2053,Verano
19012053,19,1,2053,Verano
20012053,20,1,2053,Verano
21012053,21,1,2053,Verano
22012053,22,1,2053,Verano
23012053,23,1,2053,Verano
24012053,24,1,2053,Verano
25012053,25,1,2053,Verano
26012053,26,1,2053,Verano
27012053,27,1,2053,Verano
28012053,28,1,2053,Verano
29012053,29,1,2053,Verano
30012053,30,1,2053,Verano
31012053,31,1,2053,Verano
1022053,1,2,2053,Verano
2022053,2,2,2053,Verano
3022053,3,2,2053,Verano
4022053,4,2,2053,Verano
5022053,5,2,2053,Verano
6022053,6,2,2053,Verano
7022053,7,2,2053,Verano
8022053,8,2,2053,Verano
9022053,9,2,2053,Verano
10022053,10,2,2053,Verano
11022053,11,2,2053,Verano
12022053,12,2,2053,Verano
13022053,13,2,2053,Verano
14022053,14,2,2053,Verano
15022053,15,2,2053,Verano
16022053,16,2,2053,Verano
17022053,17,2,2053,Verano
18022053,18,2,2053,Verano
19022053,19,2,2053,Verano
20022053,20,2,2053,Verano
21022053,21,2,2053,Verano
22022053,22,2,2053,Verano
23022053,23,2,2053,Verano
24022053,24,2,2053,Verano
25022053,25,2,2053,Verano
26022053,26,2,2053,Verano
27022053,27,2,2053,Verano
28022053,28,2,2053,Verano
1032053,1,3,2053,Otoño
2032053,2,3,2053,Otoño
3032053,3,3,2053,Otoño
4032053,4,3,2053,Otoño
5032053,5,3,2053,Otoño
6032053,6,3,2053,Otoño
7032053,7,3,2053,Otoño
8032053,8,3,2053,Otoño
9032053,9,3,2053,Otoño
10032053,10,3,2053,Otoño
11032053,11,3,2053,Otoño
12032053,12,3,2053,Otoño
13032053,13,3,2053,Otoño
14032053,14,3,2053,Otoño
15032053,15,3,2053,Otoño
16032053,16,3,2053,Otoño
17032053,17,3,2053,Otoño
18032053,18,3,2053,Otoño
19032053,19,3,2053,Otoño
20032053,20,3,2053,Otoño
21032053,21,3,2053,Otoño
22032053,22,3,2053,Otoño
23032053,23,3,2053,Otoño
24032053,24,3,2053,Otoño
25032053,25,3,2053,Otoño
26032053,26,3,2053,Otoño
27032053,27,3,2053,Otoño
28032053,28,3,2053,Otoño
29032053,29,3,2053,Otoño
30032053,30,3,2053,Otoño
31032053,31,3,2053,Otoño
1042053,1,4,2053,Otoño
2042053,2,4,2053,Otoño
3042053,3,4,2053,Otoño
4042053,4,4,2053,Otoño
5042053,5,4,2053,Otoño
6042053,6,4,2053,Otoño
7042053,7,4,2053,Otoño
8042053,8,4,2053,Otoño
9042053,9,4,2053,Otoño
10042053,10,4,2053,Otoño
11042053,11,4,2053,Otoño
12042053,12,4,2053,Otoño
13042053,13,4,2053,Otoño
14042053,14,4,2053,Otoño
15042053,15,4,2053,Otoño
16042053,16,4,2053,Otoño
17042053,17,4,2053,Otoño
18042053,18,4,2053,Otoño
19042053,19,4,2053,Otoño
20042053,20,4,2053,Otoño
21042053,21,4,2053,Otoño
22042053,22,4,2053,Otoño
23042053,23,4,2053,Otoño
24042053,24,4,2053,Otoño
25042053,25,4,2053,Otoño
26042053,26,4,2053,Otoño
27042053,27,4,2053,Otoño
28042053,28,4,2053,Otoño
29042053,29,4,2053,Otoño
30042053,30,4,2053,Otoño
1052053,1,5,2053,Otoño
2052053,2,5,2053,Otoño
3052053,3,5,2053,Otoño
4052053,4,5,2053,Otoño
5052053,5,5,2053,Otoño
6052053,6,5,2053,Otoño
7052053,7,5,2053,Otoño
8052053,8,5,2053,Otoño
9052053,9,5,2053,Otoño
10052053,10,5,2053,Otoño
11052053,11,5,2053,Otoño
12052053,12,5,2053,Otoño
13052053,13,5,2053,Otoño
14052053,14,5,2053,Otoño
15052053,15,5,2053,Otoño
16052053,16,5,2053,Otoño
17052053,17,5,2053,Otoño
18052053,18,5,2053,Otoño
19052053,19,5,2053,Otoño
20052053,20,5,2053,Otoño
21052053,21,5,2053,Otoño
22052053,22,5,2053,Otoño
23052053,23,5,2053,Otoño
24052053,24,5,2053,Otoño
25052053,25,5,2053,Otoño
26052053,26,5,2053,Otoño
27052053,27,5,2053,Otoño
28052053,28,5,2053,Otoño
29052053,29,5,2053,Otoño
30052053,30,5,2053,Otoño
31052053,31,5,2053,Otoño
1062053,1,6,2053,Invierno
2062053,2,6,2053,Invierno
3062053,3,6,2053,Invierno
4062053,4,6,2053,Invierno
5062053,5,6,2053,Invierno
6062053,6,6,2053,Invierno
7062053,7,6,2053,Invierno
8062053,8,6,2053,Invierno
9062053,9,6,2053,Invierno
10062053,10,6,2053,Invierno
11062053,11,6,2053,Invierno
12062053,12,6,2053,Invierno
13062053,13,6,2053,Invierno
14062053,14,6,2053,Invierno
15062053,15,6,2053,Invierno
16062053,16,6,2053,Invierno
17062053,17,6,2053,Invierno
18062053,18,6,2053,Invierno
19062053,19,6,2053,Invierno
20062053,20,6,2053,Invierno
21062053,21,6,2053,Invierno
22062053,22,6,2053,Invierno
23062053,23,6,2053,Invierno
24062053,24,6,2053,Invierno
25062053,25,6,2053,Invierno
26062053,26,6,2053,Invierno
27062053,27,6,2053,Invierno
28062053,28,6,2053,Invierno
29062053,29,6,2053,Invierno
30062053,30,6,2053,Invierno
1072053,1,7,2053,Invierno
2072053,2,7,2053,Invierno
3072053,3,7,2053,Invierno
4072053,4,7,2053,Invierno
5072053,5,7,2053,Invierno
6072053,6,7,2053,Invierno
7072053,7,7,2053,Invierno
8072053,8,7,2053,Invierno
9072053,9,7,2053,Invierno
10072053,10,7,2053,Invierno
11072053,11,7,2053,Invierno
12072053,12,7,2053,Invierno
13072053,13,7,2053,Invierno
14072053,14,7,2053,Invierno
15072053,15,7,2053,Invierno
16072053,16,7,2053,Invierno
17072053,17,7,2053,Invierno
18072053,18,7,2053,Invierno
19072053,19,7,2053,Invierno
20072053,20,7,2053,Invierno
21072053,21,7,2053,Invierno
22072053,22,7,2053,Invierno
23072053,23,7,2053,Invierno
24072053,24,7,2053,Invierno
25072053,25,7,2053,Invierno
26072053,26,7,2053,Invierno
27072053,27,7,2053,Invierno
28072053,28,7,2053,Invierno
29072053,29,7,2053,Invierno
30072053,30,7,2053,Invierno
31072053,31,7,2053,Invierno
1082053,1,8,2053,Invierno
2082053,2,8,2053,Invierno
3082053,3,8,2053,Invierno
4082053,4,8,2053,Invierno
5082053,5,8,2053,Invierno
6082053,6,8,2053,Invierno
7082053,7,8,2053,Invierno
8082053,8,8,2053,Invierno
9082053,9,8,2053,Invierno
10082053,10,8,2053,Invierno
11082053,11,8,2053,Invierno
12082053,12,8,2053,Invierno
13082053,13,8,2053,Invierno
14082053,14,8,2053,Invierno
15082053,15,8,2053,Invierno
16082053,16,8,2053,Invierno
17082053,17,8,2053,Invierno
18082053,18,8,2053,Invierno
19082053,19,8,2053,Invierno
20082053,20,8,2053,Invierno
21082053,21,8,2053,Invierno
22082053,22,8,2053,Invierno
23082053,23,8,2053,Invierno
24082053,24,8,2053,Invierno
25082053,25,8,2053,Invierno
26082053,26,8,2053,Invierno
27082053,27,8,2053,Invierno
28082053,28,8,2053,Invierno
29082053,29,8,2053,Invierno
30082053,30,8,2053,Invierno
31082053,31,8,2053,Invierno
1092053,1,9,2053,Primavera
2092053,2,9,2053,Primavera
3092053,3,9,2053,Primavera
4092053,4,9,2053,Primavera
5092053,5,9,2053,Primavera
6092053,6,9,2053,Primavera
7092053,7,9,2053,Primavera
8092053,8,9,2053,Primavera
9092053,9,9,2053,Primavera
10092053,10,9,2053,Primavera
11092053,11,9,2053,Primavera
12092053,12,9,2053,Primavera
13092053,13,9,2053,Primavera
14092053,14,9,2053,Primavera
15092053,15,9,2053,Primavera
16092053,16,9,2053,Primavera
17092053,17,9,2053,Primavera
18092053,18,9,2053,Primavera
19092053,19,9,2053,Primavera
20092053,20,9,2053,Primavera
21092053,21,9,2053,Primavera
22092053,22,9,2053,Primavera
23092053,23,9,2053,Primavera
24092053,24,9,2053,Primavera
25092053,25,9,2053,Primavera
26092053,26,9,2053,Primavera
27092053,27,9,2053,Primavera
28092053,28,9,2053,Primavera
29092053,29,9,2053,Primavera
30092053,30,9,2053,Primavera
1102053,1,10,2053,Primavera
2102053,2,10,2053,Primavera
3102053,3,10,2053,Primavera
4102053,4,10,2053,Primavera
5102053,5,10,2053,Primavera
6102053,6,10,2053,Primavera
7102053,7,10,2053,Primavera
8102053,8,10,2053,Primavera
9102053,9,10,2053,Primavera
10102053,10,10,2053,Primavera
11102053,11,10,2053,Primavera
12102053,12,10,2053,Primavera
13102053,13,10,2053,Primavera
14102053,14,10,2053,Primavera
15102053,15,10,2053,Primavera
16102053,16,10,2053,Primavera
17102053,17,10,2053,Primavera
18102053,18,10,2053,Primavera
19102053,19,10,2053,Primavera
20102053,20,10,2053,Primavera
21102053,21,10,2053,Primavera
22102053,22,10,2053,Primavera
23102053,23,10,2053,Primavera
24102053,24,10,2053,Primavera
25102053,25,10,2053,Primavera
26102053,26,10,2053,Primavera
27102053,27,10,2053,Primavera
28102053,28,10,2053,Primavera
29102053,29,10,2053,Primavera
30102053,30,10,2053,Primavera
31102053,31,10,2053,Primavera
1112053,1,11,2053,Primavera
2112053,2,11,2053,Primavera
3112053,3,11,2053,Primavera
4112053,4,11,2053,Primavera
5112053,5,11,2053,Primavera
6112053,6,11,2053,Primavera
7112053,7,11,2053,Primavera
8112053,8,11,2053,Primavera
9112053,9,11,2053,Primavera
10112053,10,11,2053,Primavera
11112053,11,11,2053,Primavera
12112053,12,11,2053,Primavera
13112053,13,11,2053,Primavera
14112053,14,11,2053,Primavera
15112053,15,11,2053,Primavera
16112053,16,11,2053,Primavera
17112053,17,11,2053,Primavera
18112053,18,11,2053,Primavera
19112053,19,11,2053,Primavera
20112053,20,11,2053,Primavera
21112053,21,11,2053,Primavera
22112053,22,11,2053,Primavera
23112053,23,11,2053,Primavera
24112053,24,11,2053,Primavera
25112053,25,11,2053,Primavera
26112053,26,11,2053,Primavera
27112053,27,11,2053,Primavera
28112053,28,11,2053,Primavera
29112053,29,11,2053,Primavera
30112053,30,11,2053,Primavera
1122053,1,12,2053,Verano
2122053,2,12,2053,Verano
3122053,3,12,2053,Verano
4122053,4,12,2053,Verano
5122053,5,12,2053,Verano
6122053,6,12,2053,Verano
7122053,7,12,2053,Verano
8122053,8,12,2053,Verano
9122053,9,12,2053,Verano
10122053,10,12,2053,Verano
11122053,11,12,2053,Verano
12122053,12,12,2053,Verano
13122053,13,12,2053,Verano
14122053,14,12,2053,Verano
15122053,15,12,2053,Verano
16122053,16,12,2053,Verano
17122053,17,12,2053,Verano
18122053,18,12,2053,Verano
19122053,19,12,2053,Verano
20122053,20,12,2053,Verano
21122053,21,12,2053,Verano
22122053,22,12,2053,Verano
23122053,23,12,2053,Verano
24122053,24,12,2053,Verano
25122053,25,12,2053,Verano
26122053,26,12,2053,Verano
27122053,27,12,2053,Verano
28122053,28,12,2053,Verano
29122053,29,12,2053,Verano
30122053,30,12,2053,Verano
31122053,31,12,2053,Verano
1012054,1,1,2054,Verano
2012054,2,1,2054,Verano
3012054,3,1,2054,Verano
4012054,4,1,2054,Verano
5012054,5,1,2054,Verano
6012054,6,1,2054,Verano
7012054,7,1,2054,Verano
8012054,8,1,2054,Verano
9012054,9,1,2054,Verano
10012054,10,1,2054,Verano
11012054,11,1,2054,Verano
12012054,12,1,2054,Verano
13012054,13,1,2054,Verano
14012054,14,1,2054,Verano
15012054,15,1,2054,Verano
16012054,16,1,2054,Verano
17012054,17,1,2054,Verano
18012054,18,1,2054,Verano
19012054,19,1,2054,Verano
20012054,20,1,2054,Verano
21012054,21,1,2054,Verano
22012054,22,1,2054,Verano
23012054,23,1,2054,Verano
24012054,24,1,2054,Verano
25012054,25,1,2054,Verano
26012054,26,1,2054,Verano
27012054,27,1,2054,Verano
28012054,28,1,2054,Verano
29012054,29,1,2054,Verano
30012054,30,1,2054,Verano
31012054,31,1,2054,Verano
1022054,1,2,2054,Verano
2022054,2,2,2054,Verano
3022054,3,2,2054,Verano
4022054,4,2,2054,Verano
5022054,5,2,2054,Verano
6022054,6,2,2054,Verano
7022054,7,2,2054,Verano
8022054,8,2,2054,Verano
9022054,9,2,2054,Verano
10022054,10,2,2054,Verano
11022054,11,2,2054,Verano
12022054,12,2,2054,Verano
13022054,13,2,2054,Verano
14022054,14,2,2054,Verano
15022054,15,2,2054,Verano
16022054,16,2,2054,Verano
17022054,17,2,2054,Verano
18022054,18,2,2054,Verano
19022054,19,2,2054,Verano
20022054,20,2,2054,Verano
21022054,21,2,2054,Verano
22022054,22,2,2054,Verano
23022054,23,2,2054,Verano
24022054,24,2,2054,Verano
25022054,25,2,2054,Verano
26022054,26,2,2054,Verano
27022054,27,2,2054,Verano
28022054,28,2,2054,Verano
1032054,1,3,2054,Otoño
2032054,2,3,2054,Otoño
3032054,3,3,2054,Otoño
4032054,4,3,2054,Otoño
5032054,5,3,2054,Otoño
6032054,6,3,2054,Otoño
7032054,7,3,2054,Otoño
8032054,8,3,2054,Otoño
9032054,9,3,2054,Otoño
10032054,10,3,2054,Otoño
11032054,11,3,2054,Otoño
12032054,12,3,2054,Otoño
13032054,13,3,2054,Otoño
14032054,14,3,2054,Otoño
15032054,15,3,2054,Otoño
16032054,16,3,2054,Otoño
17032054,17,3,2054,Otoño
18032054,18,3,2054,Otoño
19032054,19,3,2054,Otoño
20032054,20,3,2054,Otoño
21032054,21,3,2054,Otoño
22032054,22,3,2054,Otoño
23032054,23,3,2054,Otoño
24032054,24,3,2054,Otoño
25032054,25,3,2054,Otoño
26032054,26,3,2054,Otoño
27032054,27,3,2054,Otoño
28032054,28,3,2054,Otoño
29032054,29,3,2054,Otoño
30032054,30,3,2054,Otoño
31032054,31,3,2054,Otoño
1042054,1,4,2054,Otoño
2042054,2,4,2054,Otoño
3042054,3,4,2054,Otoño
4042054,4,4,2054,Otoño
5042054,5,4,2054,Otoño
6042054,6,4,2054,Otoño
7042054,7,4,2054,Otoño
8042054,8,4,2054,Otoño
9042054,9,4,2054,Otoño
10042054,10,4,2054,Otoño
11042054,11,4,2054,Otoño
12042054,12,4,2054,Otoño
13042054,13,4,2054,Otoño
14042054,14,4,2054,Otoño
15042054,15,4,2054,Otoño
16042054,16,4,2054,Otoño
17042054,17,4,2054,Otoño
18042054,18,4,2054,Otoño
19042054,19,4,2054,Otoño
20042054,20,4,2054,Otoño
21042054,21,4,2054,Otoño
22042054,22,4,2054,Otoño
23042054,23,4,2054,Otoño
24042054,24,4,2054,Otoño
25042054,25,4,2054,Otoño
26042054,26,4,2054,Otoño
27042054,27,4,2054,Otoño
28042054,28,4,2054,Otoño
29042054,29,4,2054,Otoño
30042054,30,4,2054,Otoño
1052054,1,5,2054,Otoño
2052054,2,5,2054,Otoño
3052054,3,5,2054,Otoño
4052054,4,5,2054,Otoño
5052054,5,5,2054,Otoño
6052054,6,5,2054,Otoño
7052054,7,5,2054,Otoño
8052054,8,5,2054,Otoño
9052054,9,5,2054,Otoño
10052054,10,5,2054,Otoño
11052054,11,5,2054,Otoño
12052054,12,5,2054,Otoño
13052054,13,5,2054,Otoño
14052054,14,5,2054,Otoño
15052054,15,5,2054,Otoño
16052054,16,5,2054,Otoño
17052054,17,5,2054,Otoño
18052054,18,5,2054,Otoño
19052054,19,5,2054,Otoño
20052054,20,5,2054,Otoño
21052054,21,5,2054,Otoño
22052054,22,5,2054,Otoño
23052054,23,5,2054,Otoño
24052054,24,5,2054,Otoño
25052054,25,5,2054,Otoño
26052054,26,5,2054,Otoño
27052054,27,5,2054,Otoño
28052054,28,5,2054,Otoño
29052054,29,5,2054,Otoño
30052054,30,5,2054,Otoño
31052054,31,5,2054,Otoño
1062054,1,6,2054,Invierno
2062054,2,6,2054,Invierno
3062054,3,6,2054,Invierno
4062054,4,6,2054,Invierno
5062054,5,6,2054,Invierno
6062054,6,6,2054,Invierno
7062054,7,6,2054,Invierno
8062054,8,6,2054,Invierno
9062054,9,6,2054,Invierno
10062054,10,6,2054,Invierno
11062054,11,6,2054,Invierno
12062054,12,6,2054,Invierno
13062054,13,6,2054,Invierno
14062054,14,6,2054,Invierno
15062054,15,6,2054,Invierno
16062054,16,6,2054,Invierno
17062054,17,6,2054,Invierno
18062054,18,6,2054,Invierno
19062054,19,6,2054,Invierno
20062054,20,6,2054,Invierno
21062054,21,6,2054,Invierno
22062054,22,6,2054,Invierno
23062054,23,6,2054,Invierno
24062054,24,6,2054,Invierno
25062054,25,6,2054,Invierno
26062054,26,6,2054,Invierno
27062054,27,6,2054,Invierno
28062054,28,6,2054,Invierno
29062054,29,6,2054,Invierno
30062054,30,6,2054,Invierno
1072054,1,7,2054,Invierno
2072054,2,7,2054,Invierno
3072054,3,7,2054,Invierno
4072054,4,7,2054,Invierno
5072054,5,7,2054,Invierno
6072054,6,7,2054,Invierno
7072054,7,7,2054,Invierno
8072054,8,7,2054,Invierno
9072054,9,7,2054,Invierno
10072054,10,7,2054,Invierno
11072054,11,7,2054,Invierno
12072054,12,7,2054,Invierno
13072054,13,7,2054,Invierno
14072054,14,7,2054,Invierno
15072054,15,7,2054,Invierno
16072054,16,7,2054,Invierno
17072054,17,7,2054,Invierno
18072054,18,7,2054,Invierno
19072054,19,7,2054,Invierno
20072054,20,7,2054,Invierno
21072054,21,7,2054,Invierno
22072054,22,7,2054,Invierno
23072054,23,7,2054,Invierno
24072054,24,7,2054,Invierno
25072054,25,7,2054,Invierno
26072054,26,7,2054,Invierno
27072054,27,7,2054,Invierno
28072054,28,7,2054,Invierno
29072054,29,7,2054,Invierno
30072054,30,7,2054,Invierno
31072054,31,7,2054,Invierno
1082054,1,8,2054,Invierno
2082054,2,8,2054,Invierno
3082054,3,8,2054,Invierno
4082054,4,8,2054,Invierno
5082054,5,8,2054,Invierno
6082054,6,8,2054,Invierno
7082054,7,8,2054,Invierno
8082054,8,8,2054,Invierno
9082054,9,8,2054,Invierno
10082054,10,8,2054,Invierno
11082054,11,8,2054,Invierno
12082054,12,8,2054,Invierno
13082054,13,8,2054,Invierno
14082054,14,8,2054,Invierno
15082054,15,8,2054,Invierno
16082054,16,8,2054,Invierno
17082054,17,8,2054,Invierno
18082054,18,8,2054,Invierno
19082054,19,8,2054,Invierno
20082054,20,8,2054,Invierno
21082054,21,8,2054,Invierno
22082054,22,8,2054,Invierno
23082054,23,8,2054,Invierno
24082054,24,8,2054,Invierno
25082054,25,8,2054,Invierno
26082054,26,8,2054,Invierno
27082054,27,8,2054,Invierno
28082054,28,8,2054,Invierno
29082054,29,8,2054,Invierno
30082054,30,8,2054,Invierno
31082054,31,8,2054,Invierno
1092054,1,9,2054,Primavera
2092054,2,9,2054,Primavera
3092054,3,9,2054,Primavera
4092054,4,9,2054,Primavera
5092054,5,9,2054,Primavera
6092054,6,9,2054,Primavera
7092054,7,9,2054,Primavera
8092054,8,9,2054,Primavera
9092054,9,9,2054,Primavera
10092054,10,9,2054,Primavera
11092054,11,9,2054,Primavera
12092054,12,9,2054,Primavera
13092054,13,9,2054,Primavera
14092054,14,9,2054,Primavera
15092054,15,9,2054,Primavera
16092054,16,9,2054,Primavera
17092054,17,9,2054,Primavera
18092054,18,9,2054,Primavera
19092054,19,9,2054,Primavera
20092054,20,9,2054,Primavera
21092054,21,9,2054,Primavera
22092054,22,9,2054,Primavera
23092054,23,9,2054,Primavera
24092054,24,9,2054,Primavera
25092054,25,9,2054,Primavera
26092054,26,9,2054,Primavera
27092054,27,9,2054,Primavera
28092054,28,9,2054,Primavera
29092054,29,9,2054,Primavera
30092054,30,9,2054,Primavera
1102054,1,10,2054,Primavera
2102054,2,10,2054,Primavera
3102054,3,10,2054,Primavera
4102054,4,10,2054,Primavera
5102054,5,10,2054,Primavera
6102054,6,10,2054,Primavera
7102054,7,10,2054,Primavera
8102054,8,10,2054,Primavera
9102054,9,10,2054,Primavera
10102054,10,10,2054,Primavera
11102054,11,10,2054,Primavera
12102054,12,10,2054,Primavera
13102054,13,10,2054,Primavera
14102054,14,10,2054,Primavera
15102054,15,10,2054,Primavera
16102054,16,10,2054,Primavera
17102054,17,10,2054,Primavera
18102054,18,10,2054,Primavera
19102054,19,10,2054,Primavera
20102054,20,10,2054,Primavera
21102054,21,10,2054,Primavera
22102054,22,10,2054,Primavera
23102054,23,10,2054,Primavera
24102054,24,10,2054,Primavera
25102054,25,10,2054,Primavera
26102054,26,10,2054,Primavera
27102054,27,10,2054,Primavera
28102054,28,10,2054,Primavera
29102054,29,10,2054,Primavera
30102054,30,10,2054,Primavera
31102054,31,10,2054,Primavera
1112054,1,11,2054,Primavera
2112054,2,11,2054,Primavera
3112054,3,11,2054,Primavera
4112054,4,11,2054,Primavera
5112054,5,11,2054,Primavera
6112054,6,11,2054,Primavera
7112054,7,11,2054,Primavera
8112054,8,11,2054,Primavera
9112054,9,11,2054,Primavera
10112054,10,11,2054,Primavera
11112054,11,11,2054,Primavera
12112054,12,11,2054,Primavera
13112054,13,11,2054,Primavera
14112054,14,11,2054,Primavera
15112054,15,11,2054,Primavera
16112054,16,11,2054,Primavera
17112054,17,11,2054,Primavera
18112054,18,11,2054,Primavera
19112054,19,11,2054,Primavera
20112054,20,11,2054,Primavera
21112054,21,11,2054,Primavera
22112054,22,11,2054,Primavera
23112054,23,11,2054,Primavera
24112054,24,11,2054,Primavera
25112054,25,11,2054,Primavera
26112054,26,11,2054,Primavera
27112054,27,11,2054,Primavera
28112054,28,11,2054,Primavera
29112054,29,11,2054,Primavera
30112054,30,11,2054,Primavera
1122054,1,12,2054,Verano
2122054,2,12,2054,Verano
3122054,3,12,2054,Verano
4122054,4,12,2054,Verano
5122054,5,12,2054,Verano
6122054,6,12,2054,Verano
7122054,7,12,2054,Verano
8122054,8,12,2054,Verano
9122054,9,12,2054,Verano
10122054,10,12,2054,Verano
11122054,11,12,2054,Verano
12122054,12,12,2054,Verano
13122054,13,12,2054,Verano
14122054,14,12,2054,Verano
15122054,15,12,2054,Verano
16122054,16,12,2054,Verano
17122054,17,12,2054,Verano
18122054,18,12,2054,Verano
19122054,19,12,2054,Verano
20122054,20,12,2054,Verano
21122054,21,12,2054,Verano
22122054,22,12,2054,Verano
23122054,23,12,2054,Verano
24122054,24,12,2054,Verano
25122054,25,12,2054,Verano
26122054,26,12,2054,Verano
27122054,27,12,2054,Verano
28122054,28,12,2054,Verano
29122054,29,12,2054,Verano
30122054,30,12,2054,Verano
31122054,31,12,2054,Verano
1012055,1,1,2055,Verano
2012055,2,1,2055,Verano
3012055,3,1,2055,Verano
4012055,4,1,2055,Verano
5012055,5,1,2055,Verano
6012055,6,1,2055,Verano
7012055,7,1,2055,Verano
8012055,8,1,2055,Verano
9012055,9,1,2055,Verano
10012055,10,1,2055,Verano
11012055,11,1,2055,Verano
12012055,12,1,2055,Verano
13012055,13,1,2055,Verano
14012055,14,1,2055,Verano
15012055,15,1,2055,Verano
16012055,16,1,2055,Verano
17012055,17,1,2055,Verano
18012055,18,1,2055,Verano
19012055,19,1,2055,Verano
20012055,20,1,2055,Verano
21012055,21,1,2055,Verano
22012055,22,1,2055,Verano
23012055,23,1,2055,Verano
24012055,24,1,2055,Verano
25012055,25,1,2055,Verano
26012055,26,1,2055,Verano
27012055,27,1,2055,Verano
28012055,28,1,2055,Verano
29012055,29,1,2055,Verano
30012055,30,1,2055,Verano
31012055,31,1,2055,Verano
1022055,1,2,2055,Verano
2022055,2,2,2055,Verano
3022055,3,2,2055,Verano
4022055,4,2,2055,Verano
5022055,5,2,2055,Verano
6022055,6,2,2055,Verano
7022055,7,2,2055,Verano
8022055,8,2,2055,Verano
9022055,9,2,2055,Verano
10022055,10,2,2055,Verano
11022055,11,2,2055,Verano
12022055,12,2,2055,Verano
13022055,13,2,2055,Verano
14022055,14,2,2055,Verano
15022055,15,2,2055,Verano
16022055,16,2,2055,Verano
17022055,17,2,2055,Verano
18022055,18,2,2055,Verano
19022055,19,2,2055,Verano
20022055,20,2,2055,Verano
21022055,21,2,2055,Verano
22022055,22,2,2055,Verano
23022055,23,2,2055,Verano
24022055,24,2,2055,Verano
25022055,25,2,2055,Verano
26022055,26,2,2055,Verano
27022055,27,2,2055,Verano
28022055,28,2,2055,Verano
1032055,1,3,2055,Otoño
2032055,2,3,2055,Otoño
3032055,3,3,2055,Otoño
4032055,4,3,2055,Otoño
5032055,5,3,2055,Otoño
6032055,6,3,2055,Otoño
7032055,7,3,2055,Otoño
8032055,8,3,2055,Otoño
9032055,9,3,2055,Otoño
10032055,10,3,2055,Otoño
11032055,11,3,2055,Otoño
12032055,12,3,2055,Otoño
13032055,13,3,2055,Otoño
14032055,14,3,2055,Otoño
15032055,15,3,2055,Otoño
16032055,16,3,2055,Otoño
17032055,17,3,2055,Otoño
18032055,18,3,2055,Otoño
19032055,19,3,2055,Otoño
20032055,20,3,2055,Otoño
21032055,21,3,2055,Otoño
22032055,22,3,2055,Otoño
23032055,23,3,2055,Otoño
24032055,24,3,2055,Otoño
25032055,25,3,2055,Otoño
26032055,26,3,2055,Otoño
27032055,27,3,2055,Otoño
28032055,28,3,2055,Otoño
29032055,29,3,2055,Otoño
30032055,30,3,2055,Otoño
31032055,31,3,2055,Otoño
1042055,1,4,2055,Otoño
2042055,2,4,2055,Otoño
3042055,3,4,2055,Otoño
4042055,4,4,2055,Otoño
5042055,5,4,2055,Otoño
6042055,6,4,2055,Otoño
7042055,7,4,2055,Otoño
8042055,8,4,2055,Otoño
9042055,9,4,2055,Otoño
10042055,10,4,2055,Otoño
11042055,11,4,2055,Otoño
12042055,12,4,2055,Otoño
13042055,13,4,2055,Otoño
14042055,14,4,2055,Otoño
15042055,15,4,2055,Otoño
16042055,16,4,2055,Otoño
17042055,17,4,2055,Otoño
18042055,18,4,2055,Otoño
19042055,19,4,2055,Otoño
20042055,20,4,2055,Otoño
21042055,21,4,2055,Otoño
22042055,22,4,2055,Otoño
23042055,23,4,2055,Otoño
24042055,24,4,2055,Otoño
25042055,25,4,2055,Otoño
26042055,26,4,2055,Otoño
27042055,27,4,2055,Otoño
28042055,28,4,2055,Otoño
29042055,29,4,2055,Otoño
30042055,30,4,2055,Otoño
1052055,1,5,2055,Otoño
2052055,2,5,2055,Otoño
3052055,3,5,2055,Otoño
4052055,4,5,2055,Otoño
5052055,5,5,2055,Otoño
6052055,6,5,2055,Otoño
7052055,7,5,2055,Otoño
8052055,8,5,2055,Otoño
9052055,9,5,2055,Otoño
10052055,10,5,2055,Otoño
11052055,11,5,2055,Otoño
12052055,12,5,2055,Otoño
13052055,13,5,2055,Otoño
14052055,14,5,2055,Otoño
15052055,15,5,2055,Otoño
16052055,16,5,2055,Otoño
17052055,17,5,2055,Otoño
18052055,18,5,2055,Otoño
19052055,19,5,2055,Otoño
20052055,20,5,2055,Otoño
21052055,21,5,2055,Otoño
22052055,22,5,2055,Otoño
23052055,23,5,2055,Otoño
24052055,24,5,2055,Otoño
25052055,25,5,2055,Otoño
26052055,26,5,2055,Otoño
27052055,27,5,2055,Otoño
28052055,28,5,2055,Otoño
29052055,29,5,2055,Otoño
30052055,30,5,2055,Otoño
31052055,31,5,2055,Otoño
1062055,1,6,2055,Invierno
2062055,2,6,2055,Invierno
3062055,3,6,2055,Invierno
4062055,4,6,2055,Invierno
5062055,5,6,2055,Invierno
6062055,6,6,2055,Invierno
7062055,7,6,2055,Invierno
8062055,8,6,2055,Invierno
9062055,9,6,2055,Invierno
10062055,10,6,2055,Invierno
11062055,11,6,2055,Invierno
12062055,12,6,2055,Invierno
13062055,13,6,2055,Invierno
14062055,14,6,2055,Invierno
15062055,15,6,2055,Invierno
16062055,16,6,2055,Invierno
17062055,17,6,2055,Invierno
18062055,18,6,2055,Invierno
19062055,19,6,2055,Invierno
20062055,20,6,2055,Invierno
21062055,21,6,2055,Invierno
22062055,22,6,2055,Invierno
23062055,23,6,2055,Invierno
24062055,24,6,2055,Invierno
25062055,25,6,2055,Invierno
26062055,26,6,2055,Invierno
27062055,27,6,2055,Invierno
28062055,28,6,2055,Invierno
29062055,29,6,2055,Invierno
30062055,30,6,2055,Invierno
1072055,1,7,2055,Invierno
2072055,2,7,2055,Invierno
3072055,3,7,2055,Invierno
4072055,4,7,2055,Invierno
5072055,5,7,2055,Invierno
6072055,6,7,2055,Invierno
7072055,7,7,2055,Invierno
8072055,8,7,2055,Invierno
9072055,9,7,2055,Invierno
10072055,10,7,2055,Invierno
11072055,11,7,2055,Invierno
12072055,12,7,2055,Invierno
13072055,13,7,2055,Invierno
14072055,14,7,2055,Invierno
15072055,15,7,2055,Invierno
16072055,16,7,2055,Invierno
17072055,17,7,2055,Invierno
18072055,18,7,2055,Invierno
19072055,19,7,2055,Invierno
20072055,20,7,2055,Invierno
21072055,21,7,2055,Invierno
22072055,22,7,2055,Invierno
23072055,23,7,2055,Invierno
24072055,24,7,2055,Invierno
25072055,25,7,2055,Invierno
26072055,26,7,2055,Invierno
27072055,27,7,2055,Invierno
28072055,28,7,2055,Invierno
29072055,29,7,2055,Invierno
30072055,30,7,2055,Invierno
31072055,31,7,2055,Invierno
1082055,1,8,2055,Invierno
2082055,2,8,2055,Invierno
3082055,3,8,2055,Invierno
4082055,4,8,2055,Invierno
5082055,5,8,2055,Invierno
6082055,6,8,2055,Invierno
7082055,7,8,2055,Invierno
8082055,8,8,2055,Invierno
9082055,9,8,2055,Invierno
10082055,10,8,2055,Invierno
11082055,11,8,2055,Invierno
12082055,12,8,2055,Invierno
13082055,13,8,2055,Invierno
14082055,14,8,2055,Invierno
15082055,15,8,2055,Invierno
16082055,16,8,2055,Invierno
17082055,17,8,2055,Invierno
18082055,18,8,2055,Invierno
19082055,19,8,2055,Invierno
20082055,20,8,2055,Invierno
21082055,21,8,2055,Invierno
22082055,22,8,2055,Invierno
23082055,23,8,2055,Invierno
24082055,24,8,2055,Invierno
25082055,25,8,2055,Invierno
26082055,26,8,2055,Invierno
27082055,27,8,2055,Invierno
28082055,28,8,2055,Invierno
29082055,29,8,2055,Invierno
30082055,30,8,2055,Invierno
31082055,31,8,2055,Invierno
1092055,1,9,2055,Primavera
2092055,2,9,2055,Primavera
3092055,3,9,2055,Primavera
4092055,4,9,2055,Primavera
5092055,5,9,2055,Primavera
6092055,6,9,2055,Primavera
7092055,7,9,2055,Primavera
8092055,8,9,2055,Primavera
9092055,9,9,2055,Primavera
10092055,10,9,2055,Primavera
11092055,11,9,2055,Primavera
12092055,12,9,2055,Primavera
13092055,13,9,2055,Primavera
14092055,14,9,2055,Primavera
15092055,15,9,2055,Primavera
16092055,16,9,2055,Primavera
17092055,17,9,2055,Primavera
18092055,18,9,2055,Primavera
19092055,19,9,2055,Primavera
20092055,20,9,2055,Primavera
21092055,21,9,2055,Primavera
22092055,22,9,2055,Primavera
23092055,23,9,2055,Primavera
24092055,24,9,2055,Primavera
25092055,25,9,2055,Primavera
26092055,26,9,2055,Primavera
27092055,27,9,2055,Primavera
28092055,28,9,2055,Primavera
29092055,29,9,2055,Primavera
30092055,30,9,2055,Primavera
1102055,1,10,2055,Primavera
2102055,2,10,2055,Primavera
3102055,3,10,2055,Primavera
4102055,4,10,2055,Primavera
5102055,5,10,2055,Primavera
6102055,6,10,2055,Primavera
7102055,7,10,2055,Primavera
8102055,8,10,2055,Primavera
9102055,9,10,2055,Primavera
10102055,10,10,2055,Primavera
11102055,11,10,2055,Primavera
12102055,12,10,2055,Primavera
13102055,13,10,2055,Primavera
14102055,14,10,2055,Primavera
15102055,15,10,2055,Primavera
16102055,16,10,2055,Primavera
17102055,17,10,2055,Primavera
18102055,18,10,2055,Primavera
19102055,19,10,2055,Primavera
20102055,20,10,2055,Primavera
21102055,21,10,2055,Primavera
22102055,22,10,2055,Primavera
23102055,23,10,2055,Primavera
24102055,24,10,2055,Primavera
25102055,25,10,2055,Primavera
26102055,26,10,2055,Primavera
27102055,27,10,2055,Primavera
28102055,28,10,2055,Primavera
29102055,29,10,2055,Primavera
30102055,30,10,2055,Primavera
31102055,31,10,2055,Primavera
1112055,1,11,2055,Primavera
2112055,2,11,2055,Primavera
3112055,3,11,2055,Primavera
4112055,4,11,2055,Primavera
5112055,5,11,2055,Primavera
6112055,6,11,2055,Primavera
7112055,7,11,2055,Primavera
8112055,8,11,2055,Primavera
9112055,9,11,2055,Primavera
10112055,10,11,2055,Primavera
11112055,11,11,2055,Primavera
12112055,12,11,2055,Primavera
13112055,13,11,2055,Primavera
14112055,14,11,2055,Primavera
15112055,15,11,2055,Primavera
16112055,16,11,2055,Primavera
17112055,17,11,2055,Primavera
18112055,18,11,2055,Primavera
19112055,19,11,2055,Primavera
20112055,20,11,2055,Primavera
21112055,21,11,2055,Primavera
22112055,22,11,2055,Primavera
23112055,23,11,2055,Primavera
24112055,24,11,2055,Primavera
25112055,25,11,2055,Primavera
26112055,26,11,2055,Primavera
27112055,27,11,2055,Primavera
28112055,28,11,2055,Primavera
29112055,29,11,2055,Primavera
30112055,30,11,2055,Primavera
1122055,1,12,2055,Verano
2122055,2,12,2055,Verano
3122055,3,12,2055,Verano
4122055,4,12,2055,Verano
5122055,5,12,2055,Verano
6122055,6,12,2055,Verano
7122055,7,12,2055,Verano
8122055,8,12,2055,Verano
9122055,9,12,2055,Verano
10122055,10,12,2055,Verano
11122055,11,12,2055,Verano
12122055,12,12,2055,Verano
13122055,13,12,2055,Verano
14122055,14,12,2055,Verano
15122055,15,12,2055,Verano
16122055,16,12,2055,Verano
17122055,17,12,2055,Verano
18122055,18,12,2055,Verano
19122055,19,12,2055,Verano
20122055,20,12,2055,Verano
21122055,21,12,2055,Verano
22122055,22,12,2055,Verano
23122055,23,12,2055,Verano
24122055,24,12,2055,Verano
25122055,25,12,2055,Verano
26122055,26,12,2055,Verano
27122055,27,12,2055,Verano
28122055,28,12,2055,Verano
29122055,29,12,2055,Verano
30122055,30,12,2055,Verano
31122055,31,12,2055,Verano
1012056,1,1,2056,Verano
2012056,2,1,2056,Verano
3012056,3,1,2056,Verano
4012056,4,1,2056,Verano
5012056,5,1,2056,Verano
6012056,6,1,2056,Verano
7012056,7,1,2056,Verano
8012056,8,1,2056,Verano
9012056,9,1,2056,Verano
10012056,10,1,2056,Verano
11012056,11,1,2056,Verano
12012056,12,1,2056,Verano
13012056,13,1,2056,Verano
14012056,14,1,2056,Verano
15012056,15,1,2056,Verano
16012056,16,1,2056,Verano
17012056,17,1,2056,Verano
18012056,18,1,2056,Verano
19012056,19,1,2056,Verano
20012056,20,1,2056,Verano
21012056,21,1,2056,Verano
22012056,22,1,2056,Verano
23012056,23,1,2056,Verano
24012056,24,1,2056,Verano
25012056,25,1,2056,Verano
26012056,26,1,2056,Verano
27012056,27,1,2056,Verano
28012056,28,1,2056,Verano
29012056,29,1,2056,Verano
30012056,30,1,2056,Verano
31012056,31,1,2056,Verano
1022056,1,2,2056,Verano
2022056,2,2,2056,Verano
3022056,3,2,2056,Verano
4022056,4,2,2056,Verano
5022056,5,2,2056,Verano
6022056,6,2,2056,Verano
7022056,7,2,2056,Verano
8022056,8,2,2056,Verano
9022056,9,2,2056,Verano
10022056,10,2,2056,Verano
11022056,11,2,2056,Verano
12022056,12,2,2056,Verano
13022056,13,2,2056,Verano
14022056,14,2,2056,Verano
15022056,15,2,2056,Verano
16022056,16,2,2056,Verano
17022056,17,2,2056,Verano
18022056,18,2,2056,Verano
19022056,19,2,2056,Verano
20022056,20,2,2056,Verano
21022056,21,2,2056,Verano
22022056,22,2,2056,Verano
23022056,23,2,2056,Verano
24022056,24,2,2056,Verano
25022056,25,2,2056,Verano
26022056,26,2,2056,Verano
27022056,27,2,2056,Verano
28022056,28,2,2056,Verano
29022056,29,2,2056,Verano
1032056,1,3,2056,Otoño
2032056,2,3,2056,Otoño
3032056,3,3,2056,Otoño
4032056,4,3,2056,Otoño
5032056,5,3,2056,Otoño
6032056,6,3,2056,Otoño
7032056,7,3,2056,Otoño
8032056,8,3,2056,Otoño
9032056,9,3,2056,Otoño
10032056,10,3,2056,Otoño
11032056,11,3,2056,Otoño
12032056,12,3,2056,Otoño
13032056,13,3,2056,Otoño
14032056,14,3,2056,Otoño
15032056,15,3,2056,Otoño
16032056,16,3,2056,Otoño
17032056,17,3,2056,Otoño
18032056,18,3,2056,Otoño
19032056,19,3,2056,Otoño
20032056,20,3,2056,Otoño
21032056,21,3,2056,Otoño
22032056,22,3,2056,Otoño
23032056,23,3,2056,Otoño
24032056,24,3,2056,Otoño
25032056,25,3,2056,Otoño
26032056,26,3,2056,Otoño
27032056,27,3,2056,Otoño
28032056,28,3,2056,Otoño
29032056,29,3,2056,Otoño
30032056,30,3,2056,Otoño
31032056,31,3,2056,Otoño
1042056,1,4,2056,Otoño
2042056,2,4,2056,Otoño
3042056,3,4,2056,Otoño
4042056,4,4,2056,Otoño
5042056,5,4,2056,Otoño
6042056,6,4,2056,Otoño
7042056,7,4,2056,Otoño
8042056,8,4,2056,Otoño
9042056,9,4,2056,Otoño
10042056,10,4,2056,Otoño
11042056,11,4,2056,Otoño
12042056,12,4,2056,Otoño
13042056,13,4,2056,Otoño
14042056,14,4,2056,Otoño
15042056,15,4,2056,Otoño
16042056,16,4,2056,Otoño
17042056,17,4,2056,Otoño
18042056,18,4,2056,Otoño
19042056,19,4,2056,Otoño
20042056,20,4,2056,Otoño
21042056,21,4,2056,Otoño
22042056,22,4,2056,Otoño
23042056,23,4,2056,Otoño
24042056,24,4,2056,Otoño
25042056,25,4,2056,Otoño
26042056,26,4,2056,Otoño
27042056,27,4,2056,Otoño
28042056,28,4,2056,Otoño
29042056,29,4,2056,Otoño
30042056,30,4,2056,Otoño
1052056,1,5,2056,Otoño
2052056,2,5,2056,Otoño
3052056,3,5,2056,Otoño
4052056,4,5,2056,Otoño
5052056,5,5,2056,Otoño
6052056,6,5,2056,Otoño
7052056,7,5,2056,Otoño
8052056,8,5,2056,Otoño
9052056,9,5,2056,Otoño
10052056,10,5,2056,Otoño
11052056,11,5,2056,Otoño
12052056,12,5,2056,Otoño
13052056,13,5,2056,Otoño
14052056,14,5,2056,Otoño
15052056,15,5,2056,Otoño
16052056,16,5,2056,Otoño
17052056,17,5,2056,Otoño
18052056,18,5,2056,Otoño
19052056,19,5,2056,Otoño
20052056,20,5,2056,Otoño
21052056,21,5,2056,Otoño
22052056,22,5,2056,Otoño
23052056,23,5,2056,Otoño
24052056,24,5,2056,Otoño
25052056,25,5,2056,Otoño
26052056,26,5,2056,Otoño
27052056,27,5,2056,Otoño
28052056,28,5,2056,Otoño
29052056,29,5,2056,Otoño
30052056,30,5,2056,Otoño
31052056,31,5,2056,Otoño
1062056,1,6,2056,Invierno
2062056,2,6,2056,Invierno
3062056,3,6,2056,Invierno
4062056,4,6,2056,Invierno
5062056,5,6,2056,Invierno
6062056,6,6,2056,Invierno
7062056,7,6,2056,Invierno
8062056,8,6,2056,Invierno
9062056,9,6,2056,Invierno
10062056,10,6,2056,Invierno
11062056,11,6,2056,Invierno
12062056,12,6,2056,Invierno
13062056,13,6,2056,Invierno
14062056,14,6,2056,Invierno
15062056,15,6,2056,Invierno
16062056,16,6,2056,Invierno
17062056,17,6,2056,Invierno
18062056,18,6,2056,Invierno
19062056,19,6,2056,Invierno
20062056,20,6,2056,Invierno
21062056,21,6,2056,Invierno
22062056,22,6,2056,Invierno
23062056,23,6,2056,Invierno
24062056,24,6,2056,Invierno
25062056,25,6,2056,Invierno
26062056,26,6,2056,Invierno
27062056,27,6,2056,Invierno
28062056,28,6,2056,Invierno
29062056,29,6,2056,Invierno
30062056,30,6,2056,Invierno
1072056,1,7,2056,Invierno
2072056,2,7,2056,Invierno
3072056,3,7,2056,Invierno
4072056,4,7,2056,Invierno
5072056,5,7,2056,Invierno
6072056,6,7,2056,Invierno
7072056,7,7,2056,Invierno
8072056,8,7,2056,Invierno
9072056,9,7,2056,Invierno
10072056,10,7,2056,Invierno
11072056,11,7,2056,Invierno
12072056,12,7,2056,Invierno
13072056,13,7,2056,Invierno
14072056,14,7,2056,Invierno
15072056,15,7,2056,Invierno
16072056,16,7,2056,Invierno
17072056,17,7,2056,Invierno
18072056,18,7,2056,Invierno
19072056,19,7,2056,Invierno
20072056,20,7,2056,Invierno
21072056,21,7,2056,Invierno
22072056,22,7,2056,Invierno
23072056,23,7,2056,Invierno
24072056,24,7,2056,Invierno
25072056,25,7,2056,Invierno
26072056,26,7,2056,Invierno
27072056,27,7,2056,Invierno
28072056,28,7,2056,Invierno
29072056,29,7,2056,Invierno
30072056,30,7,2056,Invierno
31072056,31,7,2056,Invierno
1082056,1,8,2056,Invierno
2082056,2,8,2056,Invierno
3082056,3,8,2056,Invierno
4082056,4,8,2056,Invierno
5082056,5,8,2056,Invierno
6082056,6,8,2056,Invierno
7082056,7,8,2056,Invierno
8082056,8,8,2056,Invierno
9082056,9,8,2056,Invierno
10082056,10,8,2056,Invierno
11082056,11,8,2056,Invierno
12082056,12,8,2056,Invierno
13082056,13,8,2056,Invierno
14082056,14,8,2056,Invierno
15082056,15,8,2056,Invierno
16082056,16,8,2056,Invierno
17082056,17,8,2056,Invierno
18082056,18,8,2056,Invierno
19082056,19,8,2056,Invierno
20082056,20,8,2056,Invierno
21082056,21,8,2056,Invierno
22082056,22,8,2056,Invierno
23082056,23,8,2056,Invierno
24082056,24,8,2056,Invierno
25082056,25,8,2056,Invierno
26082056,26,8,2056,Invierno
27082056,27,8,2056,Invierno
28082056,28,8,2056,Invierno
29082056,29,8,2056,Invierno
30082056,30,8,2056,Invierno
31082056,31,8,2056,Invierno
1092056,1,9,2056,Primavera
2092056,2,9,2056,Primavera
3092056,3,9,2056,Primavera
4092056,4,9,2056,Primavera
5092056,5,9,2056,Primavera
6092056,6,9,2056,Primavera
7092056,7,9,2056,Primavera
8092056,8,9,2056,Primavera
9092056,9,9,2056,Primavera
10092056,10,9,2056,Primavera
11092056,11,9,2056,Primavera
12092056,12,9,2056,Primavera
13092056,13,9,2056,Primavera
14092056,14,9,2056,Primavera
15092056,15,9,2056,Primavera
16092056,16,9,2056,Primavera
17092056,17,9,2056,Primavera
18092056,18,9,2056,Primavera
19092056,19,9,2056,Primavera
20092056,20,9,2056,Primavera
21092056,21,9,2056,Primavera
22092056,22,9,2056,Primavera
23092056,23,9,2056,Primavera
24092056,24,9,2056,Primavera
25092056,25,9,2056,Primavera
26092056,26,9,2056,Primavera
27092056,27,9,2056,Primavera
28092056,28,9,2056,Primavera
29092056,29,9,2056,Primavera
30092056,30,9,2056,Primavera
1102056,1,10,2056,Primavera
2102056,2,10,2056,Primavera
3102056,3,10,2056,Primavera
4102056,4,10,2056,Primavera
5102056,5,10,2056,Primavera
6102056,6,10,2056,Primavera
7102056,7,10,2056,Primavera
8102056,8,10,2056,Primavera
9102056,9,10,2056,Primavera
10102056,10,10,2056,Primavera
11102056,11,10,2056,Primavera
12102056,12,10,2056,Primavera
13102056,13,10,2056,Primavera
14102056,14,10,2056,Primavera
15102056,15,10,2056,Primavera
16102056,16,10,2056,Primavera
17102056,17,10,2056,Primavera
18102056,18,10,2056,Primavera
19102056,19,10,2056,Primavera
20102056,20,10,2056,Primavera
21102056,21,10,2056,Primavera
22102056,22,10,2056,Primavera
23102056,23,10,2056,Primavera
24102056,24,10,2056,Primavera
25102056,25,10,2056,Primavera
26102056,26,10,2056,Primavera
27102056,27,10,2056,Primavera
28102056,28,10,2056,Primavera
29102056,29,10,2056,Primavera
30102056,30,10,2056,Primavera
31102056,31,10,2056,Primavera
1112056,1,11,2056,Primavera
2112056,2,11,2056,Primavera
3112056,3,11,2056,Primavera
4112056,4,11,2056,Primavera
5112056,5,11,2056,Primavera
6112056,6,11,2056,Primavera
7112056,7,11,2056,Primavera
8112056,8,11,2056,Primavera
9112056,9,11,2056,Primavera
10112056,10,11,2056,Primavera
11112056,11,11,2056,Primavera
12112056,12,11,2056,Primavera
13112056,13,11,2056,Primavera
14112056,14,11,2056,Primavera
15112056,15,11,2056,Primavera
16112056,16,11,2056,Primavera
17112056,17,11,2056,Primavera
18112056,18,11,2056,Primavera
19112056,19,11,2056,Primavera
20112056,20,11,2056,Primavera
21112056,21,11,2056,Primavera
22112056,22,11,2056,Primavera
23112056,23,11,2056,Primavera
24112056,24,11,2056,Primavera
25112056,25,11,2056,Primavera
26112056,26,11,2056,Primavera
27112056,27,11,2056,Primavera
28112056,28,11,2056,Primavera
29112056,29,11,2056,Primavera
30112056,30,11,2056,Primavera
1122056,1,12,2056,Verano
2122056,2,12,2056,Verano
3122056,3,12,2056,Verano
4122056,4,12,2056,Verano
5122056,5,12,2056,Verano
6122056,6,12,2056,Verano
7122056,7,12,2056,Verano
8122056,8,12,2056,Verano
9122056,9,12,2056,Verano
10122056,10,12,2056,Verano
11122056,11,12,2056,Verano
12122056,12,12,2056,Verano
13122056,13,12,2056,Verano
14122056,14,12,2056,Verano
15122056,15,12,2056,Verano
16122056,16,12,2056,Verano
17122056,17,12,2056,Verano
18122056,18,12,2056,Verano
19122056,19,12,2056,Verano
20122056,20,12,2056,Verano
21122056,21,12,2056,Verano
22122056,22,12,2056,Verano
23122056,23,12,2056,Verano
24122056,24,12,2056,Verano
25122056,25,12,2056,Verano
26122056,26,12,2056,Verano
27122056,27,12,2056,Verano
28122056,28,12,2056,Verano
29122056,29,12,2056,Verano
30122056,30,12,2056,Verano
31122056,31,12,2056,Verano
1012057,1,1,2057,Verano
2012057,2,1,2057,Verano
3012057,3,1,2057,Verano
4012057,4,1,2057,Verano
5012057,5,1,2057,Verano
6012057,6,1,2057,Verano
7012057,7,1,2057,Verano
8012057,8,1,2057,Verano
9012057,9,1,2057,Verano
10012057,10,1,2057,Verano
11012057,11,1,2057,Verano
12012057,12,1,2057,Verano
13012057,13,1,2057,Verano
14012057,14,1,2057,Verano
15012057,15,1,2057,Verano
16012057,16,1,2057,Verano
17012057,17,1,2057,Verano
18012057,18,1,2057,Verano
19012057,19,1,2057,Verano
20012057,20,1,2057,Verano
21012057,21,1,2057,Verano
22012057,22,1,2057,Verano
23012057,23,1,2057,Verano
24012057,24,1,2057,Verano
25012057,25,1,2057,Verano
26012057,26,1,2057,Verano
27012057,27,1,2057,Verano
28012057,28,1,2057,Verano
29012057,29,1,2057,Verano
30012057,30,1,2057,Verano
31012057,31,1,2057,Verano
1022057,1,2,2057,Verano
2022057,2,2,2057,Verano
3022057,3,2,2057,Verano
4022057,4,2,2057,Verano
5022057,5,2,2057,Verano
6022057,6,2,2057,Verano
7022057,7,2,2057,Verano
8022057,8,2,2057,Verano
9022057,9,2,2057,Verano
10022057,10,2,2057,Verano
11022057,11,2,2057,Verano
12022057,12,2,2057,Verano
13022057,13,2,2057,Verano
14022057,14,2,2057,Verano
15022057,15,2,2057,Verano
16022057,16,2,2057,Verano
17022057,17,2,2057,Verano
18022057,18,2,2057,Verano
19022057,19,2,2057,Verano
20022057,20,2,2057,Verano
21022057,21,2,2057,Verano
22022057,22,2,2057,Verano
23022057,23,2,2057,Verano
24022057,24,2,2057,Verano
25022057,25,2,2057,Verano
26022057,26,2,2057,Verano
27022057,27,2,2057,Verano
28022057,28,2,2057,Verano
1032057,1,3,2057,Otoño
2032057,2,3,2057,Otoño
3032057,3,3,2057,Otoño
4032057,4,3,2057,Otoño
5032057,5,3,2057,Otoño
6032057,6,3,2057,Otoño
7032057,7,3,2057,Otoño
8032057,8,3,2057,Otoño
9032057,9,3,2057,Otoño
10032057,10,3,2057,Otoño
11032057,11,3,2057,Otoño
12032057,12,3,2057,Otoño
13032057,13,3,2057,Otoño
14032057,14,3,2057,Otoño
15032057,15,3,2057,Otoño
16032057,16,3,2057,Otoño
17032057,17,3,2057,Otoño
18032057,18,3,2057,Otoño
19032057,19,3,2057,Otoño
20032057,20,3,2057,Otoño
21032057,21,3,2057,Otoño
22032057,22,3,2057,Otoño
23032057,23,3,2057,Otoño
24032057,24,3,2057,Otoño
25032057,25,3,2057,Otoño
26032057,26,3,2057,Otoño
27032057,27,3,2057,Otoño
28032057,28,3,2057,Otoño
29032057,29,3,2057,Otoño
30032057,30,3,2057,Otoño
31032057,31,3,2057,Otoño
1042057,1,4,2057,Otoño
2042057,2,4,2057,Otoño
3042057,3,4,2057,Otoño
4042057,4,4,2057,Otoño
5042057,5,4,2057,Otoño
6042057,6,4,2057,Otoño
7042057,7,4,2057,Otoño
8042057,8,4,2057,Otoño
9042057,9,4,2057,Otoño
10042057,10,4,2057,Otoño
11042057,11,4,2057,Otoño
12042057,12,4,2057,Otoño
13042057,13,4,2057,Otoño
14042057,14,4,2057,Otoño
15042057,15,4,2057,Otoño
16042057,16,4,2057,Otoño
17042057,17,4,2057,Otoño
18042057,18,4,2057,Otoño
19042057,19,4,2057,Otoño
20042057,20,4,2057,Otoño
21042057,21,4,2057,Otoño
22042057,22,4,2057,Otoño
23042057,23,4,2057,Otoño
24042057,24,4,2057,Otoño
25042057,25,4,2057,Otoño
26042057,26,4,2057,Otoño
27042057,27,4,2057,Otoño
28042057,28,4,2057,Otoño
29042057,29,4,2057,Otoño
30042057,30,4,2057,Otoño
1052057,1,5,2057,Otoño
2052057,2,5,2057,Otoño
3052057,3,5,2057,Otoño
4052057,4,5,2057,Otoño
5052057,5,5,2057,Otoño
6052057,6,5,2057,Otoño
7052057,7,5,2057,Otoño
8052057,8,5,2057,Otoño
9052057,9,5,2057,Otoño
10052057,10,5,2057,Otoño
11052057,11,5,2057,Otoño
12052057,12,5,2057,Otoño
13052057,13,5,2057,Otoño
14052057,14,5,2057,Otoño
15052057,15,5,2057,Otoño
16052057,16,5,2057,Otoño
17052057,17,5,2057,Otoño
18052057,18,5,2057,Otoño
19052057,19,5,2057,Otoño
20052057,20,5,2057,Otoño
21052057,21,5,2057,Otoño
22052057,22,5,2057,Otoño
23052057,23,5,2057,Otoño
24052057,24,5,2057,Otoño
25052057,25,5,2057,Otoño
26052057,26,5,2057,Otoño
27052057,27,5,2057,Otoño
28052057,28,5,2057,Otoño
29052057,29,5,2057,Otoño
30052057,30,5,2057,Otoño
31052057,31,5,2057,Otoño
1062057,1,6,2057,Invierno
2062057,2,6,2057,Invierno
3062057,3,6,2057,Invierno
4062057,4,6,2057,Invierno
5062057,5,6,2057,Invierno
6062057,6,6,2057,Invierno
7062057,7,6,2057,Invierno
8062057,8,6,2057,Invierno
9062057,9,6,2057,Invierno
10062057,10,6,2057,Invierno
11062057,11,6,2057,Invierno
12062057,12,6,2057,Invierno
13062057,13,6,2057,Invierno
14062057,14,6,2057,Invierno
15062057,15,6,2057,Invierno
16062057,16,6,2057,Invierno
17062057,17,6,2057,Invierno
18062057,18,6,2057,Invierno
19062057,19,6,2057,Invierno
20062057,20,6,2057,Invierno
21062057,21,6,2057,Invierno
22062057,22,6,2057,Invierno
23062057,23,6,2057,Invierno
24062057,24,6,2057,Invierno
25062057,25,6,2057,Invierno
26062057,26,6,2057,Invierno
27062057,27,6,2057,Invierno
28062057,28,6,2057,Invierno
29062057,29,6,2057,Invierno
30062057,30,6,2057,Invierno
1072057,1,7,2057,Invierno
2072057,2,7,2057,Invierno
3072057,3,7,2057,Invierno
4072057,4,7,2057,Invierno
5072057,5,7,2057,Invierno
6072057,6,7,2057,Invierno
7072057,7,7,2057,Invierno
8072057,8,7,2057,Invierno
9072057,9,7,2057,Invierno
10072057,10,7,2057,Invierno
11072057,11,7,2057,Invierno
12072057,12,7,2057,Invierno
13072057,13,7,2057,Invierno
14072057,14,7,2057,Invierno
15072057,15,7,2057,Invierno
16072057,16,7,2057,Invierno
17072057,17,7,2057,Invierno
18072057,18,7,2057,Invierno
19072057,19,7,2057,Invierno
20072057,20,7,2057,Invierno
21072057,21,7,2057,Invierno
22072057,22,7,2057,Invierno
23072057,23,7,2057,Invierno
24072057,24,7,2057,Invierno
25072057,25,7,2057,Invierno
26072057,26,7,2057,Invierno
27072057,27,7,2057,Invierno
28072057,28,7,2057,Invierno
29072057,29,7,2057,Invierno
30072057,30,7,2057,Invierno
31072057,31,7,2057,Invierno
1082057,1,8,2057,Invierno
2082057,2,8,2057,Invierno
3082057,3,8,2057,Invierno
4082057,4,8,2057,Invierno
5082057,5,8,2057,Invierno
6082057,6,8,2057,Invierno
7082057,7,8,2057,Invierno
8082057,8,8,2057,Invierno
9082057,9,8,2057,Invierno
10082057,10,8,2057,Invierno
11082057,11,8,2057,Invierno
12082057,12,8,2057,Invierno
13082057,13,8,2057,Invierno
14082057,14,8,2057,Invierno
15082057,15,8,2057,Invierno
16082057,16,8,2057,Invierno
17082057,17,8,2057,Invierno
18082057,18,8,2057,Invierno
19082057,19,8,2057,Invierno
20082057,20,8,2057,Invierno
21082057,21,8,2057,Invierno
22082057,22,8,2057,Invierno
23082057,23,8,2057,Invierno
24082057,24,8,2057,Invierno
25082057,25,8,2057,Invierno
26082057,26,8,2057,Invierno
27082057,27,8,2057,Invierno
28082057,28,8,2057,Invierno
29082057,29,8,2057,Invierno
30082057,30,8,2057,Invierno
31082057,31,8,2057,Invierno
1092057,1,9,2057,Primavera
2092057,2,9,2057,Primavera
3092057,3,9,2057,Primavera
4092057,4,9,2057,Primavera
5092057,5,9,2057,Primavera
6092057,6,9,2057,Primavera
7092057,7,9,2057,Primavera
8092057,8,9,2057,Primavera
9092057,9,9,2057,Primavera
10092057,10,9,2057,Primavera
11092057,11,9,2057,Primavera
12092057,12,9,2057,Primavera
13092057,13,9,2057,Primavera
14092057,14,9,2057,Primavera
15092057,15,9,2057,Primavera
16092057,16,9,2057,Primavera
17092057,17,9,2057,Primavera
18092057,18,9,2057,Primavera
19092057,19,9,2057,Primavera
20092057,20,9,2057,Primavera
21092057,21,9,2057,Primavera
22092057,22,9,2057,Primavera
23092057,23,9,2057,Primavera
24092057,24,9,2057,Primavera
25092057,25,9,2057,Primavera
26092057,26,9,2057,Primavera
27092057,27,9,2057,Primavera
28092057,28,9,2057,Primavera
29092057,29,9,2057,Primavera
30092057,30,9,2057,Primavera
1102057,1,10,2057,Primavera
2102057,2,10,2057,Primavera
3102057,3,10,2057,Primavera
4102057,4,10,2057,Primavera
5102057,5,10,2057,Primavera
6102057,6,10,2057,Primavera
7102057,7,10,2057,Primavera
8102057,8,10,2057,Primavera
9102057,9,10,2057,Primavera
10102057,10,10,2057,Primavera
11102057,11,10,2057,Primavera
12102057,12,10,2057,Primavera
13102057,13,10,2057,Primavera
14102057,14,10,2057,Primavera
15102057,15,10,2057,Primavera
16102057,16,10,2057,Primavera
17102057,17,10,2057,Primavera
18102057,18,10,2057,Primavera
19102057,19,10,2057,Primavera
20102057,20,10,2057,Primavera
21102057,21,10,2057,Primavera
22102057,22,10,2057,Primavera
23102057,23,10,2057,Primavera
24102057,24,10,2057,Primavera
25102057,25,10,2057,Primavera
26102057,26,10,2057,Primavera
27102057,27,10,2057,Primavera
28102057,28,10,2057,Primavera
29102057,29,10,2057,Primavera
30102057,30,10,2057,Primavera
31102057,31,10,2057,Primavera
1112057,1,11,2057,Primavera
2112057,2,11,2057,Primavera
3112057,3,11,2057,Primavera
4112057,4,11,2057,Primavera
5112057,5,11,2057,Primavera
6112057,6,11,2057,Primavera
7112057,7,11,2057,Primavera
8112057,8,11,2057,Primavera
9112057,9,11,2057,Primavera
10112057,10,11,2057,Primavera
11112057,11,11,2057,Primavera
12112057,12,11,2057,Primavera
13112057,13,11,2057,Primavera
14112057,14,11,2057,Primavera
15112057,15,11,2057,Primavera
16112057,16,11,2057,Primavera
17112057,17,11,2057,Primavera
18112057,18,11,2057,Primavera
19112057,19,11,2057,Primavera
20112057,20,11,2057,Primavera
21112057,21,11,2057,Primavera
22112057,22,11,2057,Primavera
23112057,23,11,2057,Primavera
24112057,24,11,2057,Primavera
25112057,25,11,2057,Primavera
26112057,26,11,2057,Primavera
27112057,27,11,2057,Primavera
28112057,28,11,2057,Primavera
29112057,29,11,2057,Primavera
30112057,30,11,2057,Primavera
1122057,1,12,2057,Verano
2122057,2,12,2057,Verano
3122057,3,12,2057,Verano
4122057,4,12,2057,Verano
5122057,5,12,2057,Verano
6122057,6,12,2057,Verano
7122057,7,12,2057,Verano
8122057,8,12,2057,Verano
9122057,9,12,2057,Verano
10122057,10,12,2057,Verano
11122057,11,12,2057,Verano
12122057,12,12,2057,Verano
13122057,13,12,2057,Verano
14122057,14,12,2057,Verano
15122057,15,12,2057,Verano
16122057,16,12,2057,Verano
17122057,17,12,2057,Verano
18122057,18,12,2057,Verano
19122057,19,12,2057,Verano
20122057,20,12,2057,Verano
21122057,21,12,2057,Verano
22122057,22,12,2057,Verano
23122057,23,12,2057,Verano
24122057,24,12,2057,Verano
25122057,25,12,2057,Verano
26122057,26,12,2057,Verano
27122057,27,12,2057,Verano
28122057,28,12,2057,Verano
29122057,29,12,2057,Verano
30122057,30,12,2057,Verano
31122057,31,12,2057,Verano
1012058,1,1,2058,Verano
2012058,2,1,2058,Verano
3012058,3,1,2058,Verano
4012058,4,1,2058,Verano
5012058,5,1,2058,Verano
6012058,6,1,2058,Verano
7012058,7,1,2058,Verano
8012058,8,1,2058,Verano
9012058,9,1,2058,Verano
10012058,10,1,2058,Verano
11012058,11,1,2058,Verano
12012058,12,1,2058,Verano
13012058,13,1,2058,Verano
14012058,14,1,2058,Verano
15012058,15,1,2058,Verano
16012058,16,1,2058,Verano
17012058,17,1,2058,Verano
18012058,18,1,2058,Verano
19012058,19,1,2058,Verano
20012058,20,1,2058,Verano
21012058,21,1,2058,Verano
22012058,22,1,2058,Verano
23012058,23,1,2058,Verano
24012058,24,1,2058,Verano
25012058,25,1,2058,Verano
26012058,26,1,2058,Verano
27012058,27,1,2058,Verano
28012058,28,1,2058,Verano
29012058,29,1,2058,Verano
30012058,30,1,2058,Verano
31012058,31,1,2058,Verano
1022058,1,2,2058,Verano
2022058,2,2,2058,Verano
3022058,3,2,2058,Verano
4022058,4,2,2058,Verano
5022058,5,2,2058,Verano
6022058,6,2,2058,Verano
7022058,7,2,2058,Verano
8022058,8,2,2058,Verano
9022058,9,2,2058,Verano
10022058,10,2,2058,Verano
11022058,11,2,2058,Verano
12022058,12,2,2058,Verano
13022058,13,2,2058,Verano
14022058,14,2,2058,Verano
15022058,15,2,2058,Verano
16022058,16,2,2058,Verano
17022058,17,2,2058,Verano
18022058,18,2,2058,Verano
19022058,19,2,2058,Verano
20022058,20,2,2058,Verano
21022058,21,2,2058,Verano
22022058,22,2,2058,Verano
23022058,23,2,2058,Verano
24022058,24,2,2058,Verano
25022058,25,2,2058,Verano
26022058,26,2,2058,Verano
27022058,27,2,2058,Verano
28022058,28,2,2058,Verano
1032058,1,3,2058,Otoño
2032058,2,3,2058,Otoño
3032058,3,3,2058,Otoño
4032058,4,3,2058,Otoño
5032058,5,3,2058,Otoño
6032058,6,3,2058,Otoño
7032058,7,3,2058,Otoño
8032058,8,3,2058,Otoño
9032058,9,3,2058,Otoño
10032058,10,3,2058,Otoño
11032058,11,3,2058,Otoño
12032058,12,3,2058,Otoño
13032058,13,3,2058,Otoño
14032058,14,3,2058,Otoño
15032058,15,3,2058,Otoño
16032058,16,3,2058,Otoño
17032058,17,3,2058,Otoño
18032058,18,3,2058,Otoño
19032058,19,3,2058,Otoño
20032058,20,3,2058,Otoño
21032058,21,3,2058,Otoño
22032058,22,3,2058,Otoño
23032058,23,3,2058,Otoño
24032058,24,3,2058,Otoño
25032058,25,3,2058,Otoño
26032058,26,3,2058,Otoño
27032058,27,3,2058,Otoño
28032058,28,3,2058,Otoño
29032058,29,3,2058,Otoño
30032058,30,3,2058,Otoño
31032058,31,3,2058,Otoño
1042058,1,4,2058,Otoño
2042058,2,4,2058,Otoño
3042058,3,4,2058,Otoño
4042058,4,4,2058,Otoño
5042058,5,4,2058,Otoño
6042058,6,4,2058,Otoño
7042058,7,4,2058,Otoño
8042058,8,4,2058,Otoño
9042058,9,4,2058,Otoño
10042058,10,4,2058,Otoño
11042058,11,4,2058,Otoño
12042058,12,4,2058,Otoño
13042058,13,4,2058,Otoño
14042058,14,4,2058,Otoño
15042058,15,4,2058,Otoño
16042058,16,4,2058,Otoño
17042058,17,4,2058,Otoño
18042058,18,4,2058,Otoño
19042058,19,4,2058,Otoño
20042058,20,4,2058,Otoño
21042058,21,4,2058,Otoño
22042058,22,4,2058,Otoño
23042058,23,4,2058,Otoño
24042058,24,4,2058,Otoño
25042058,25,4,2058,Otoño
26042058,26,4,2058,Otoño
27042058,27,4,2058,Otoño
28042058,28,4,2058,Otoño
29042058,29,4,2058,Otoño
30042058,30,4,2058,Otoño
1052058,1,5,2058,Otoño
2052058,2,5,2058,Otoño
3052058,3,5,2058,Otoño
4052058,4,5,2058,Otoño
5052058,5,5,2058,Otoño
6052058,6,5,2058,Otoño
7052058,7,5,2058,Otoño
8052058,8,5,2058,Otoño
9052058,9,5,2058,Otoño
10052058,10,5,2058,Otoño
11052058,11,5,2058,Otoño
12052058,12,5,2058,Otoño
13052058,13,5,2058,Otoño
14052058,14,5,2058,Otoño
15052058,15,5,2058,Otoño
16052058,16,5,2058,Otoño
17052058,17,5,2058,Otoño
18052058,18,5,2058,Otoño
19052058,19,5,2058,Otoño
20052058,20,5,2058,Otoño
21052058,21,5,2058,Otoño
22052058,22,5,2058,Otoño
23052058,23,5,2058,Otoño
24052058,24,5,2058,Otoño
25052058,25,5,2058,Otoño
26052058,26,5,2058,Otoño
27052058,27,5,2058,Otoño
28052058,28,5,2058,Otoño
29052058,29,5,2058,Otoño
30052058,30,5,2058,Otoño
31052058,31,5,2058,Otoño
1062058,1,6,2058,Invierno
2062058,2,6,2058,Invierno
3062058,3,6,2058,Invierno
4062058,4,6,2058,Invierno
5062058,5,6,2058,Invierno
6062058,6,6,2058,Invierno
7062058,7,6,2058,Invierno
8062058,8,6,2058,Invierno
9062058,9,6,2058,Invierno
10062058,10,6,2058,Invierno
11062058,11,6,2058,Invierno
12062058,12,6,2058,Invierno
13062058,13,6,2058,Invierno
14062058,14,6,2058,Invierno
15062058,15,6,2058,Invierno
16062058,16,6,2058,Invierno
17062058,17,6,2058,Invierno
18062058,18,6,2058,Invierno
19062058,19,6,2058,Invierno
20062058,20,6,2058,Invierno
21062058,21,6,2058,Invierno
22062058,22,6,2058,Invierno
23062058,23,6,2058,Invierno
24062058,24,6,2058,Invierno
25062058,25,6,2058,Invierno
26062058,26,6,2058,Invierno
27062058,27,6,2058,Invierno
28062058,28,6,2058,Invierno
29062058,29,6,2058,Invierno
30062058,30,6,2058,Invierno
1072058,1,7,2058,Invierno
2072058,2,7,2058,Invierno
3072058,3,7,2058,Invierno
4072058,4,7,2058,Invierno
5072058,5,7,2058,Invierno
6072058,6,7,2058,Invierno
7072058,7,7,2058,Invierno
8072058,8,7,2058,Invierno
9072058,9,7,2058,Invierno
10072058,10,7,2058,Invierno
11072058,11,7,2058,Invierno
12072058,12,7,2058,Invierno
13072058,13,7,2058,Invierno
14072058,14,7,2058,Invierno
15072058,15,7,2058,Invierno
16072058,16,7,2058,Invierno
17072058,17,7,2058,Invierno
18072058,18,7,2058,Invierno
19072058,19,7,2058,Invierno
20072058,20,7,2058,Invierno
21072058,21,7,2058,Invierno
22072058,22,7,2058,Invierno
23072058,23,7,2058,Invierno
24072058,24,7,2058,Invierno
25072058,25,7,2058,Invierno
26072058,26,7,2058,Invierno
27072058,27,7,2058,Invierno
28072058,28,7,2058,Invierno
29072058,29,7,2058,Invierno
30072058,30,7,2058,Invierno
31072058,31,7,2058,Invierno
1082058,1,8,2058,Invierno
2082058,2,8,2058,Invierno
3082058,3,8,2058,Invierno
4082058,4,8,2058,Invierno
5082058,5,8,2058,Invierno
6082058,6,8,2058,Invierno
7082058,7,8,2058,Invierno
8082058,8,8,2058,Invierno
9082058,9,8,2058,Invierno
10082058,10,8,2058,Invierno
11082058,11,8,2058,Invierno
12082058,12,8,2058,Invierno
13082058,13,8,2058,Invierno
14082058,14,8,2058,Invierno
15082058,15,8,2058,Invierno
16082058,16,8,2058,Invierno
17082058,17,8,2058,Invierno
18082058,18,8,2058,Invierno
19082058,19,8,2058,Invierno
20082058,20,8,2058,Invierno
21082058,21,8,2058,Invierno
22082058,22,8,2058,Invierno
23082058,23,8,2058,Invierno
24082058,24,8,2058,Invierno
25082058,25,8,2058,Invierno
26082058,26,8,2058,Invierno
27082058,27,8,2058,Invierno
28082058,28,8,2058,Invierno
29082058,29,8,2058,Invierno
30082058,30,8,2058,Invierno
31082058,31,8,2058,Invierno
1092058,1,9,2058,Primavera
2092058,2,9,2058,Primavera
3092058,3,9,2058,Primavera
4092058,4,9,2058,Primavera
5092058,5,9,2058,Primavera
6092058,6,9,2058,Primavera
7092058,7,9,2058,Primavera
8092058,8,9,2058,Primavera
9092058,9,9,2058,Primavera
10092058,10,9,2058,Primavera
11092058,11,9,2058,Primavera
12092058,12,9,2058,Primavera
13092058,13,9,2058,Primavera
14092058,14,9,2058,Primavera
15092058,15,9,2058,Primavera
16092058,16,9,2058,Primavera
17092058,17,9,2058,Primavera
18092058,18,9,2058,Primavera
19092058,19,9,2058,Primavera
20092058,20,9,2058,Primavera
21092058,21,9,2058,Primavera
22092058,22,9,2058,Primavera
23092058,23,9,2058,Primavera
24092058,24,9,2058,Primavera
25092058,25,9,2058,Primavera
26092058,26,9,2058,Primavera
27092058,27,9,2058,Primavera
28092058,28,9,2058,Primavera
29092058,29,9,2058,Primavera
30092058,30,9,2058,Primavera
1102058,1,10,2058,Primavera
2102058,2,10,2058,Primavera
3102058,3,10,2058,Primavera
4102058,4,10,2058,Primavera
5102058,5,10,2058,Primavera
6102058,6,10,2058,Primavera
7102058,7,10,2058,Primavera
8102058,8,10,2058,Primavera
9102058,9,10,2058,Primavera
10102058,10,10,2058,Primavera
11102058,11,10,2058,Primavera
12102058,12,10,2058,Primavera
13102058,13,10,2058,Primavera
14102058,14,10,2058,Primavera
15102058,15,10,2058,Primavera
16102058,16,10,2058,Primavera
17102058,17,10,2058,Primavera
18102058,18,10,2058,Primavera
19102058,19,10,2058,Primavera
20102058,20,10,2058,Primavera
21102058,21,10,2058,Primavera
22102058,22,10,2058,Primavera
23102058,23,10,2058,Primavera
24102058,24,10,2058,Primavera
25102058,25,10,2058,Primavera
26102058,26,10,2058,Primavera
27102058,27,10,2058,Primavera
28102058,28,10,2058,Primavera
29102058,29,10,2058,Primavera
30102058,30,10,2058,Primavera
31102058,31,10,2058,Primavera
1112058,1,11,2058,Primavera
2112058,2,11,2058,Primavera
3112058,3,11,2058,Primavera
4112058,4,11,2058,Primavera
5112058,5,11,2058,Primavera
6112058,6,11,2058,Primavera
7112058,7,11,2058,Primavera
8112058,8,11,2058,Primavera
9112058,9,11,2058,Primavera
10112058,10,11,2058,Primavera
11112058,11,11,2058,Primavera
12112058,12,11,2058,Primavera
13112058,13,11,2058,Primavera
14112058,14,11,2058,Primavera
15112058,15,11,2058,Primavera
16112058,16,11,2058,Primavera
17112058,17,11,2058,Primavera
18112058,18,11,2058,Primavera
19112058,19,11,2058,Primavera
20112058,20,11,2058,Primavera
21112058,21,11,2058,Primavera
22112058,22,11,2058,Primavera
23112058,23,11,2058,Primavera
24112058,24,11,2058,Primavera
25112058,25,11,2058,Primavera
26112058,26,11,2058,Primavera
27112058,27,11,2058,Primavera
28112058,28,11,2058,Primavera
29112058,29,11,2058,Primavera
30112058,30,11,2058,Primavera
1122058,1,12,2058,Verano
2122058,2,12,2058,Verano
3122058,3,12,2058,Verano
4122058,4,12,2058,Verano
5122058,5,12,2058,Verano
6122058,6,12,2058,Verano
7122058,7,12,2058,Verano
8122058,8,12,2058,Verano
9122058,9,12,2058,Verano
10122058,10,12,2058,Verano
11122058,11,12,2058,Verano
12122058,12,12,2058,Verano
13122058,13,12,2058,Verano
14122058,14,12,2058,Verano
15122058,15,12,2058,Verano
16122058,16,12,2058,Verano
17122058,17,12,2058,Verano
18122058,18,12,2058,Verano
19122058,19,12,2058,Verano
20122058,20,12,2058,Verano
21122058,21,12,2058,Verano
22122058,22,12,2058,Verano
23122058,23,12,2058,Verano
24122058,24,12,2058,Verano
25122058,25,12,2058,Verano
26122058,26,12,2058,Verano
27122058,27,12,2058,Verano
28122058,28,12,2058,Verano
29122058,29,12,2058,Verano
30122058,30,12,2058,Verano
31122058,31,12,2058,Verano
1012059,1,1,2059,Verano
2012059,2,1,2059,Verano
3012059,3,1,2059,Verano
4012059,4,1,2059,Verano
5012059,5,1,2059,Verano
6012059,6,1,2059,Verano
7012059,7,1,2059,Verano
8012059,8,1,2059,Verano
9012059,9,1,2059,Verano
10012059,10,1,2059,Verano
11012059,11,1,2059,Verano
12012059,12,1,2059,Verano
13012059,13,1,2059,Verano
14012059,14,1,2059,Verano
15012059,15,1,2059,Verano
16012059,16,1,2059,Verano
17012059,17,1,2059,Verano
18012059,18,1,2059,Verano
19012059,19,1,2059,Verano
20012059,20,1,2059,Verano
21012059,21,1,2059,Verano
22012059,22,1,2059,Verano
23012059,23,1,2059,Verano
24012059,24,1,2059,Verano
25012059,25,1,2059,Verano
26012059,26,1,2059,Verano
27012059,27,1,2059,Verano
28012059,28,1,2059,Verano
29012059,29,1,2059,Verano
30012059,30,1,2059,Verano
31012059,31,1,2059,Verano
1022059,1,2,2059,Verano
2022059,2,2,2059,Verano
3022059,3,2,2059,Verano
4022059,4,2,2059,Verano
5022059,5,2,2059,Verano
6022059,6,2,2059,Verano
7022059,7,2,2059,Verano
8022059,8,2,2059,Verano
9022059,9,2,2059,Verano
10022059,10,2,2059,Verano
11022059,11,2,2059,Verano
12022059,12,2,2059,Verano
13022059,13,2,2059,Verano
14022059,14,2,2059,Verano
15022059,15,2,2059,Verano
16022059,16,2,2059,Verano
17022059,17,2,2059,Verano
18022059,18,2,2059,Verano
19022059,19,2,2059,Verano
20022059,20,2,2059,Verano
21022059,21,2,2059,Verano
22022059,22,2,2059,Verano
23022059,23,2,2059,Verano
24022059,24,2,2059,Verano
25022059,25,2,2059,Verano
26022059,26,2,2059,Verano
27022059,27,2,2059,Verano
28022059,28,2,2059,Verano
1032059,1,3,2059,Otoño
2032059,2,3,2059,Otoño
3032059,3,3,2059,Otoño
4032059,4,3,2059,Otoño
5032059,5,3,2059,Otoño
6032059,6,3,2059,Otoño
7032059,7,3,2059,Otoño
8032059,8,3,2059,Otoño
9032059,9,3,2059,Otoño
10032059,10,3,2059,Otoño
11032059,11,3,2059,Otoño
12032059,12,3,2059,Otoño
13032059,13,3,2059,Otoño
14032059,14,3,2059,Otoño
15032059,15,3,2059,Otoño
16032059,16,3,2059,Otoño
17032059,17,3,2059,Otoño
18032059,18,3,2059,Otoño
19032059,19,3,2059,Otoño
20032059,20,3,2059,Otoño
21032059,21,3,2059,Otoño
22032059,22,3,2059,Otoño
23032059,23,3,2059,Otoño
24032059,24,3,2059,Otoño
25032059,25,3,2059,Otoño
26032059,26,3,2059,Otoño
27032059,27,3,2059,Otoño
28032059,28,3,2059,Otoño
29032059,29,3,2059,Otoño
30032059,30,3,2059,Otoño
31032059,31,3,2059,Otoño
1042059,1,4,2059,Otoño
2042059,2,4,2059,Otoño
3042059,3,4,2059,Otoño
4042059,4,4,2059,Otoño
5042059,5,4,2059,Otoño
6042059,6,4,2059,Otoño
7042059,7,4,2059,Otoño
8042059,8,4,2059,Otoño
9042059,9,4,2059,Otoño
10042059,10,4,2059,Otoño
11042059,11,4,2059,Otoño
12042059,12,4,2059,Otoño
13042059,13,4,2059,Otoño
14042059,14,4,2059,Otoño
15042059,15,4,2059,Otoño
16042059,16,4,2059,Otoño
17042059,17,4,2059,Otoño
18042059,18,4,2059,Otoño
19042059,19,4,2059,Otoño
20042059,20,4,2059,Otoño
21042059,21,4,2059,Otoño
22042059,22,4,2059,Otoño
23042059,23,4,2059,Otoño
24042059,24,4,2059,Otoño
25042059,25,4,2059,Otoño
26042059,26,4,2059,Otoño
27042059,27,4,2059,Otoño
28042059,28,4,2059,Otoño
29042059,29,4,2059,Otoño
30042059,30,4,2059,Otoño
1052059,1,5,2059,Otoño
2052059,2,5,2059,Otoño
3052059,3,5,2059,Otoño
4052059,4,5,2059,Otoño
5052059,5,5,2059,Otoño
6052059,6,5,2059,Otoño
7052059,7,5,2059,Otoño
8052059,8,5,2059,Otoño
9052059,9,5,2059,Otoño
10052059,10,5,2059,Otoño
11052059,11,5,2059,Otoño
12052059,12,5,2059,Otoño
13052059,13,5,2059,Otoño
14052059,14,5,2059,Otoño
15052059,15,5,2059,Otoño
16052059,16,5,2059,Otoño
17052059,17,5,2059,Otoño
18052059,18,5,2059,Otoño
19052059,19,5,2059,Otoño
20052059,20,5,2059,Otoño
21052059,21,5,2059,Otoño
22052059,22,5,2059,Otoño
23052059,23,5,2059,Otoño
24052059,24,5,2059,Otoño
25052059,25,5,2059,Otoño
26052059,26,5,2059,Otoño
27052059,27,5,2059,Otoño
28052059,28,5,2059,Otoño
29052059,29,5,2059,Otoño
30052059,30,5,2059,Otoño
31052059,31,5,2059,Otoño
1062059,1,6,2059,Invierno
2062059,2,6,2059,Invierno
3062059,3,6,2059,Invierno
4062059,4,6,2059,Invierno
5062059,5,6,2059,Invierno
6062059,6,6,2059,Invierno
7062059,7,6,2059,Invierno
8062059,8,6,2059,Invierno
9062059,9,6,2059,Invierno
10062059,10,6,2059,Invierno
11062059,11,6,2059,Invierno
12062059,12,6,2059,Invierno
13062059,13,6,2059,Invierno
14062059,14,6,2059,Invierno
15062059,15,6,2059,Invierno
16062059,16,6,2059,Invierno
17062059,17,6,2059,Invierno
18062059,18,6,2059,Invierno
19062059,19,6,2059,Invierno
20062059,20,6,2059,Invierno
21062059,21,6,2059,Invierno
22062059,22,6,2059,Invierno
23062059,23,6,2059,Invierno
24062059,24,6,2059,Invierno
25062059,25,6,2059,Invierno
26062059,26,6,2059,Invierno
27062059,27,6,2059,Invierno
28062059,28,6,2059,Invierno
29062059,29,6,2059,Invierno
30062059,30,6,2059,Invierno
1072059,1,7,2059,Invierno
2072059,2,7,2059,Invierno
3072059,3,7,2059,Invierno
4072059,4,7,2059,Invierno
5072059,5,7,2059,Invierno
6072059,6,7,2059,Invierno
7072059,7,7,2059,Invierno
8072059,8,7,2059,Invierno
9072059,9,7,2059,Invierno
10072059,10,7,2059,Invierno
11072059,11,7,2059,Invierno
12072059,12,7,2059,Invierno
13072059,13,7,2059,Invierno
14072059,14,7,2059,Invierno
15072059,15,7,2059,Invierno
16072059,16,7,2059,Invierno
17072059,17,7,2059,Invierno
18072059,18,7,2059,Invierno
19072059,19,7,2059,Invierno
20072059,20,7,2059,Invierno
21072059,21,7,2059,Invierno
22072059,22,7,2059,Invierno
23072059,23,7,2059,Invierno
24072059,24,7,2059,Invierno
25072059,25,7,2059,Invierno
26072059,26,7,2059,Invierno
27072059,27,7,2059,Invierno
28072059,28,7,2059,Invierno
29072059,29,7,2059,Invierno
30072059,30,7,2059,Invierno
31072059,31,7,2059,Invierno
1082059,1,8,2059,Invierno
2082059,2,8,2059,Invierno
3082059,3,8,2059,Invierno
4082059,4,8,2059,Invierno
5082059,5,8,2059,Invierno
6082059,6,8,2059,Invierno
7082059,7,8,2059,Invierno
8082059,8,8,2059,Invierno
9082059,9,8,2059,Invierno
10082059,10,8,2059,Invierno
11082059,11,8,2059,Invierno
12082059,12,8,2059,Invierno
13082059,13,8,2059,Invierno
14082059,14,8,2059,Invierno
15082059,15,8,2059,Invierno
16082059,16,8,2059,Invierno
17082059,17,8,2059,Invierno
18082059,18,8,2059,Invierno
19082059,19,8,2059,Invierno
20082059,20,8,2059,Invierno
21082059,21,8,2059,Invierno
22082059,22,8,2059,Invierno
23082059,23,8,2059,Invierno
24082059,24,8,2059,Invierno
25082059,25,8,2059,Invierno
26082059,26,8,2059,Invierno
27082059,27,8,2059,Invierno
28082059,28,8,2059,Invierno
29082059,29,8,2059,Invierno
30082059,30,8,2059,Invierno
31082059,31,8,2059,Invierno
1092059,1,9,2059,Primavera
2092059,2,9,2059,Primavera
3092059,3,9,2059,Primavera
4092059,4,9,2059,Primavera
5092059,5,9,2059,Primavera
6092059,6,9,2059,Primavera
7092059,7,9,2059,Primavera
8092059,8,9,2059,Primavera
9092059,9,9,2059,Primavera
10092059,10,9,2059,Primavera
11092059,11,9,2059,Primavera
12092059,12,9,2059,Primavera
13092059,13,9,2059,Primavera
14092059,14,9,2059,Primavera
15092059,15,9,2059,Primavera
16092059,16,9,2059,Primavera
17092059,17,9,2059,Primavera
18092059,18,9,2059,Primavera
19092059,19,9,2059,Primavera
20092059,20,9,2059,Primavera
21092059,21,9,2059,Primavera
22092059,22,9,2059,Primavera
23092059,23,9,2059,Primavera
24092059,24,9,2059,Primavera
25092059,25,9,2059,Primavera
26092059,26,9,2059,Primavera
27092059,27,9,2059,Primavera
28092059,28,9,2059,Primavera
29092059,29,9,2059,Primavera
30092059,30,9,2059,Primavera
1102059,1,10,2059,Primavera
2102059,2,10,2059,Primavera
3102059,3,10,2059,Primavera
4102059,4,10,2059,Primavera
5102059,5,10,2059,Primavera
6102059,6,10,2059,Primavera
7102059,7,10,2059,Primavera
8102059,8,10,2059,Primavera
9102059,9,10,2059,Primavera
10102059,10,10,2059,Primavera
11102059,11,10,2059,Primavera
12102059,12,10,2059,Primavera
13102059,13,10,2059,Primavera
14102059,14,10,2059,Primavera
15102059,15,10,2059,Primavera
16102059,16,10,2059,Primavera
17102059,17,10,2059,Primavera
18102059,18,10,2059,Primavera
19102059,19,10,2059,Primavera
20102059,20,10,2059,Primavera
21102059,21,10,2059,Primavera
22102059,22,10,2059,Primavera
23102059,23,10,2059,Primavera
24102059,24,10,2059,Primavera
25102059,25,10,2059,Primavera
26102059,26,10,2059,Primavera
27102059,27,10,2059,Primavera
28102059,28,10,2059,Primavera
29102059,29,10,2059,Primavera
30102059,30,10,2059,Primavera
31102059,31,10,2059,Primavera
1112059,1,11,2059,Primavera
2112059,2,11,2059,Primavera
3112059,3,11,2059,Primavera
4112059,4,11,2059,Primavera
5112059,5,11,2059,Primavera
6112059,6,11,2059,Primavera
7112059,7,11,2059,Primavera
8112059,8,11,2059,Primavera
9112059,9,11,2059,Primavera
10112059,10,11,2059,Primavera
11112059,11,11,2059,Primavera
12112059,12,11,2059,Primavera
13112059,13,11,2059,Primavera
14112059,14,11,2059,Primavera
15112059,15,11,2059,Primavera
16112059,16,11,2059,Primavera
17112059,17,11,2059,Primavera
18112059,18,11,2059,Primavera
19112059,19,11,2059,Primavera
20112059,20,11,2059,Primavera
21112059,21,11,2059,Primavera
22112059,22,11,2059,Primavera
23112059,23,11,2059,Primavera
24112059,24,11,2059,Primavera
25112059,25,11,2059,Primavera
26112059,26,11,2059,Primavera
27112059,27,11,2059,Primavera
28112059,28,11,2059,Primavera
29112059,29,11,2059,Primavera
30112059,30,11,2059,Primavera
1122059,1,12,2059,Verano
2122059,2,12,2059,Verano
3122059,3,12,2059,Verano
4122059,4,12,2059,Verano
5122059,5,12,2059,Verano
6122059,6,12,2059,Verano
7122059,7,12,2059,Verano
8122059,8,12,2059,Verano
9122059,9,12,2059,Verano
10122059,10,12,2059,Verano
11122059,11,12,2059,Verano
12122059,12,12,2059,Verano
13122059,13,12,2059,Verano
14122059,14,12,2059,Verano
15122059,15,12,2059,Verano
16122059,16,12,2059,Verano
17122059,17,12,2059,Verano
18122059,18,12,2059,Verano
19122059,19,12,2059,Verano
20122059,20,12,2059,Verano
21122059,21,12,2059,Verano
22122059,22,12,2059,Verano
23122059,23,12,2059,Verano
24122059,24,12,2059,Verano
25122059,25,12,2059,Verano
26122059,26,12,2059,Verano
27122059,27,12,2059,Verano
28122059,28,12,2059,Verano
29122059,29,12,2059,Verano
30122059,30,12,2059,Verano
31122059,31,12,2059,Verano
1012060,1,1,2060,Verano
2012060,2,1,2060,Verano
3012060,3,1,2060,Verano
4012060,4,1,2060,Verano
5012060,5,1,2060,Verano
6012060,6,1,2060,Verano
7012060,7,1,2060,Verano
8012060,8,1,2060,Verano
9012060,9,1,2060,Verano
10012060,10,1,2060,Verano
11012060,11,1,2060,Verano
12012060,12,1,2060,Verano
13012060,13,1,2060,Verano
14012060,14,1,2060,Verano
15012060,15,1,2060,Verano
16012060,16,1,2060,Verano
17012060,17,1,2060,Verano
18012060,18,1,2060,Verano
19012060,19,1,2060,Verano
20012060,20,1,2060,Verano
21012060,21,1,2060,Verano
22012060,22,1,2060,Verano
23012060,23,1,2060,Verano
24012060,24,1,2060,Verano
25012060,25,1,2060,Verano
26012060,26,1,2060,Verano
27012060,27,1,2060,Verano
28012060,28,1,2060,Verano
29012060,29,1,2060,Verano
30012060,30,1,2060,Verano
31012060,31,1,2060,Verano
1022060,1,2,2060,Verano
2022060,2,2,2060,Verano
3022060,3,2,2060,Verano
4022060,4,2,2060,Verano
5022060,5,2,2060,Verano
6022060,6,2,2060,Verano
7022060,7,2,2060,Verano
8022060,8,2,2060,Verano
9022060,9,2,2060,Verano
10022060,10,2,2060,Verano
11022060,11,2,2060,Verano
12022060,12,2,2060,Verano
13022060,13,2,2060,Verano
14022060,14,2,2060,Verano
15022060,15,2,2060,Verano
16022060,16,2,2060,Verano
17022060,17,2,2060,Verano
18022060,18,2,2060,Verano
19022060,19,2,2060,Verano
20022060,20,2,2060,Verano
21022060,21,2,2060,Verano
22022060,22,2,2060,Verano
23022060,23,2,2060,Verano
24022060,24,2,2060,Verano
25022060,25,2,2060,Verano
26022060,26,2,2060,Verano
27022060,27,2,2060,Verano
28022060,28,2,2060,Verano
29022060,29,2,2060,Verano
1032060,1,3,2060,Otoño
2032060,2,3,2060,Otoño
3032060,3,3,2060,Otoño
4032060,4,3,2060,Otoño
5032060,5,3,2060,Otoño
6032060,6,3,2060,Otoño
7032060,7,3,2060,Otoño
8032060,8,3,2060,Otoño
9032060,9,3,2060,Otoño
10032060,10,3,2060,Otoño
11032060,11,3,2060,Otoño
12032060,12,3,2060,Otoño
13032060,13,3,2060,Otoño
14032060,14,3,2060,Otoño
15032060,15,3,2060,Otoño
16032060,16,3,2060,Otoño
17032060,17,3,2060,Otoño
18032060,18,3,2060,Otoño
19032060,19,3,2060,Otoño
20032060,20,3,2060,Otoño
21032060,21,3,2060,Otoño
22032060,22,3,2060,Otoño
23032060,23,3,2060,Otoño
24032060,24,3,2060,Otoño
25032060,25,3,2060,Otoño
26032060,26,3,2060,Otoño
27032060,27,3,2060,Otoño
28032060,28,3,2060,Otoño
29032060,29,3,2060,Otoño
30032060,30,3,2060,Otoño
31032060,31,3,2060,Otoño
1042060,1,4,2060,Otoño
2042060,2,4,2060,Otoño
3042060,3,4,2060,Otoño
4042060,4,4,2060,Otoño
5042060,5,4,2060,Otoño
6042060,6,4,2060,Otoño
7042060,7,4,2060,Otoño
8042060,8,4,2060,Otoño
9042060,9,4,2060,Otoño
10042060,10,4,2060,Otoño
11042060,11,4,2060,Otoño
12042060,12,4,2060,Otoño
13042060,13,4,2060,Otoño
14042060,14,4,2060,Otoño
15042060,15,4,2060,Otoño
16042060,16,4,2060,Otoño
17042060,17,4,2060,Otoño
18042060,18,4,2060,Otoño
19042060,19,4,2060,Otoño
20042060,20,4,2060,Otoño
21042060,21,4,2060,Otoño
22042060,22,4,2060,Otoño
23042060,23,4,2060,Otoño
24042060,24,4,2060,Otoño
25042060,25,4,2060,Otoño
26042060,26,4,2060,Otoño
27042060,27,4,2060,Otoño
28042060,28,4,2060,Otoño
29042060,29,4,2060,Otoño
30042060,30,4,2060,Otoño
1052060,1,5,2060,Otoño
2052060,2,5,2060,Otoño
3052060,3,5,2060,Otoño
4052060,4,5,2060,Otoño
5052060,5,5,2060,Otoño
6052060,6,5,2060,Otoño
7052060,7,5,2060,Otoño
8052060,8,5,2060,Otoño
9052060,9,5,2060,Otoño
10052060,10,5,2060,Otoño
11052060,11,5,2060,Otoño
12052060,12,5,2060,Otoño
13052060,13,5,2060,Otoño
14052060,14,5,2060,Otoño
15052060,15,5,2060,Otoño
16052060,16,5,2060,Otoño
17052060,17,5,2060,Otoño
18052060,18,5,2060,Otoño
19052060,19,5,2060,Otoño
20052060,20,5,2060,Otoño
21052060,21,5,2060,Otoño
22052060,22,5,2060,Otoño
23052060,23,5,2060,Otoño
24052060,24,5,2060,Otoño
25052060,25,5,2060,Otoño
26052060,26,5,2060,Otoño
27052060,27,5,2060,Otoño
28052060,28,5,2060,Otoño
29052060,29,5,2060,Otoño
30052060,30,5,2060,Otoño
31052060,31,5,2060,Otoño
1062060,1,6,2060,Invierno
2062060,2,6,2060,Invierno
3062060,3,6,2060,Invierno
4062060,4,6,2060,Invierno
5062060,5,6,2060,Invierno
6062060,6,6,2060,Invierno
7062060,7,6,2060,Invierno
8062060,8,6,2060,Invierno
9062060,9,6,2060,Invierno
10062060,10,6,2060,Invierno
11062060,11,6,2060,Invierno
12062060,12,6,2060,Invierno
13062060,13,6,2060,Invierno
14062060,14,6,2060,Invierno
15062060,15,6,2060,Invierno
16062060,16,6,2060,Invierno
17062060,17,6,2060,Invierno
18062060,18,6,2060,Invierno
19062060,19,6,2060,Invierno
20062060,20,6,2060,Invierno
21062060,21,6,2060,Invierno
22062060,22,6,2060,Invierno
23062060,23,6,2060,Invierno
24062060,24,6,2060,Invierno
25062060,25,6,2060,Invierno
26062060,26,6,2060,Invierno
27062060,27,6,2060,Invierno
28062060,28,6,2060,Invierno
29062060,29,6,2060,Invierno
30062060,30,6,2060,Invierno
1072060,1,7,2060,Invierno
2072060,2,7,2060,Invierno
3072060,3,7,2060,Invierno
4072060,4,7,2060,Invierno
5072060,5,7,2060,Invierno
6072060,6,7,2060,Invierno
7072060,7,7,2060,Invierno
8072060,8,7,2060,Invierno
9072060,9,7,2060,Invierno
10072060,10,7,2060,Invierno
11072060,11,7,2060,Invierno
12072060,12,7,2060,Invierno
13072060,13,7,2060,Invierno
14072060,14,7,2060,Invierno
15072060,15,7,2060,Invierno
16072060,16,7,2060,Invierno
17072060,17,7,2060,Invierno
18072060,18,7,2060,Invierno
19072060,19,7,2060,Invierno
20072060,20,7,2060,Invierno
21072060,21,7,2060,Invierno
22072060,22,7,2060,Invierno
23072060,23,7,2060,Invierno
24072060,24,7,2060,Invierno
25072060,25,7,2060,Invierno
26072060,26,7,2060,Invierno
27072060,27,7,2060,Invierno
28072060,28,7,2060,Invierno
29072060,29,7,2060,Invierno
30072060,30,7,2060,Invierno
31072060,31,7,2060,Invierno
1082060,1,8,2060,Invierno
2082060,2,8,2060,Invierno
3082060,3,8,2060,Invierno
4082060,4,8,2060,Invierno
5082060,5,8,2060,Invierno
6082060,6,8,2060,Invierno
7082060,7,8,2060,Invierno
8082060,8,8,2060,Invierno
9082060,9,8,2060,Invierno
10082060,10,8,2060,Invierno
11082060,11,8,2060,Invierno
12082060,12,8,2060,Invierno
13082060,13,8,2060,Invierno
14082060,14,8,2060,Invierno
15082060,15,8,2060,Invierno
16082060,16,8,2060,Invierno
17082060,17,8,2060,Invierno
18082060,18,8,2060,Invierno
19082060,19,8,2060,Invierno
20082060,20,8,2060,Invierno
21082060,21,8,2060,Invierno
22082060,22,8,2060,Invierno
23082060,23,8,2060,Invierno
24082060,24,8,2060,Invierno
25082060,25,8,2060,Invierno
26082060,26,8,2060,Invierno
27082060,27,8,2060,Invierno
28082060,28,8,2060,Invierno
29082060,29,8,2060,Invierno
30082060,30,8,2060,Invierno
31082060,31,8,2060,Invierno
1092060,1,9,2060,Primavera
2092060,2,9,2060,Primavera
3092060,3,9,2060,Primavera
4092060,4,9,2060,Primavera
5092060,5,9,2060,Primavera
6092060,6,9,2060,Primavera
7092060,7,9,2060,Primavera
8092060,8,9,2060,Primavera
9092060,9,9,2060,Primavera
10092060,10,9,2060,Primavera
11092060,11,9,2060,Primavera
12092060,12,9,2060,Primavera
13092060,13,9,2060,Primavera
14092060,14,9,2060,Primavera
15092060,15,9,2060,Primavera
16092060,16,9,2060,Primavera
17092060,17,9,2060,Primavera
18092060,18,9,2060,Primavera
19092060,19,9,2060,Primavera
20092060,20,9,2060,Primavera
21092060,21,9,2060,Primavera
22092060,22,9,2060,Primavera
23092060,23,9,2060,Primavera
24092060,24,9,2060,Primavera
25092060,25,9,2060,Primavera
26092060,26,9,2060,Primavera
27092060,27,9,2060,Primavera
28092060,28,9,2060,Primavera
29092060,29,9,2060,Primavera
30092060,30,9,2060,Primavera
1102060,1,10,2060,Primavera
2102060,2,10,2060,Primavera
3102060,3,10,2060,Primavera
4102060,4,10,2060,Primavera
5102060,5,10,2060,Primavera
6102060,6,10,2060,Primavera
7102060,7,10,2060,Primavera
8102060,8,10,2060,Primavera
9102060,9,10,2060,Primavera
10102060,10,10,2060,Primavera
11102060,11,10,2060,Primavera
12102060,12,10,2060,Primavera
13102060,13,10,2060,Primavera
14102060,14,10,2060,Primavera
15102060,15,10,2060,Primavera
16102060,16,10,2060,Primavera
17102060,17,10,2060,Primavera
18102060,18,10,2060,Primavera
19102060,19,10,2060,Primavera
20102060,20,10,2060,Primavera
21102060,21,10,2060,Primavera
22102060,22,10,2060,Primavera
23102060,23,10,2060,Primavera
24102060,24,10,2060,Primavera
25102060,25,10,2060,Primavera
26102060,26,10,2060,Primavera
27102060,27,10,2060,Primavera
28102060,28,10,2060,Primavera
29102060,29,10,2060,Primavera
30102060,30,10,2060,Primavera
31102060,31,10,2060,Primavera
1112060,1,11,2060,Primavera
2112060,2,11,2060,Primavera
3112060,3,11,2060,Primavera
4112060,4,11,2060,Primavera
5112060,5,11,2060,Primavera
6112060,6,11,2060,Primavera
7112060,7,11,2060,Primavera
8112060,8,11,2060,Primavera
9112060,9,11,2060,Primavera
10112060,10,11,2060,Primavera
11112060,11,11,2060,Primavera
12112060,12,11,2060,Primavera
13112060,13,11,2060,Primavera
14112060,14,11,2060,Primavera
15112060,15,11,2060,Primavera
16112060,16,11,2060,Primavera
17112060,17,11,2060,Primavera
18112060,18,11,2060,Primavera
19112060,19,11,2060,Primavera
20112060,20,11,2060,Primavera
21112060,21,11,2060,Primavera
22112060,22,11,2060,Primavera
23112060,23,11,2060,Primavera
24112060,24,11,2060,Primavera
25112060,25,11,2060,Primavera
26112060,26,11,2060,Primavera
27112060,27,11,2060,Primavera
28112060,28,11,2060,Primavera
29112060,29,11,2060,Primavera
30112060,30,11,2060,Primavera
1122060,1,12,2060,Verano
2122060,2,12,2060,Verano
3122060,3,12,2060,Verano
4122060,4,12,2060,Verano
5122060,5,12,2060,Verano
6122060,6,12,2060,Verano
7122060,7,12,2060,Verano
8122060,8,12,2060,Verano
9122060,9,12,2060,Verano
10122060,10,12,2060,Verano
11122060,11,12,2060,Verano
12122060,12,12,2060,Verano
13122060,13,12,2060,Verano
14122060,14,12,2060,Verano
15122060,15,12,2060,Verano
16122060,16,12,2060,Verano
17122060,17,12,2060,Verano
18122060,18,12,2060,Verano
19122060,19,12,2060,Verano
20122060,20,12,2060,Verano
21122060,21,12,2060,Verano
22122060,22,12,2060,Verano
23122060,23,12,2060,Verano
24122060,24,12,2060,Verano
25122060,25,12,2060,Verano
26122060,26,12,2060,Verano
27122060,27,12,2060,Verano
28122060,28,12,2060,Verano
29122060,29,12,2060,Verano
30122060,30,12,2060,Verano
31122060,31,12,2060,Verano
1012061,1,1,2061,Verano
2012061,2,1,2061,Verano
3012061,3,1,2061,Verano
4012061,4,1,2061,Verano
5012061,5,1,2061,Verano
6012061,6,1,2061,Verano
7012061,7,1,2061,Verano
8012061,8,1,2061,Verano
9012061,9,1,2061,Verano
10012061,10,1,2061,Verano
11012061,11,1,2061,Verano
12012061,12,1,2061,Verano
13012061,13,1,2061,Verano
14012061,14,1,2061,Verano
15012061,15,1,2061,Verano
16012061,16,1,2061,Verano
17012061,17,1,2061,Verano
18012061,18,1,2061,Verano
19012061,19,1,2061,Verano
20012061,20,1,2061,Verano
21012061,21,1,2061,Verano
22012061,22,1,2061,Verano
23012061,23,1,2061,Verano
24012061,24,1,2061,Verano
25012061,25,1,2061,Verano
26012061,26,1,2061,Verano
27012061,27,1,2061,Verano
28012061,28,1,2061,Verano
29012061,29,1,2061,Verano
30012061,30,1,2061,Verano
31012061,31,1,2061,Verano
1022061,1,2,2061,Verano
2022061,2,2,2061,Verano
3022061,3,2,2061,Verano
4022061,4,2,2061,Verano
5022061,5,2,2061,Verano
6022061,6,2,2061,Verano
7022061,7,2,2061,Verano
8022061,8,2,2061,Verano
9022061,9,2,2061,Verano
10022061,10,2,2061,Verano
11022061,11,2,2061,Verano
12022061,12,2,2061,Verano
13022061,13,2,2061,Verano
14022061,14,2,2061,Verano
15022061,15,2,2061,Verano
16022061,16,2,2061,Verano
17022061,17,2,2061,Verano
18022061,18,2,2061,Verano
19022061,19,2,2061,Verano
20022061,20,2,2061,Verano
21022061,21,2,2061,Verano
22022061,22,2,2061,Verano
23022061,23,2,2061,Verano
24022061,24,2,2061,Verano
25022061,25,2,2061,Verano
26022061,26,2,2061,Verano
27022061,27,2,2061,Verano
28022061,28,2,2061,Verano
1032061,1,3,2061,Otoño
2032061,2,3,2061,Otoño
3032061,3,3,2061,Otoño
4032061,4,3,2061,Otoño
5032061,5,3,2061,Otoño
6032061,6,3,2061,Otoño
7032061,7,3,2061,Otoño
8032061,8,3,2061,Otoño
9032061,9,3,2061,Otoño
10032061,10,3,2061,Otoño
11032061,11,3,2061,Otoño
12032061,12,3,2061,Otoño
13032061,13,3,2061,Otoño
14032061,14,3,2061,Otoño
15032061,15,3,2061,Otoño
16032061,16,3,2061,Otoño
17032061,17,3,2061,Otoño
18032061,18,3,2061,Otoño
19032061,19,3,2061,Otoño
20032061,20,3,2061,Otoño
21032061,21,3,2061,Otoño
22032061,22,3,2061,Otoño
23032061,23,3,2061,Otoño
24032061,24,3,2061,Otoño
25032061,25,3,2061,Otoño
26032061,26,3,2061,Otoño
27032061,27,3,2061,Otoño
28032061,28,3,2061,Otoño
29032061,29,3,2061,Otoño
30032061,30,3,2061,Otoño
31032061,31,3,2061,Otoño
1042061,1,4,2061,Otoño
2042061,2,4,2061,Otoño
3042061,3,4,2061,Otoño
4042061,4,4,2061,Otoño
5042061,5,4,2061,Otoño
6042061,6,4,2061,Otoño
7042061,7,4,2061,Otoño
8042061,8,4,2061,Otoño
9042061,9,4,2061,Otoño
10042061,10,4,2061,Otoño
11042061,11,4,2061,Otoño
12042061,12,4,2061,Otoño
13042061,13,4,2061,Otoño
14042061,14,4,2061,Otoño
15042061,15,4,2061,Otoño
16042061,16,4,2061,Otoño
17042061,17,4,2061,Otoño
18042061,18,4,2061,Otoño
19042061,19,4,2061,Otoño
20042061,20,4,2061,Otoño
21042061,21,4,2061,Otoño
22042061,22,4,2061,Otoño
23042061,23,4,2061,Otoño
24042061,24,4,2061,Otoño
25042061,25,4,2061,Otoño
26042061,26,4,2061,Otoño
27042061,27,4,2061,Otoño
28042061,28,4,2061,Otoño
29042061,29,4,2061,Otoño
30042061,30,4,2061,Otoño
1052061,1,5,2061,Otoño
2052061,2,5,2061,Otoño
3052061,3,5,2061,Otoño
4052061,4,5,2061,Otoño
5052061,5,5,2061,Otoño
6052061,6,5,2061,Otoño
7052061,7,5,2061,Otoño
8052061,8,5,2061,Otoño
9052061,9,5,2061,Otoño
10052061,10,5,2061,Otoño
11052061,11,5,2061,Otoño
12052061,12,5,2061,Otoño
13052061,13,5,2061,Otoño
14052061,14,5,2061,Otoño
15052061,15,5,2061,Otoño
16052061,16,5,2061,Otoño
17052061,17,5,2061,Otoño
18052061,18,5,2061,Otoño
19052061,19,5,2061,Otoño
20052061,20,5,2061,Otoño
21052061,21,5,2061,Otoño
22052061,22,5,2061,Otoño
23052061,23,5,2061,Otoño
24052061,24,5,2061,Otoño
25052061,25,5,2061,Otoño
26052061,26,5,2061,Otoño
27052061,27,5,2061,Otoño
28052061,28,5,2061,Otoño
29052061,29,5,2061,Otoño
30052061,30,5,2061,Otoño
31052061,31,5,2061,Otoño
1062061,1,6,2061,Invierno
2062061,2,6,2061,Invierno
3062061,3,6,2061,Invierno
4062061,4,6,2061,Invierno
5062061,5,6,2061,Invierno
6062061,6,6,2061,Invierno
7062061,7,6,2061,Invierno
8062061,8,6,2061,Invierno
9062061,9,6,2061,Invierno
10062061,10,6,2061,Invierno
11062061,11,6,2061,Invierno
12062061,12,6,2061,Invierno
13062061,13,6,2061,Invierno
14062061,14,6,2061,Invierno
15062061,15,6,2061,Invierno
16062061,16,6,2061,Invierno
17062061,17,6,2061,Invierno
18062061,18,6,2061,Invierno
19062061,19,6,2061,Invierno
20062061,20,6,2061,Invierno
21062061,21,6,2061,Invierno
22062061,22,6,2061,Invierno
23062061,23,6,2061,Invierno
24062061,24,6,2061,Invierno
25062061,25,6,2061,Invierno
26062061,26,6,2061,Invierno
27062061,27,6,2061,Invierno
28062061,28,6,2061,Invierno
29062061,29,6,2061,Invierno
30062061,30,6,2061,Invierno
1072061,1,7,2061,Invierno
2072061,2,7,2061,Invierno
3072061,3,7,2061,Invierno
4072061,4,7,2061,Invierno
5072061,5,7,2061,Invierno
6072061,6,7,2061,Invierno
7072061,7,7,2061,Invierno
8072061,8,7,2061,Invierno
9072061,9,7,2061,Invierno
10072061,10,7,2061,Invierno
11072061,11,7,2061,Invierno
12072061,12,7,2061,Invierno
13072061,13,7,2061,Invierno
14072061,14,7,2061,Invierno
15072061,15,7,2061,Invierno
16072061,16,7,2061,Invierno
17072061,17,7,2061,Invierno
18072061,18,7,2061,Invierno
19072061,19,7,2061,Invierno
20072061,20,7,2061,Invierno
21072061,21,7,2061,Invierno
22072061,22,7,2061,Invierno
23072061,23,7,2061,Invierno
24072061,24,7,2061,Invierno
25072061,25,7,2061,Invierno
26072061,26,7,2061,Invierno
27072061,27,7,2061,Invierno
28072061,28,7,2061,Invierno
29072061,29,7,2061,Invierno
30072061,30,7,2061,Invierno
31072061,31,7,2061,Invierno
1082061,1,8,2061,Invierno
2082061,2,8,2061,Invierno
3082061,3,8,2061,Invierno
4082061,4,8,2061,Invierno
5082061,5,8,2061,Invierno
6082061,6,8,2061,Invierno
7082061,7,8,2061,Invierno
8082061,8,8,2061,Invierno
9082061,9,8,2061,Invierno
10082061,10,8,2061,Invierno
11082061,11,8,2061,Invierno
12082061,12,8,2061,Invierno
13082061,13,8,2061,Invierno
14082061,14,8,2061,Invierno
15082061,15,8,2061,Invierno
16082061,16,8,2061,Invierno
17082061,17,8,2061,Invierno
18082061,18,8,2061,Invierno
19082061,19,8,2061,Invierno
20082061,20,8,2061,Invierno
21082061,21,8,2061,Invierno
22082061,22,8,2061,Invierno
23082061,23,8,2061,Invierno
24082061,24,8,2061,Invierno
25082061,25,8,2061,Invierno
26082061,26,8,2061,Invierno
27082061,27,8,2061,Invierno
28082061,28,8,2061,Invierno
29082061,29,8,2061,Invierno
30082061,30,8,2061,Invierno
31082061,31,8,2061,Invierno
1092061,1,9,2061,Primavera
2092061,2,9,2061,Primavera
3092061,3,9,2061,Primavera
4092061,4,9,2061,Primavera
5092061,5,9,2061,Primavera
6092061,6,9,2061,Primavera
7092061,7,9,2061,Primavera
8092061,8,9,2061,Primavera
9092061,9,9,2061,Primavera
10092061,10,9,2061,Primavera
11092061,11,9,2061,Primavera
12092061,12,9,2061,Primavera
13092061,13,9,2061,Primavera
14092061,14,9,2061,Primavera
15092061,15,9,2061,Primavera
16092061,16,9,2061,Primavera
17092061,17,9,2061,Primavera
18092061,18,9,2061,Primavera
19092061,19,9,2061,Primavera
20092061,20,9,2061,Primavera
21092061,21,9,2061,Primavera
22092061,22,9,2061,Primavera
23092061,23,9,2061,Primavera
24092061,24,9,2061,Primavera
25092061,25,9,2061,Primavera
26092061,26,9,2061,Primavera
27092061,27,9,2061,Primavera
28092061,28,9,2061,Primavera
29092061,29,9,2061,Primavera
30092061,30,9,2061,Primavera
1102061,1,10,2061,Primavera
2102061,2,10,2061,Primavera
3102061,3,10,2061,Primavera
4102061,4,10,2061,Primavera
5102061,5,10,2061,Primavera
6102061,6,10,2061,Primavera
7102061,7,10,2061,Primavera
8102061,8,10,2061,Primavera
9102061,9,10,2061,Primavera
10102061,10,10,2061,Primavera
11102061,11,10,2061,Primavera
12102061,12,10,2061,Primavera
13102061,13,10,2061,Primavera
14102061,14,10,2061,Primavera
15102061,15,10,2061,Primavera
16102061,16,10,2061,Primavera
17102061,17,10,2061,Primavera
18102061,18,10,2061,Primavera
19102061,19,10,2061,Primavera
20102061,20,10,2061,Primavera
21102061,21,10,2061,Primavera
22102061,22,10,2061,Primavera
23102061,23,10,2061,Primavera
24102061,24,10,2061,Primavera
25102061,25,10,2061,Primavera
26102061,26,10,2061,Primavera
27102061,27,10,2061,Primavera
28102061,28,10,2061,Primavera
29102061,29,10,2061,Primavera
30102061,30,10,2061,Primavera
31102061,31,10,2061,Primavera
1112061,1,11,2061,Primavera
2112061,2,11,2061,Primavera
3112061,3,11,2061,Primavera
4112061,4,11,2061,Primavera
5112061,5,11,2061,Primavera
6112061,6,11,2061,Primavera
7112061,7,11,2061,Primavera
8112061,8,11,2061,Primavera
9112061,9,11,2061,Primavera
10112061,10,11,2061,Primavera
11112061,11,11,2061,Primavera
12112061,12,11,2061,Primavera
13112061,13,11,2061,Primavera
14112061,14,11,2061,Primavera
15112061,15,11,2061,Primavera
16112061,16,11,2061,Primavera
17112061,17,11,2061,Primavera
18112061,18,11,2061,Primavera
19112061,19,11,2061,Primavera
20112061,20,11,2061,Primavera
21112061,21,11,2061,Primavera
22112061,22,11,2061,Primavera
23112061,23,11,2061,Primavera
24112061,24,11,2061,Primavera
25112061,25,11,2061,Primavera
26112061,26,11,2061,Primavera
27112061,27,11,2061,Primavera
28112061,28,11,2061,Primavera
29112061,29,11,2061,Primavera
30112061,30,11,2061,Primavera
1122061,1,12,2061,Verano
2122061,2,12,2061,Verano
3122061,3,12,2061,Verano
4122061,4,12,2061,Verano
5122061,5,12,2061,Verano
6122061,6,12,2061,Verano
7122061,7,12,2061,Verano
8122061,8,12,2061,Verano
9122061,9,12,2061,Verano
10122061,10,12,2061,Verano
11122061,11,12,2061,Verano
12122061,12,12,2061,Verano
13122061,13,12,2061,Verano
14122061,14,12,2061,Verano
15122061,15,12,2061,Verano
16122061,16,12,2061,Verano
17122061,17,12,2061,Verano
18122061,18,12,2061,Verano
19122061,19,12,2061,Verano
20122061,20,12,2061,Verano
21122061,21,12,2061,Verano
22122061,22,12,2061,Verano
23122061,23,12,2061,Verano
24122061,24,12,2061,Verano
25122061,25,12,2061,Verano
26122061,26,12,2061,Verano
27122061,27,12,2061,Verano
28122061,28,12,2061,Verano
29122061,29,12,2061,Verano
30122061,30,12,2061,Verano
31122061,31,12,2061,Verano
1012062,1,1,2062,Verano
2012062,2,1,2062,Verano
3012062,3,1,2062,Verano
4012062,4,1,2062,Verano
5012062,5,1,2062,Verano
6012062,6,1,2062,Verano
7012062,7,1,2062,Verano
8012062,8,1,2062,Verano
9012062,9,1,2062,Verano
10012062,10,1,2062,Verano
11012062,11,1,2062,Verano
12012062,12,1,2062,Verano
13012062,13,1,2062,Verano
14012062,14,1,2062,Verano
15012062,15,1,2062,Verano
16012062,16,1,2062,Verano
17012062,17,1,2062,Verano
18012062,18,1,2062,Verano
19012062,19,1,2062,Verano
20012062,20,1,2062,Verano
21012062,21,1,2062,Verano
22012062,22,1,2062,Verano
23012062,23,1,2062,Verano
24012062,24,1,2062,Verano
25012062,25,1,2062,Verano
26012062,26,1,2062,Verano
27012062,27,1,2062,Verano
28012062,28,1,2062,Verano
29012062,29,1,2062,Verano
30012062,30,1,2062,Verano
31012062,31,1,2062,Verano
1022062,1,2,2062,Verano
2022062,2,2,2062,Verano
3022062,3,2,2062,Verano
4022062,4,2,2062,Verano
5022062,5,2,2062,Verano
6022062,6,2,2062,Verano
7022062,7,2,2062,Verano
8022062,8,2,2062,Verano
9022062,9,2,2062,Verano
10022062,10,2,2062,Verano
11022062,11,2,2062,Verano
12022062,12,2,2062,Verano
13022062,13,2,2062,Verano
14022062,14,2,2062,Verano
15022062,15,2,2062,Verano
16022062,16,2,2062,Verano
17022062,17,2,2062,Verano
18022062,18,2,2062,Verano
19022062,19,2,2062,Verano
20022062,20,2,2062,Verano
21022062,21,2,2062,Verano
22022062,22,2,2062,Verano
23022062,23,2,2062,Verano
24022062,24,2,2062,Verano
25022062,25,2,2062,Verano
26022062,26,2,2062,Verano
27022062,27,2,2062,Verano
28022062,28,2,2062,Verano
1032062,1,3,2062,Otoño
2032062,2,3,2062,Otoño
3032062,3,3,2062,Otoño
4032062,4,3,2062,Otoño
5032062,5,3,2062,Otoño
6032062,6,3,2062,Otoño
7032062,7,3,2062,Otoño
8032062,8,3,2062,Otoño
9032062,9,3,2062,Otoño
10032062,10,3,2062,Otoño
11032062,11,3,2062,Otoño
12032062,12,3,2062,Otoño
13032062,13,3,2062,Otoño
14032062,14,3,2062,Otoño
15032062,15,3,2062,Otoño
16032062,16,3,2062,Otoño
17032062,17,3,2062,Otoño
18032062,18,3,2062,Otoño
19032062,19,3,2062,Otoño
20032062,20,3,2062,Otoño
21032062,21,3,2062,Otoño
22032062,22,3,2062,Otoño
23032062,23,3,2062,Otoño
24032062,24,3,2062,Otoño
25032062,25,3,2062,Otoño
26032062,26,3,2062,Otoño
27032062,27,3,2062,Otoño
28032062,28,3,2062,Otoño
29032062,29,3,2062,Otoño
30032062,30,3,2062,Otoño
31032062,31,3,2062,Otoño
1042062,1,4,2062,Otoño
2042062,2,4,2062,Otoño
3042062,3,4,2062,Otoño
4042062,4,4,2062,Otoño
5042062,5,4,2062,Otoño
6042062,6,4,2062,Otoño
7042062,7,4,2062,Otoño
8042062,8,4,2062,Otoño
9042062,9,4,2062,Otoño
10042062,10,4,2062,Otoño
11042062,11,4,2062,Otoño
12042062,12,4,2062,Otoño
13042062,13,4,2062,Otoño
14042062,14,4,2062,Otoño
15042062,15,4,2062,Otoño
16042062,16,4,2062,Otoño
17042062,17,4,2062,Otoño
18042062,18,4,2062,Otoño
19042062,19,4,2062,Otoño
20042062,20,4,2062,Otoño
21042062,21,4,2062,Otoño
22042062,22,4,2062,Otoño
23042062,23,4,2062,Otoño
24042062,24,4,2062,Otoño
25042062,25,4,2062,Otoño
26042062,26,4,2062,Otoño
27042062,27,4,2062,Otoño
28042062,28,4,2062,Otoño
29042062,29,4,2062,Otoño
30042062,30,4,2062,Otoño
1052062,1,5,2062,Otoño
2052062,2,5,2062,Otoño
3052062,3,5,2062,Otoño
4052062,4,5,2062,Otoño
5052062,5,5,2062,Otoño
6052062,6,5,2062,Otoño
7052062,7,5,2062,Otoño
8052062,8,5,2062,Otoño
9052062,9,5,2062,Otoño
10052062,10,5,2062,Otoño
11052062,11,5,2062,Otoño
12052062,12,5,2062,Otoño
13052062,13,5,2062,Otoño
14052062,14,5,2062,Otoño
15052062,15,5,2062,Otoño
16052062,16,5,2062,Otoño
17052062,17,5,2062,Otoño
18052062,18,5,2062,Otoño
19052062,19,5,2062,Otoño
20052062,20,5,2062,Otoño
21052062,21,5,2062,Otoño
22052062,22,5,2062,Otoño
23052062,23,5,2062,Otoño
24052062,24,5,2062,Otoño
25052062,25,5,2062,Otoño
26052062,26,5,2062,Otoño
27052062,27,5,2062,Otoño
28052062,28,5,2062,Otoño
29052062,29,5,2062,Otoño
30052062,30,5,2062,Otoño
31052062,31,5,2062,Otoño
1062062,1,6,2062,Invierno
2062062,2,6,2062,Invierno
3062062,3,6,2062,Invierno
4062062,4,6,2062,Invierno
5062062,5,6,2062,Invierno
6062062,6,6,2062,Invierno
7062062,7,6,2062,Invierno
8062062,8,6,2062,Invierno
9062062,9,6,2062,Invierno
10062062,10,6,2062,Invierno
11062062,11,6,2062,Invierno
12062062,12,6,2062,Invierno
13062062,13,6,2062,Invierno
14062062,14,6,2062,Invierno
15062062,15,6,2062,Invierno
16062062,16,6,2062,Invierno
17062062,17,6,2062,Invierno
18062062,18,6,2062,Invierno
19062062,19,6,2062,Invierno
20062062,20,6,2062,Invierno
21062062,21,6,2062,Invierno
22062062,22,6,2062,Invierno
23062062,23,6,2062,Invierno
24062062,24,6,2062,Invierno
25062062,25,6,2062,Invierno
26062062,26,6,2062,Invierno
27062062,27,6,2062,Invierno
28062062,28,6,2062,Invierno
29062062,29,6,2062,Invierno
30062062,30,6,2062,Invierno
1072062,1,7,2062,Invierno
2072062,2,7,2062,Invierno
3072062,3,7,2062,Invierno
4072062,4,7,2062,Invierno
5072062,5,7,2062,Invierno
6072062,6,7,2062,Invierno
7072062,7,7,2062,Invierno
8072062,8,7,2062,Invierno
9072062,9,7,2062,Invierno
10072062,10,7,2062,Invierno
11072062,11,7,2062,Invierno
12072062,12,7,2062,Invierno
13072062,13,7,2062,Invierno
14072062,14,7,2062,Invierno
15072062,15,7,2062,Invierno
16072062,16,7,2062,Invierno
17072062,17,7,2062,Invierno
18072062,18,7,2062,Invierno
19072062,19,7,2062,Invierno
20072062,20,7,2062,Invierno
21072062,21,7,2062,Invierno
22072062,22,7,2062,Invierno
23072062,23,7,2062,Invierno
24072062,24,7,2062,Invierno
25072062,25,7,2062,Invierno
26072062,26,7,2062,Invierno
27072062,27,7,2062,Invierno
28072062,28,7,2062,Invierno
29072062,29,7,2062,Invierno
30072062,30,7,2062,Invierno
31072062,31,7,2062,Invierno
1082062,1,8,2062,Invierno
2082062,2,8,2062,Invierno
3082062,3,8,2062,Invierno
4082062,4,8,2062,Invierno
5082062,5,8,2062,Invierno
6082062,6,8,2062,Invierno
7082062,7,8,2062,Invierno
8082062,8,8,2062,Invierno
9082062,9,8,2062,Invierno
10082062,10,8,2062,Invierno
11082062,11,8,2062,Invierno
12082062,12,8,2062,Invierno
13082062,13,8,2062,Invierno
14082062,14,8,2062,Invierno
15082062,15,8,2062,Invierno
16082062,16,8,2062,Invierno
17082062,17,8,2062,Invierno
18082062,18,8,2062,Invierno
19082062,19,8,2062,Invierno
20082062,20,8,2062,Invierno
21082062,21,8,2062,Invierno
22082062,22,8,2062,Invierno
23082062,23,8,2062,Invierno
24082062,24,8,2062,Invierno
25082062,25,8,2062,Invierno
26082062,26,8,2062,Invierno
27082062,27,8,2062,Invierno
28082062,28,8,2062,Invierno
29082062,29,8,2062,Invierno
30082062,30,8,2062,Invierno
31082062,31,8,2062,Invierno
1092062,1,9,2062,Primavera
2092062,2,9,2062,Primavera
3092062,3,9,2062,Primavera
4092062,4,9,2062,Primavera
5092062,5,9,2062,Primavera
6092062,6,9,2062,Primavera
7092062,7,9,2062,Primavera
8092062,8,9,2062,Primavera
9092062,9,9,2062,Primavera
10092062,10,9,2062,Primavera
11092062,11,9,2062,Primavera
12092062,12,9,2062,Primavera
13092062,13,9,2062,Primavera
14092062,14,9,2062,Primavera
15092062,15,9,2062,Primavera
16092062,16,9,2062,Primavera
17092062,17,9,2062,Primavera
18092062,18,9,2062,Primavera
19092062,19,9,2062,Primavera
20092062,20,9,2062,Primavera
21092062,21,9,2062,Primavera
22092062,22,9,2062,Primavera
23092062,23,9,2062,Primavera
24092062,24,9,2062,Primavera
25092062,25,9,2062,Primavera
26092062,26,9,2062,Primavera
27092062,27,9,2062,Primavera
28092062,28,9,2062,Primavera
29092062,29,9,2062,Primavera
30092062,30,9,2062,Primavera
1102062,1,10,2062,Primavera
2102062,2,10,2062,Primavera
3102062,3,10,2062,Primavera
4102062,4,10,2062,Primavera
5102062,5,10,2062,Primavera
6102062,6,10,2062,Primavera
7102062,7,10,2062,Primavera
8102062,8,10,2062,Primavera
9102062,9,10,2062,Primavera
10102062,10,10,2062,Primavera
11102062,11,10,2062,Primavera
12102062,12,10,2062,Primavera
13102062,13,10,2062,Primavera
14102062,14,10,2062,Primavera
15102062,15,10,2062,Primavera
16102062,16,10,2062,Primavera
17102062,17,10,2062,Primavera
18102062,18,10,2062,Primavera
19102062,19,10,2062,Primavera
20102062,20,10,2062,Primavera
21102062,21,10,2062,Primavera
22102062,22,10,2062,Primavera
23102062,23,10,2062,Primavera
24102062,24,10,2062,Primavera
25102062,25,10,2062,Primavera
26102062,26,10,2062,Primavera
27102062,27,10,2062,Primavera
28102062,28,10,2062,Primavera
29102062,29,10,2062,Primavera
30102062,30,10,2062,Primavera
31102062,31,10,2062,Primavera
1112062,1,11,2062,Primavera
2112062,2,11,2062,Primavera
3112062,3,11,2062,Primavera
4112062,4,11,2062,Primavera
5112062,5,11,2062,Primavera
6112062,6,11,2062,Primavera
7112062,7,11,2062,Primavera
8112062,8,11,2062,Primavera
9112062,9,11,2062,Primavera
10112062,10,11,2062,Primavera
11112062,11,11,2062,Primavera
12112062,12,11,2062,Primavera
13112062,13,11,2062,Primavera
14112062,14,11,2062,Primavera
15112062,15,11,2062,Primavera
16112062,16,11,2062,Primavera
17112062,17,11,2062,Primavera
18112062,18,11,2062,Primavera
19112062,19,11,2062,Primavera
20112062,20,11,2062,Primavera
21112062,21,11,2062,Primavera
22112062,22,11,2062,Primavera
23112062,23,11,2062,Primavera
24112062,24,11,2062,Primavera
25112062,25,11,2062,Primavera
26112062,26,11,2062,Primavera
27112062,27,11,2062,Primavera
28112062,28,11,2062,Primavera
29112062,29,11,2062,Primavera
30112062,30,11,2062,Primavera
1122062,1,12,2062,Verano
2122062,2,12,2062,Verano
3122062,3,12,2062,Verano
4122062,4,12,2062,Verano
5122062,5,12,2062,Verano
6122062,6,12,2062,Verano
7122062,7,12,2062,Verano
8122062,8,12,2062,Verano
9122062,9,12,2062,Verano
10122062,10,12,2062,Verano
11122062,11,12,2062,Verano
12122062,12,12,2062,Verano
13122062,13,12,2062,Verano
14122062,14,12,2062,Verano
15122062,15,12,2062,Verano
16122062,16,12,2062,Verano
17122062,17,12,2062,Verano
18122062,18,12,2062,Verano
19122062,19,12,2062,Verano
20122062,20,12,2062,Verano
21122062,21,12,2062,Verano
22122062,22,12,2062,Verano
23122062,23,12,2062,Verano
24122062,24,12,2062,Verano
25122062,25,12,2062,Verano
26122062,26,12,2062,Verano
27122062,27,12,2062,Verano
28122062,28,12,2062,Verano
29122062,29,12,2062,Verano
30122062,30,12,2062,Verano
31122062,31,12,2062,Verano
1012063,1,1,2063,Verano
2012063,2,1,2063,Verano
3012063,3,1,2063,Verano
4012063,4,1,2063,Verano
5012063,5,1,2063,Verano
6012063,6,1,2063,Verano
7012063,7,1,2063,Verano
8012063,8,1,2063,Verano
9012063,9,1,2063,Verano
10012063,10,1,2063,Verano
11012063,11,1,2063,Verano
12012063,12,1,2063,Verano
13012063,13,1,2063,Verano
14012063,14,1,2063,Verano
15012063,15,1,2063,Verano
16012063,16,1,2063,Verano
17012063,17,1,2063,Verano
18012063,18,1,2063,Verano
19012063,19,1,2063,Verano
20012063,20,1,2063,Verano
21012063,21,1,2063,Verano
22012063,22,1,2063,Verano
23012063,23,1,2063,Verano
24012063,24,1,2063,Verano
25012063,25,1,2063,Verano
26012063,26,1,2063,Verano
27012063,27,1,2063,Verano
28012063,28,1,2063,Verano
29012063,29,1,2063,Verano
30012063,30,1,2063,Verano
31012063,31,1,2063,Verano
1022063,1,2,2063,Verano
2022063,2,2,2063,Verano
3022063,3,2,2063,Verano
4022063,4,2,2063,Verano
5022063,5,2,2063,Verano
6022063,6,2,2063,Verano
7022063,7,2,2063,Verano
8022063,8,2,2063,Verano
9022063,9,2,2063,Verano
10022063,10,2,2063,Verano
11022063,11,2,2063,Verano
12022063,12,2,2063,Verano
13022063,13,2,2063,Verano
14022063,14,2,2063,Verano
15022063,15,2,2063,Verano
16022063,16,2,2063,Verano
17022063,17,2,2063,Verano
18022063,18,2,2063,Verano
19022063,19,2,2063,Verano
20022063,20,2,2063,Verano
21022063,21,2,2063,Verano
22022063,22,2,2063,Verano
23022063,23,2,2063,Verano
24022063,24,2,2063,Verano
25022063,25,2,2063,Verano
26022063,26,2,2063,Verano
27022063,27,2,2063,Verano
28022063,28,2,2063,Verano
1032063,1,3,2063,Otoño
2032063,2,3,2063,Otoño
3032063,3,3,2063,Otoño
4032063,4,3,2063,Otoño
5032063,5,3,2063,Otoño
6032063,6,3,2063,Otoño
7032063,7,3,2063,Otoño
8032063,8,3,2063,Otoño
9032063,9,3,2063,Otoño
10032063,10,3,2063,Otoño
11032063,11,3,2063,Otoño
12032063,12,3,2063,Otoño
13032063,13,3,2063,Otoño
14032063,14,3,2063,Otoño
15032063,15,3,2063,Otoño
16032063,16,3,2063,Otoño
17032063,17,3,2063,Otoño
18032063,18,3,2063,Otoño
19032063,19,3,2063,Otoño
20032063,20,3,2063,Otoño
21032063,21,3,2063,Otoño
22032063,22,3,2063,Otoño
23032063,23,3,2063,Otoño
24032063,24,3,2063,Otoño
25032063,25,3,2063,Otoño
26032063,26,3,2063,Otoño
27032063,27,3,2063,Otoño
28032063,28,3,2063,Otoño
29032063,29,3,2063,Otoño
30032063,30,3,2063,Otoño
31032063,31,3,2063,Otoño
1042063,1,4,2063,Otoño
2042063,2,4,2063,Otoño
3042063,3,4,2063,Otoño
4042063,4,4,2063,Otoño
5042063,5,4,2063,Otoño
6042063,6,4,2063,Otoño
7042063,7,4,2063,Otoño
8042063,8,4,2063,Otoño
9042063,9,4,2063,Otoño
10042063,10,4,2063,Otoño
11042063,11,4,2063,Otoño
12042063,12,4,2063,Otoño
13042063,13,4,2063,Otoño
14042063,14,4,2063,Otoño
15042063,15,4,2063,Otoño
16042063,16,4,2063,Otoño
17042063,17,4,2063,Otoño
18042063,18,4,2063,Otoño
19042063,19,4,2063,Otoño
20042063,20,4,2063,Otoño
21042063,21,4,2063,Otoño
22042063,22,4,2063,Otoño
23042063,23,4,2063,Otoño
24042063,24,4,2063,Otoño
25042063,25,4,2063,Otoño
26042063,26,4,2063,Otoño
27042063,27,4,2063,Otoño
28042063,28,4,2063,Otoño
29042063,29,4,2063,Otoño
30042063,30,4,2063,Otoño
1052063,1,5,2063,Otoño
2052063,2,5,2063,Otoño
3052063,3,5,2063,Otoño
4052063,4,5,2063,Otoño
5052063,5,5,2063,Otoño
6052063,6,5,2063,Otoño
7052063,7,5,2063,Otoño
8052063,8,5,2063,Otoño
9052063,9,5,2063,Otoño
10052063,10,5,2063,Otoño
11052063,11,5,2063,Otoño
12052063,12,5,2063,Otoño
13052063,13,5,2063,Otoño
14052063,14,5,2063,Otoño
15052063,15,5,2063,Otoño
16052063,16,5,2063,Otoño
17052063,17,5,2063,Otoño
18052063,18,5,2063,Otoño
19052063,19,5,2063,Otoño
20052063,20,5,2063,Otoño
21052063,21,5,2063,Otoño
22052063,22,5,2063,Otoño
23052063,23,5,2063,Otoño
24052063,24,5,2063,Otoño
25052063,25,5,2063,Otoño
26052063,26,5,2063,Otoño
27052063,27,5,2063,Otoño
28052063,28,5,2063,Otoño
29052063,29,5,2063,Otoño
30052063,30,5,2063,Otoño
31052063,31,5,2063,Otoño
1062063,1,6,2063,Invierno
2062063,2,6,2063,Invierno
3062063,3,6,2063,Invierno
4062063,4,6,2063,Invierno
5062063,5,6,2063,Invierno
6062063,6,6,2063,Invierno
7062063,7,6,2063,Invierno
8062063,8,6,2063,Invierno
9062063,9,6,2063,Invierno
10062063,10,6,2063,Invierno
11062063,11,6,2063,Invierno
12062063,12,6,2063,Invierno
13062063,13,6,2063,Invierno
14062063,14,6,2063,Invierno
15062063,15,6,2063,Invierno
16062063,16,6,2063,Invierno
17062063,17,6,2063,Invierno
18062063,18,6,2063,Invierno
19062063,19,6,2063,Invierno
20062063,20,6,2063,Invierno
21062063,21,6,2063,Invierno
22062063,22,6,2063,Invierno
23062063,23,6,2063,Invierno
24062063,24,6,2063,Invierno
25062063,25,6,2063,Invierno
26062063,26,6,2063,Invierno
27062063,27,6,2063,Invierno
28062063,28,6,2063,Invierno
29062063,29,6,2063,Invierno
30062063,30,6,2063,Invierno
1072063,1,7,2063,Invierno
2072063,2,7,2063,Invierno
3072063,3,7,2063,Invierno
4072063,4,7,2063,Invierno
5072063,5,7,2063,Invierno
6072063,6,7,2063,Invierno
7072063,7,7,2063,Invierno
8072063,8,7,2063,Invierno
9072063,9,7,2063,Invierno
10072063,10,7,2063,Invierno
11072063,11,7,2063,Invierno
12072063,12,7,2063,Invierno
13072063,13,7,2063,Invierno
14072063,14,7,2063,Invierno
15072063,15,7,2063,Invierno
16072063,16,7,2063,Invierno
17072063,17,7,2063,Invierno
18072063,18,7,2063,Invierno
19072063,19,7,2063,Invierno
20072063,20,7,2063,Invierno
21072063,21,7,2063,Invierno
22072063,22,7,2063,Invierno
23072063,23,7,2063,Invierno
24072063,24,7,2063,Invierno
25072063,25,7,2063,Invierno
26072063,26,7,2063,Invierno
27072063,27,7,2063,Invierno
28072063,28,7,2063,Invierno
29072063,29,7,2063,Invierno
30072063,30,7,2063,Invierno
31072063,31,7,2063,Invierno
1082063,1,8,2063,Invierno
2082063,2,8,2063,Invierno
3082063,3,8,2063,Invierno
4082063,4,8,2063,Invierno
5082063,5,8,2063,Invierno
6082063,6,8,2063,Invierno
7082063,7,8,2063,Invierno
8082063,8,8,2063,Invierno
9082063,9,8,2063,Invierno
10082063,10,8,2063,Invierno
11082063,11,8,2063,Invierno
12082063,12,8,2063,Invierno
13082063,13,8,2063,Invierno
14082063,14,8,2063,Invierno
15082063,15,8,2063,Invierno
16082063,16,8,2063,Invierno
17082063,17,8,2063,Invierno
18082063,18,8,2063,Invierno
19082063,19,8,2063,Invierno
20082063,20,8,2063,Invierno
21082063,21,8,2063,Invierno
22082063,22,8,2063,Invierno
23082063,23,8,2063,Invierno
24082063,24,8,2063,Invierno
25082063,25,8,2063,Invierno
26082063,26,8,2063,Invierno
27082063,27,8,2063,Invierno
28082063,28,8,2063,Invierno
29082063,29,8,2063,Invierno
30082063,30,8,2063,Invierno
31082063,31,8,2063,Invierno
1092063,1,9,2063,Primavera
2092063,2,9,2063,Primavera
3092063,3,9,2063,Primavera
4092063,4,9,2063,Primavera
5092063,5,9,2063,Primavera
6092063,6,9,2063,Primavera
7092063,7,9,2063,Primavera
8092063,8,9,2063,Primavera
9092063,9,9,2063,Primavera
10092063,10,9,2063,Primavera
11092063,11,9,2063,Primavera
12092063,12,9,2063,Primavera
13092063,13,9,2063,Primavera
14092063,14,9,2063,Primavera
15092063,15,9,2063,Primavera
16092063,16,9,2063,Primavera
17092063,17,9,2063,Primavera
18092063,18,9,2063,Primavera
19092063,19,9,2063,Primavera
20092063,20,9,2063,Primavera
21092063,21,9,2063,Primavera
22092063,22,9,2063,Primavera
23092063,23,9,2063,Primavera
24092063,24,9,2063,Primavera
25092063,25,9,2063,Primavera
26092063,26,9,2063,Primavera
27092063,27,9,2063,Primavera
28092063,28,9,2063,Primavera
29092063,29,9,2063,Primavera
30092063,30,9,2063,Primavera
1102063,1,10,2063,Primavera
2102063,2,10,2063,Primavera
3102063,3,10,2063,Primavera
4102063,4,10,2063,Primavera
5102063,5,10,2063,Primavera
6102063,6,10,2063,Primavera
7102063,7,10,2063,Primavera
8102063,8,10,2063,Primavera
9102063,9,10,2063,Primavera
10102063,10,10,2063,Primavera
11102063,11,10,2063,Primavera
12102063,12,10,2063,Primavera
13102063,13,10,2063,Primavera
14102063,14,10,2063,Primavera
15102063,15,10,2063,Primavera
16102063,16,10,2063,Primavera
17102063,17,10,2063,Primavera
18102063,18,10,2063,Primavera
19102063,19,10,2063,Primavera
20102063,20,10,2063,Primavera
21102063,21,10,2063,Primavera
22102063,22,10,2063,Primavera
23102063,23,10,2063,Primavera
24102063,24,10,2063,Primavera
25102063,25,10,2063,Primavera
26102063,26,10,2063,Primavera
27102063,27,10,2063,Primavera
28102063,28,10,2063,Primavera
29102063,29,10,2063,Primavera
30102063,30,10,2063,Primavera
31102063,31,10,2063,Primavera
1112063,1,11,2063,Primavera
2112063,2,11,2063,Primavera
3112063,3,11,2063,Primavera
4112063,4,11,2063,Primavera
5112063,5,11,2063,Primavera
6112063,6,11,2063,Primavera
7112063,7,11,2063,Primavera
8112063,8,11,2063,Primavera
9112063,9,11,2063,Primavera
10112063,10,11,2063,Primavera
11112063,11,11,2063,Primavera
12112063,12,11,2063,Primavera
13112063,13,11,2063,Primavera
14112063,14,11,2063,Primavera
15112063,15,11,2063,Primavera
16112063,16,11,2063,Primavera
17112063,17,11,2063,Primavera
18112063,18,11,2063,Primavera
19112063,19,11,2063,Primavera
20112063,20,11,2063,Primavera
21112063,21,11,2063,Primavera
22112063,22,11,2063,Primavera
23112063,23,11,2063,Primavera
24112063,24,11,2063,Primavera
25112063,25,11,2063,Primavera
26112063,26,11,2063,Primavera
27112063,27,11,2063,Primavera
28112063,28,11,2063,Primavera
29112063,29,11,2063,Primavera
30112063,30,11,2063,Primavera
1122063,1,12,2063,Verano
2122063,2,12,2063,Verano
3122063,3,12,2063,Verano
4122063,4,12,2063,Verano
5122063,5,12,2063,Verano
6122063,6,12,2063,Verano
7122063,7,12,2063,Verano
8122063,8,12,2063,Verano
9122063,9,12,2063,Verano
10122063,10,12,2063,Verano
11122063,11,12,2063,Verano
12122063,12,12,2063,Verano
13122063,13,12,2063,Verano
14122063,14,12,2063,Verano
15122063,15,12,2063,Verano
16122063,16,12,2063,Verano
17122063,17,12,2063,Verano
18122063,18,12,2063,Verano
19122063,19,12,2063,Verano
20122063,20,12,2063,Verano
21122063,21,12,2063,Verano
22122063,22,12,2063,Verano
23122063,23,12,2063,Verano
24122063,24,12,2063,Verano
25122063,25,12,2063,Verano
26122063,26,12,2063,Verano
27122063,27,12,2063,Verano
28122063,28,12,2063,Verano
29122063,29,12,2063,Verano
30122063,30,12,2063,Verano
31122063,31,12,2063,Verano
1012064,1,1,2064,Verano
2012064,2,1,2064,Verano
3012064,3,1,2064,Verano
4012064,4,1,2064,Verano
5012064,5,1,2064,Verano
6012064,6,1,2064,Verano
7012064,7,1,2064,Verano
8012064,8,1,2064,Verano
9012064,9,1,2064,Verano
10012064,10,1,2064,Verano
11012064,11,1,2064,Verano
12012064,12,1,2064,Verano
13012064,13,1,2064,Verano
14012064,14,1,2064,Verano
15012064,15,1,2064,Verano
16012064,16,1,2064,Verano
17012064,17,1,2064,Verano
18012064,18,1,2064,Verano
19012064,19,1,2064,Verano
20012064,20,1,2064,Verano
21012064,21,1,2064,Verano
22012064,22,1,2064,Verano
23012064,23,1,2064,Verano
24012064,24,1,2064,Verano
25012064,25,1,2064,Verano
26012064,26,1,2064,Verano
27012064,27,1,2064,Verano
28012064,28,1,2064,Verano
29012064,29,1,2064,Verano
30012064,30,1,2064,Verano
31012064,31,1,2064,Verano
1022064,1,2,2064,Verano
2022064,2,2,2064,Verano
3022064,3,2,2064,Verano
4022064,4,2,2064,Verano
5022064,5,2,2064,Verano
6022064,6,2,2064,Verano
7022064,7,2,2064,Verano
8022064,8,2,2064,Verano
9022064,9,2,2064,Verano
10022064,10,2,2064,Verano
11022064,11,2,2064,Verano
12022064,12,2,2064,Verano
13022064,13,2,2064,Verano
14022064,14,2,2064,Verano
15022064,15,2,2064,Verano
16022064,16,2,2064,Verano
17022064,17,2,2064,Verano
18022064,18,2,2064,Verano
19022064,19,2,2064,Verano
20022064,20,2,2064,Verano
21022064,21,2,2064,Verano
22022064,22,2,2064,Verano
23022064,23,2,2064,Verano
24022064,24,2,2064,Verano
25022064,25,2,2064,Verano
26022064,26,2,2064,Verano
27022064,27,2,2064,Verano
28022064,28,2,2064,Verano
29022064,29,2,2064,Verano
1032064,1,3,2064,Otoño
2032064,2,3,2064,Otoño
3032064,3,3,2064,Otoño
4032064,4,3,2064,Otoño
5032064,5,3,2064,Otoño
6032064,6,3,2064,Otoño
7032064,7,3,2064,Otoño
8032064,8,3,2064,Otoño
9032064,9,3,2064,Otoño
10032064,10,3,2064,Otoño
11032064,11,3,2064,Otoño
12032064,12,3,2064,Otoño
13032064,13,3,2064,Otoño
14032064,14,3,2064,Otoño
15032064,15,3,2064,Otoño
16032064,16,3,2064,Otoño
17032064,17,3,2064,Otoño
18032064,18,3,2064,Otoño
19032064,19,3,2064,Otoño
20032064,20,3,2064,Otoño
21032064,21,3,2064,Otoño
22032064,22,3,2064,Otoño
23032064,23,3,2064,Otoño
24032064,24,3,2064,Otoño
25032064,25,3,2064,Otoño
26032064,26,3,2064,Otoño
27032064,27,3,2064,Otoño
28032064,28,3,2064,Otoño
29032064,29,3,2064,Otoño
30032064,30,3,2064,Otoño
31032064,31,3,2064,Otoño
1042064,1,4,2064,Otoño
2042064,2,4,2064,Otoño
3042064,3,4,2064,Otoño
4042064,4,4,2064,Otoño
5042064,5,4,2064,Otoño
6042064,6,4,2064,Otoño
7042064,7,4,2064,Otoño
8042064,8,4,2064,Otoño
9042064,9,4,2064,Otoño
10042064,10,4,2064,Otoño
11042064,11,4,2064,Otoño
12042064,12,4,2064,Otoño
13042064,13,4,2064,Otoño
14042064,14,4,2064,Otoño
15042064,15,4,2064,Otoño
16042064,16,4,2064,Otoño
17042064,17,4,2064,Otoño
18042064,18,4,2064,Otoño
19042064,19,4,2064,Otoño
20042064,20,4,2064,Otoño
21042064,21,4,2064,Otoño
22042064,22,4,2064,Otoño
23042064,23,4,2064,Otoño
24042064,24,4,2064,Otoño
25042064,25,4,2064,Otoño
26042064,26,4,2064,Otoño
27042064,27,4,2064,Otoño
28042064,28,4,2064,Otoño
29042064,29,4,2064,Otoño
30042064,30,4,2064,Otoño
1052064,1,5,2064,Otoño
2052064,2,5,2064,Otoño
3052064,3,5,2064,Otoño
4052064,4,5,2064,Otoño
5052064,5,5,2064,Otoño
6052064,6,5,2064,Otoño
7052064,7,5,2064,Otoño
8052064,8,5,2064,Otoño
9052064,9,5,2064,Otoño
10052064,10,5,2064,Otoño
11052064,11,5,2064,Otoño
12052064,12,5,2064,Otoño
13052064,13,5,2064,Otoño
14052064,14,5,2064,Otoño
15052064,15,5,2064,Otoño
16052064,16,5,2064,Otoño
17052064,17,5,2064,Otoño
18052064,18,5,2064,Otoño
19052064,19,5,2064,Otoño
20052064,20,5,2064,Otoño
21052064,21,5,2064,Otoño
22052064,22,5,2064,Otoño
23052064,23,5,2064,Otoño
24052064,24,5,2064,Otoño
25052064,25,5,2064,Otoño
26052064,26,5,2064,Otoño
27052064,27,5,2064,Otoño
28052064,28,5,2064,Otoño
29052064,29,5,2064,Otoño
30052064,30,5,2064,Otoño
31052064,31,5,2064,Otoño
1062064,1,6,2064,Invierno
2062064,2,6,2064,Invierno
3062064,3,6,2064,Invierno
4062064,4,6,2064,Invierno
5062064,5,6,2064,Invierno
6062064,6,6,2064,Invierno
7062064,7,6,2064,Invierno
8062064,8,6,2064,Invierno
9062064,9,6,2064,Invierno
10062064,10,6,2064,Invierno
11062064,11,6,2064,Invierno
12062064,12,6,2064,Invierno
13062064,13,6,2064,Invierno
14062064,14,6,2064,Invierno
15062064,15,6,2064,Invierno
16062064,16,6,2064,Invierno
17062064,17,6,2064,Invierno
18062064,18,6,2064,Invierno
19062064,19,6,2064,Invierno
20062064,20,6,2064,Invierno
21062064,21,6,2064,Invierno
22062064,22,6,2064,Invierno
23062064,23,6,2064,Invierno
24062064,24,6,2064,Invierno
25062064,25,6,2064,Invierno
26062064,26,6,2064,Invierno
27062064,27,6,2064,Invierno
28062064,28,6,2064,Invierno
29062064,29,6,2064,Invierno
30062064,30,6,2064,Invierno
1072064,1,7,2064,Invierno
2072064,2,7,2064,Invierno
3072064,3,7,2064,Invierno
4072064,4,7,2064,Invierno
5072064,5,7,2064,Invierno
6072064,6,7,2064,Invierno
7072064,7,7,2064,Invierno
8072064,8,7,2064,Invierno
9072064,9,7,2064,Invierno
10072064,10,7,2064,Invierno
11072064,11,7,2064,Invierno
12072064,12,7,2064,Invierno
13072064,13,7,2064,Invierno
14072064,14,7,2064,Invierno
15072064,15,7,2064,Invierno
16072064,16,7,2064,Invierno
17072064,17,7,2064,Invierno
18072064,18,7,2064,Invierno
19072064,19,7,2064,Invierno
20072064,20,7,2064,Invierno
21072064,21,7,2064,Invierno
22072064,22,7,2064,Invierno
23072064,23,7,2064,Invierno
24072064,24,7,2064,Invierno
25072064,25,7,2064,Invierno
26072064,26,7,2064,Invierno
27072064,27,7,2064,Invierno
28072064,28,7,2064,Invierno
29072064,29,7,2064,Invierno
30072064,30,7,2064,Invierno
31072064,31,7,2064,Invierno
1082064,1,8,2064,Invierno
2082064,2,8,2064,Invierno
3082064,3,8,2064,Invierno
4082064,4,8,2064,Invierno
5082064,5,8,2064,Invierno
6082064,6,8,2064,Invierno
7082064,7,8,2064,Invierno
8082064,8,8,2064,Invierno
9082064,9,8,2064,Invierno
10082064,10,8,2064,Invierno
11082064,11,8,2064,Invierno
12082064,12,8,2064,Invierno
13082064,13,8,2064,Invierno
14082064,14,8,2064,Invierno
15082064,15,8,2064,Invierno
16082064,16,8,2064,Invierno
17082064,17,8,2064,Invierno
18082064,18,8,2064,Invierno
19082064,19,8,2064,Invierno
20082064,20,8,2064,Invierno
21082064,21,8,2064,Invierno
22082064,22,8,2064,Invierno
23082064,23,8,2064,Invierno
24082064,24,8,2064,Invierno
25082064,25,8,2064,Invierno
26082064,26,8,2064,Invierno
27082064,27,8,2064,Invierno
28082064,28,8,2064,Invierno
29082064,29,8,2064,Invierno
30082064,30,8,2064,Invierno
31082064,31,8,2064,Invierno
1092064,1,9,2064,Primavera
2092064,2,9,2064,Primavera
3092064,3,9,2064,Primavera
4092064,4,9,2064,Primavera
5092064,5,9,2064,Primavera
6092064,6,9,2064,Primavera
7092064,7,9,2064,Primavera
8092064,8,9,2064,Primavera
9092064,9,9,2064,Primavera
10092064,10,9,2064,Primavera
11092064,11,9,2064,Primavera
12092064,12,9,2064,Primavera
13092064,13,9,2064,Primavera
14092064,14,9,2064,Primavera
15092064,15,9,2064,Primavera
16092064,16,9,2064,Primavera
17092064,17,9,2064,Primavera
18092064,18,9,2064,Primavera
19092064,19,9,2064,Primavera
20092064,20,9,2064,Primavera
21092064,21,9,2064,Primavera
22092064,22,9,2064,Primavera
23092064,23,9,2064,Primavera
24092064,24,9,2064,Primavera
25092064,25,9,2064,Primavera
26092064,26,9,2064,Primavera
27092064,27,9,2064,Primavera
28092064,28,9,2064,Primavera
29092064,29,9,2064,Primavera
30092064,30,9,2064,Primavera
1102064,1,10,2064,Primavera
2102064,2,10,2064,Primavera
3102064,3,10,2064,Primavera
4102064,4,10,2064,Primavera
5102064,5,10,2064,Primavera
6102064,6,10,2064,Primavera
7102064,7,10,2064,Primavera
8102064,8,10,2064,Primavera
9102064,9,10,2064,Primavera
10102064,10,10,2064,Primavera
11102064,11,10,2064,Primavera
12102064,12,10,2064,Primavera
13102064,13,10,2064,Primavera
14102064,14,10,2064,Primavera
15102064,15,10,2064,Primavera
16102064,16,10,2064,Primavera
17102064,17,10,2064,Primavera
18102064,18,10,2064,Primavera
19102064,19,10,2064,Primavera
20102064,20,10,2064,Primavera
21102064,21,10,2064,Primavera
22102064,22,10,2064,Primavera
23102064,23,10,2064,Primavera
24102064,24,10,2064,Primavera
25102064,25,10,2064,Primavera
26102064,26,10,2064,Primavera
27102064,27,10,2064,Primavera
28102064,28,10,2064,Primavera
29102064,29,10,2064,Primavera
30102064,30,10,2064,Primavera
31102064,31,10,2064,Primavera
1112064,1,11,2064,Primavera
2112064,2,11,2064,Primavera
3112064,3,11,2064,Primavera
4112064,4,11,2064,Primavera
5112064,5,11,2064,Primavera
6112064,6,11,2064,Primavera
7112064,7,11,2064,Primavera
8112064,8,11,2064,Primavera
9112064,9,11,2064,Primavera
10112064,10,11,2064,Primavera
11112064,11,11,2064,Primavera
12112064,12,11,2064,Primavera
13112064,13,11,2064,Primavera
14112064,14,11,2064,Primavera
15112064,15,11,2064,Primavera
16112064,16,11,2064,Primavera
17112064,17,11,2064,Primavera
18112064,18,11,2064,Primavera
19112064,19,11,2064,Primavera
20112064,20,11,2064,Primavera
21112064,21,11,2064,Primavera
22112064,22,11,2064,Primavera
23112064,23,11,2064,Primavera
24112064,24,11,2064,Primavera
25112064,25,11,2064,Primavera
26112064,26,11,2064,Primavera
27112064,27,11,2064,Primavera
28112064,28,11,2064,Primavera
29112064,29,11,2064,Primavera
30112064,30,11,2064,Primavera
1122064,1,12,2064,Verano
2122064,2,12,2064,Verano
3122064,3,12,2064,Verano
4122064,4,12,2064,Verano
5122064,5,12,2064,Verano
6122064,6,12,2064,Verano
7122064,7,12,2064,Verano
8122064,8,12,2064,Verano
9122064,9,12,2064,Verano
10122064,10,12,2064,Verano
11122064,11,12,2064,Verano
12122064,12,12,2064,Verano
13122064,13,12,2064,Verano
14122064,14,12,2064,Verano
15122064,15,12,2064,Verano
16122064,16,12,2064,Verano
17122064,17,12,2064,Verano
18122064,18,12,2064,Verano
19122064,19,12,2064,Verano
20122064,20,12,2064,Verano
21122064,21,12,2064,Verano
22122064,22,12,2064,Verano
23122064,23,12,2064,Verano
24122064,24,12,2064,Verano
25122064,25,12,2064,Verano
26122064,26,12,2064,Verano
27122064,27,12,2064,Verano
28122064,28,12,2064,Verano
29122064,29,12,2064,Verano
30122064,30,12,2064,Verano
31122064,31,12,2064,Verano
1012065,1,1,2065,Verano
2012065,2,1,2065,Verano
3012065,3,1,2065,Verano
4012065,4,1,2065,Verano
5012065,5,1,2065,Verano
6012065,6,1,2065,Verano
7012065,7,1,2065,Verano
8012065,8,1,2065,Verano
9012065,9,1,2065,Verano
10012065,10,1,2065,Verano
11012065,11,1,2065,Verano
12012065,12,1,2065,Verano
13012065,13,1,2065,Verano
14012065,14,1,2065,Verano
15012065,15,1,2065,Verano
16012065,16,1,2065,Verano
17012065,17,1,2065,Verano
18012065,18,1,2065,Verano
19012065,19,1,2065,Verano
20012065,20,1,2065,Verano
21012065,21,1,2065,Verano
22012065,22,1,2065,Verano
23012065,23,1,2065,Verano
24012065,24,1,2065,Verano
25012065,25,1,2065,Verano
26012065,26,1,2065,Verano
27012065,27,1,2065,Verano
28012065,28,1,2065,Verano
29012065,29,1,2065,Verano
30012065,30,1,2065,Verano
31012065,31,1,2065,Verano
1022065,1,2,2065,Verano
2022065,2,2,2065,Verano
3022065,3,2,2065,Verano
4022065,4,2,2065,Verano
5022065,5,2,2065,Verano
6022065,6,2,2065,Verano
7022065,7,2,2065,Verano
8022065,8,2,2065,Verano
9022065,9,2,2065,Verano
10022065,10,2,2065,Verano
11022065,11,2,2065,Verano
12022065,12,2,2065,Verano
13022065,13,2,2065,Verano
14022065,14,2,2065,Verano
15022065,15,2,2065,Verano
16022065,16,2,2065,Verano
17022065,17,2,2065,Verano
18022065,18,2,2065,Verano
19022065,19,2,2065,Verano
20022065,20,2,2065,Verano
21022065,21,2,2065,Verano
22022065,22,2,2065,Verano
23022065,23,2,2065,Verano
24022065,24,2,2065,Verano
25022065,25,2,2065,Verano
26022065,26,2,2065,Verano
27022065,27,2,2065,Verano
28022065,28,2,2065,Verano
1032065,1,3,2065,Otoño
2032065,2,3,2065,Otoño
3032065,3,3,2065,Otoño
4032065,4,3,2065,Otoño
5032065,5,3,2065,Otoño
6032065,6,3,2065,Otoño
7032065,7,3,2065,Otoño
8032065,8,3,2065,Otoño
9032065,9,3,2065,Otoño
10032065,10,3,2065,Otoño
11032065,11,3,2065,Otoño
12032065,12,3,2065,Otoño
13032065,13,3,2065,Otoño
14032065,14,3,2065,Otoño
15032065,15,3,2065,Otoño
16032065,16,3,2065,Otoño
17032065,17,3,2065,Otoño
18032065,18,3,2065,Otoño
19032065,19,3,2065,Otoño
20032065,20,3,2065,Otoño
21032065,21,3,2065,Otoño
22032065,22,3,2065,Otoño
23032065,23,3,2065,Otoño
24032065,24,3,2065,Otoño
25032065,25,3,2065,Otoño
26032065,26,3,2065,Otoño
27032065,27,3,2065,Otoño
28032065,28,3,2065,Otoño
29032065,29,3,2065,Otoño
30032065,30,3,2065,Otoño
31032065,31,3,2065,Otoño
1042065,1,4,2065,Otoño
2042065,2,4,2065,Otoño
3042065,3,4,2065,Otoño
4042065,4,4,2065,Otoño
5042065,5,4,2065,Otoño
6042065,6,4,2065,Otoño
7042065,7,4,2065,Otoño
8042065,8,4,2065,Otoño
9042065,9,4,2065,Otoño
10042065,10,4,2065,Otoño
11042065,11,4,2065,Otoño
12042065,12,4,2065,Otoño
13042065,13,4,2065,Otoño
14042065,14,4,2065,Otoño
15042065,15,4,2065,Otoño
16042065,16,4,2065,Otoño
17042065,17,4,2065,Otoño
18042065,18,4,2065,Otoño
19042065,19,4,2065,Otoño
20042065,20,4,2065,Otoño
21042065,21,4,2065,Otoño
22042065,22,4,2065,Otoño
23042065,23,4,2065,Otoño
24042065,24,4,2065,Otoño
25042065,25,4,2065,Otoño
26042065,26,4,2065,Otoño
27042065,27,4,2065,Otoño
28042065,28,4,2065,Otoño
29042065,29,4,2065,Otoño
30042065,30,4,2065,Otoño
1052065,1,5,2065,Otoño
2052065,2,5,2065,Otoño
3052065,3,5,2065,Otoño
4052065,4,5,2065,Otoño
5052065,5,5,2065,Otoño
6052065,6,5,2065,Otoño
7052065,7,5,2065,Otoño
8052065,8,5,2065,Otoño
9052065,9,5,2065,Otoño
10052065,10,5,2065,Otoño
11052065,11,5,2065,Otoño
12052065,12,5,2065,Otoño
13052065,13,5,2065,Otoño
14052065,14,5,2065,Otoño
15052065,15,5,2065,Otoño
16052065,16,5,2065,Otoño
17052065,17,5,2065,Otoño
18052065,18,5,2065,Otoño
19052065,19,5,2065,Otoño
20052065,20,5,2065,Otoño
21052065,21,5,2065,Otoño
22052065,22,5,2065,Otoño
23052065,23,5,2065,Otoño
24052065,24,5,2065,Otoño
25052065,25,5,2065,Otoño
26052065,26,5,2065,Otoño
27052065,27,5,2065,Otoño
28052065,28,5,2065,Otoño
29052065,29,5,2065,Otoño
30052065,30,5,2065,Otoño
31052065,31,5,2065,Otoño
1062065,1,6,2065,Invierno
2062065,2,6,2065,Invierno
3062065,3,6,2065,Invierno
4062065,4,6,2065,Invierno
5062065,5,6,2065,Invierno
6062065,6,6,2065,Invierno
7062065,7,6,2065,Invierno
8062065,8,6,2065,Invierno
9062065,9,6,2065,Invierno
10062065,10,6,2065,Invierno
11062065,11,6,2065,Invierno
12062065,12,6,2065,Invierno
13062065,13,6,2065,Invierno
14062065,14,6,2065,Invierno
15062065,15,6,2065,Invierno
16062065,16,6,2065,Invierno
17062065,17,6,2065,Invierno
18062065,18,6,2065,Invierno
19062065,19,6,2065,Invierno
20062065,20,6,2065,Invierno
21062065,21,6,2065,Invierno
22062065,22,6,2065,Invierno
23062065,23,6,2065,Invierno
24062065,24,6,2065,Invierno
25062065,25,6,2065,Invierno
26062065,26,6,2065,Invierno
27062065,27,6,2065,Invierno
28062065,28,6,2065,Invierno
29062065,29,6,2065,Invierno
30062065,30,6,2065,Invierno
1072065,1,7,2065,Invierno
2072065,2,7,2065,Invierno
3072065,3,7,2065,Invierno
4072065,4,7,2065,Invierno
5072065,5,7,2065,Invierno
6072065,6,7,2065,Invierno
7072065,7,7,2065,Invierno
8072065,8,7,2065,Invierno
9072065,9,7,2065,Invierno
10072065,10,7,2065,Invierno
11072065,11,7,2065,Invierno
12072065,12,7,2065,Invierno
13072065,13,7,2065,Invierno
14072065,14,7,2065,Invierno
15072065,15,7,2065,Invierno
16072065,16,7,2065,Invierno
17072065,17,7,2065,Invierno
18072065,18,7,2065,Invierno
19072065,19,7,2065,Invierno
20072065,20,7,2065,Invierno
21072065,21,7,2065,Invierno
22072065,22,7,2065,Invierno
23072065,23,7,2065,Invierno
24072065,24,7,2065,Invierno
25072065,25,7,2065,Invierno
26072065,26,7,2065,Invierno
27072065,27,7,2065,Invierno
28072065,28,7,2065,Invierno
29072065,29,7,2065,Invierno
30072065,30,7,2065,Invierno
31072065,31,7,2065,Invierno
1082065,1,8,2065,Invierno
2082065,2,8,2065,Invierno
3082065,3,8,2065,Invierno
4082065,4,8,2065,Invierno
5082065,5,8,2065,Invierno
6082065,6,8,2065,Invierno
7082065,7,8,2065,Invierno
8082065,8,8,2065,Invierno
9082065,9,8,2065,Invierno
10082065,10,8,2065,Invierno
11082065,11,8,2065,Invierno
12082065,12,8,2065,Invierno
13082065,13,8,2065,Invierno
14082065,14,8,2065,Invierno
15082065,15,8,2065,Invierno
16082065,16,8,2065,Invierno
17082065,17,8,2065,Invierno
18082065,18,8,2065,Invierno
19082065,19,8,2065,Invierno
20082065,20,8,2065,Invierno
21082065,21,8,2065,Invierno
22082065,22,8,2065,Invierno
23082065,23,8,2065,Invierno
24082065,24,8,2065,Invierno
25082065,25,8,2065,Invierno
26082065,26,8,2065,Invierno
27082065,27,8,2065,Invierno
28082065,28,8,2065,Invierno
29082065,29,8,2065,Invierno
30082065,30,8,2065,Invierno
31082065,31,8,2065,Invierno
1092065,1,9,2065,Primavera
2092065,2,9,2065,Primavera
3092065,3,9,2065,Primavera
4092065,4,9,2065,Primavera
5092065,5,9,2065,Primavera
6092065,6,9,2065,Primavera
7092065,7,9,2065,Primavera
8092065,8,9,2065,Primavera
9092065,9,9,2065,Primavera
10092065,10,9,2065,Primavera
11092065,11,9,2065,Primavera
12092065,12,9,2065,Primavera
13092065,13,9,2065,Primavera
14092065,14,9,2065,Primavera
15092065,15,9,2065,Primavera
16092065,16,9,2065,Primavera
17092065,17,9,2065,Primavera
18092065,18,9,2065,Primavera
19092065,19,9,2065,Primavera
20092065,20,9,2065,Primavera
21092065,21,9,2065,Primavera
22092065,22,9,2065,Primavera
23092065,23,9,2065,Primavera
24092065,24,9,2065,Primavera
25092065,25,9,2065,Primavera
26092065,26,9,2065,Primavera
27092065,27,9,2065,Primavera
28092065,28,9,2065,Primavera
29092065,29,9,2065,Primavera
30092065,30,9,2065,Primavera
1102065,1,10,2065,Primavera
2102065,2,10,2065,Primavera
3102065,3,10,2065,Primavera
4102065,4,10,2065,Primavera
5102065,5,10,2065,Primavera
6102065,6,10,2065,Primavera
7102065,7,10,2065,Primavera
8102065,8,10,2065,Primavera
9102065,9,10,2065,Primavera
10102065,10,10,2065,Primavera
11102065,11,10,2065,Primavera
12102065,12,10,2065,Primavera
13102065,13,10,2065,Primavera
14102065,14,10,2065,Primavera
15102065,15,10,2065,Primavera
16102065,16,10,2065,Primavera
17102065,17,10,2065,Primavera
18102065,18,10,2065,Primavera
19102065,19,10,2065,Primavera
20102065,20,10,2065,Primavera
21102065,21,10,2065,Primavera
22102065,22,10,2065,Primavera
23102065,23,10,2065,Primavera
24102065,24,10,2065,Primavera
25102065,25,10,2065,Primavera
26102065,26,10,2065,Primavera
27102065,27,10,2065,Primavera
28102065,28,10,2065,Primavera
29102065,29,10,2065,Primavera
30102065,30,10,2065,Primavera
31102065,31,10,2065,Primavera
1112065,1,11,2065,Primavera
2112065,2,11,2065,Primavera
3112065,3,11,2065,Primavera
4112065,4,11,2065,Primavera
5112065,5,11,2065,Primavera
6112065,6,11,2065,Primavera
7112065,7,11,2065,Primavera
8112065,8,11,2065,Primavera
9112065,9,11,2065,Primavera
10112065,10,11,2065,Primavera
11112065,11,11,2065,Primavera
12112065,12,11,2065,Primavera
13112065,13,11,2065,Primavera
14112065,14,11,2065,Primavera
15112065,15,11,2065,Primavera
16112065,16,11,2065,Primavera
17112065,17,11,2065,Primavera
18112065,18,11,2065,Primavera
19112065,19,11,2065,Primavera
20112065,20,11,2065,Primavera
21112065,21,11,2065,Primavera
22112065,22,11,2065,Primavera
23112065,23,11,2065,Primavera
24112065,24,11,2065,Primavera
25112065,25,11,2065,Primavera
26112065,26,11,2065,Primavera
27112065,27,11,2065,Primavera
28112065,28,11,2065,Primavera
29112065,29,11,2065,Primavera
30112065,30,11,2065,Primavera
1122065,1,12,2065,Verano
2122065,2,12,2065,Verano
3122065,3,12,2065,Verano
4122065,4,12,2065,Verano
5122065,5,12,2065,Verano
6122065,6,12,2065,Verano
7122065,7,12,2065,Verano
8122065,8,12,2065,Verano
9122065,9,12,2065,Verano
10122065,10,12,2065,Verano
11122065,11,12,2065,Verano
12122065,12,12,2065,Verano
13122065,13,12,2065,Verano
14122065,14,12,2065,Verano
15122065,15,12,2065,Verano
16122065,16,12,2065,Verano
17122065,17,12,2065,Verano
18122065,18,12,2065,Verano
19122065,19,12,2065,Verano
20122065,20,12,2065,Verano
21122065,21,12,2065,Verano
22122065,22,12,2065,Verano
23122065,23,12,2065,Verano
24122065,24,12,2065,Verano
25122065,25,12,2065,Verano
26122065,26,12,2065,Verano
27122065,27,12,2065,Verano
28122065,28,12,2065,Verano
29122065,29,12,2065,Verano
30122065,30,12,2065,Verano
31122065,31,12,2065,Verano
1012066,1,1,2066,Verano
2012066,2,1,2066,Verano
3012066,3,1,2066,Verano
4012066,4,1,2066,Verano
5012066,5,1,2066,Verano
6012066,6,1,2066,Verano
7012066,7,1,2066,Verano
8012066,8,1,2066,Verano
9012066,9,1,2066,Verano
10012066,10,1,2066,Verano
11012066,11,1,2066,Verano
12012066,12,1,2066,Verano
13012066,13,1,2066,Verano
14012066,14,1,2066,Verano
15012066,15,1,2066,Verano
16012066,16,1,2066,Verano
17012066,17,1,2066,Verano
18012066,18,1,2066,Verano
19012066,19,1,2066,Verano
20012066,20,1,2066,Verano
21012066,21,1,2066,Verano
22012066,22,1,2066,Verano
23012066,23,1,2066,Verano
24012066,24,1,2066,Verano
25012066,25,1,2066,Verano
26012066,26,1,2066,Verano
27012066,27,1,2066,Verano
28012066,28,1,2066,Verano
29012066,29,1,2066,Verano
30012066,30,1,2066,Verano
31012066,31,1,2066,Verano
1022066,1,2,2066,Verano
2022066,2,2,2066,Verano
3022066,3,2,2066,Verano
4022066,4,2,2066,Verano
5022066,5,2,2066,Verano
6022066,6,2,2066,Verano
7022066,7,2,2066,Verano
8022066,8,2,2066,Verano
9022066,9,2,2066,Verano
10022066,10,2,2066,Verano
11022066,11,2,2066,Verano
12022066,12,2,2066,Verano
13022066,13,2,2066,Verano
14022066,14,2,2066,Verano
15022066,15,2,2066,Verano
16022066,16,2,2066,Verano
17022066,17,2,2066,Verano
18022066,18,2,2066,Verano
19022066,19,2,2066,Verano
20022066,20,2,2066,Verano
21022066,21,2,2066,Verano
22022066,22,2,2066,Verano
23022066,23,2,2066,Verano
24022066,24,2,2066,Verano
25022066,25,2,2066,Verano
26022066,26,2,2066,Verano
27022066,27,2,2066,Verano
28022066,28,2,2066,Verano
1032066,1,3,2066,Otoño
2032066,2,3,2066,Otoño
3032066,3,3,2066,Otoño
4032066,4,3,2066,Otoño
5032066,5,3,2066,Otoño
6032066,6,3,2066,Otoño
7032066,7,3,2066,Otoño
8032066,8,3,2066,Otoño
9032066,9,3,2066,Otoño
10032066,10,3,2066,Otoño
11032066,11,3,2066,Otoño
12032066,12,3,2066,Otoño
13032066,13,3,2066,Otoño
14032066,14,3,2066,Otoño
15032066,15,3,2066,Otoño
16032066,16,3,2066,Otoño
17032066,17,3,2066,Otoño
18032066,18,3,2066,Otoño
19032066,19,3,2066,Otoño
20032066,20,3,2066,Otoño
21032066,21,3,2066,Otoño
22032066,22,3,2066,Otoño
23032066,23,3,2066,Otoño
24032066,24,3,2066,Otoño
25032066,25,3,2066,Otoño
26032066,26,3,2066,Otoño
27032066,27,3,2066,Otoño
28032066,28,3,2066,Otoño
29032066,29,3,2066,Otoño
30032066,30,3,2066,Otoño
31032066,31,3,2066,Otoño
1042066,1,4,2066,Otoño
2042066,2,4,2066,Otoño
3042066,3,4,2066,Otoño
4042066,4,4,2066,Otoño
5042066,5,4,2066,Otoño
6042066,6,4,2066,Otoño
7042066,7,4,2066,Otoño
8042066,8,4,2066,Otoño
9042066,9,4,2066,Otoño
10042066,10,4,2066,Otoño
11042066,11,4,2066,Otoño
12042066,12,4,2066,Otoño
13042066,13,4,2066,Otoño
14042066,14,4,2066,Otoño
15042066,15,4,2066,Otoño
16042066,16,4,2066,Otoño
17042066,17,4,2066,Otoño
18042066,18,4,2066,Otoño
19042066,19,4,2066,Otoño
20042066,20,4,2066,Otoño
21042066,21,4,2066,Otoño
22042066,22,4,2066,Otoño
23042066,23,4,2066,Otoño
24042066,24,4,2066,Otoño
25042066,25,4,2066,Otoño
26042066,26,4,2066,Otoño
27042066,27,4,2066,Otoño
28042066,28,4,2066,Otoño
29042066,29,4,2066,Otoño
30042066,30,4,2066,Otoño
1052066,1,5,2066,Otoño
2052066,2,5,2066,Otoño
3052066,3,5,2066,Otoño
4052066,4,5,2066,Otoño
5052066,5,5,2066,Otoño
6052066,6,5,2066,Otoño
7052066,7,5,2066,Otoño
8052066,8,5,2066,Otoño
9052066,9,5,2066,Otoño
10052066,10,5,2066,Otoño
11052066,11,5,2066,Otoño
12052066,12,5,2066,Otoño
13052066,13,5,2066,Otoño
14052066,14,5,2066,Otoño
15052066,15,5,2066,Otoño
16052066,16,5,2066,Otoño
17052066,17,5,2066,Otoño
18052066,18,5,2066,Otoño
19052066,19,5,2066,Otoño
20052066,20,5,2066,Otoño
21052066,21,5,2066,Otoño
22052066,22,5,2066,Otoño
23052066,23,5,2066,Otoño
24052066,24,5,2066,Otoño
25052066,25,5,2066,Otoño
26052066,26,5,2066,Otoño
27052066,27,5,2066,Otoño
28052066,28,5,2066,Otoño
29052066,29,5,2066,Otoño
30052066,30,5,2066,Otoño
31052066,31,5,2066,Otoño
1062066,1,6,2066,Invierno
2062066,2,6,2066,Invierno
3062066,3,6,2066,Invierno
4062066,4,6,2066,Invierno
5062066,5,6,2066,Invierno
6062066,6,6,2066,Invierno
7062066,7,6,2066,Invierno
8062066,8,6,2066,Invierno
9062066,9,6,2066,Invierno
10062066,10,6,2066,Invierno
11062066,11,6,2066,Invierno
12062066,12,6,2066,Invierno
13062066,13,6,2066,Invierno
14062066,14,6,2066,Invierno
15062066,15,6,2066,Invierno
16062066,16,6,2066,Invierno
17062066,17,6,2066,Invierno
18062066,18,6,2066,Invierno
19062066,19,6,2066,Invierno
20062066,20,6,2066,Invierno
21062066,21,6,2066,Invierno
22062066,22,6,2066,Invierno
23062066,23,6,2066,Invierno
24062066,24,6,2066,Invierno
25062066,25,6,2066,Invierno
26062066,26,6,2066,Invierno
27062066,27,6,2066,Invierno
28062066,28,6,2066,Invierno
29062066,29,6,2066,Invierno
30062066,30,6,2066,Invierno
1072066,1,7,2066,Invierno
2072066,2,7,2066,Invierno
3072066,3,7,2066,Invierno
4072066,4,7,2066,Invierno
5072066,5,7,2066,Invierno
6072066,6,7,2066,Invierno
7072066,7,7,2066,Invierno
8072066,8,7,2066,Invierno
9072066,9,7,2066,Invierno
10072066,10,7,2066,Invierno
11072066,11,7,2066,Invierno
12072066,12,7,2066,Invierno
13072066,13,7,2066,Invierno
14072066,14,7,2066,Invierno
15072066,15,7,2066,Invierno
16072066,16,7,2066,Invierno
17072066,17,7,2066,Invierno
18072066,18,7,2066,Invierno
19072066,19,7,2066,Invierno
20072066,20,7,2066,Invierno
21072066,21,7,2066,Invierno
22072066,22,7,2066,Invierno
23072066,23,7,2066,Invierno
24072066,24,7,2066,Invierno
25072066,25,7,2066,Invierno
26072066,26,7,2066,Invierno
27072066,27,7,2066,Invierno
28072066,28,7,2066,Invierno
29072066,29,7,2066,Invierno
30072066,30,7,2066,Invierno
31072066,31,7,2066,Invierno
1082066,1,8,2066,Invierno
2082066,2,8,2066,Invierno
3082066,3,8,2066,Invierno
4082066,4,8,2066,Invierno
5082066,5,8,2066,Invierno
6082066,6,8,2066,Invierno
7082066,7,8,2066,Invierno
8082066,8,8,2066,Invierno
9082066,9,8,2066,Invierno
10082066,10,8,2066,Invierno
11082066,11,8,2066,Invierno
12082066,12,8,2066,Invierno
13082066,13,8,2066,Invierno
14082066,14,8,2066,Invierno
15082066,15,8,2066,Invierno
16082066,16,8,2066,Invierno
17082066,17,8,2066,Invierno
18082066,18,8,2066,Invierno
19082066,19,8,2066,Invierno
20082066,20,8,2066,Invierno
21082066,21,8,2066,Invierno
22082066,22,8,2066,Invierno
23082066,23,8,2066,Invierno
24082066,24,8,2066,Invierno
25082066,25,8,2066,Invierno
26082066,26,8,2066,Invierno
27082066,27,8,2066,Invierno
28082066,28,8,2066,Invierno
29082066,29,8,2066,Invierno
30082066,30,8,2066,Invierno
31082066,31,8,2066,Invierno
1092066,1,9,2066,Primavera
2092066,2,9,2066,Primavera
3092066,3,9,2066,Primavera
4092066,4,9,2066,Primavera
5092066,5,9,2066,Primavera
6092066,6,9,2066,Primavera
7092066,7,9,2066,Primavera
8092066,8,9,2066,Primavera
9092066,9,9,2066,Primavera
10092066,10,9,2066,Primavera
11092066,11,9,2066,Primavera
12092066,12,9,2066,Primavera
13092066,13,9,2066,Primavera
14092066,14,9,2066,Primavera
15092066,15,9,2066,Primavera
16092066,16,9,2066,Primavera
17092066,17,9,2066,Primavera
18092066,18,9,2066,Primavera
19092066,19,9,2066,Primavera
20092066,20,9,2066,Primavera
21092066,21,9,2066,Primavera
22092066,22,9,2066,Primavera
23092066,23,9,2066,Primavera
24092066,24,9,2066,Primavera
25092066,25,9,2066,Primavera
26092066,26,9,2066,Primavera
27092066,27,9,2066,Primavera
28092066,28,9,2066,Primavera
29092066,29,9,2066,Primavera
30092066,30,9,2066,Primavera
1102066,1,10,2066,Primavera
2102066,2,10,2066,Primavera
3102066,3,10,2066,Primavera
4102066,4,10,2066,Primavera
5102066,5,10,2066,Primavera
6102066,6,10,2066,Primavera
7102066,7,10,2066,Primavera
8102066,8,10,2066,Primavera
9102066,9,10,2066,Primavera
10102066,10,10,2066,Primavera
11102066,11,10,2066,Primavera
12102066,12,10,2066,Primavera
13102066,13,10,2066,Primavera
14102066,14,10,2066,Primavera
15102066,15,10,2066,Primavera
16102066,16,10,2066,Primavera
17102066,17,10,2066,Primavera
18102066,18,10,2066,Primavera
19102066,19,10,2066,Primavera
20102066,20,10,2066,Primavera
21102066,21,10,2066,Primavera
22102066,22,10,2066,Primavera
23102066,23,10,2066,Primavera
24102066,24,10,2066,Primavera
25102066,25,10,2066,Primavera
26102066,26,10,2066,Primavera
27102066,27,10,2066,Primavera
28102066,28,10,2066,Primavera
29102066,29,10,2066,Primavera
30102066,30,10,2066,Primavera
31102066,31,10,2066,Primavera
1112066,1,11,2066,Primavera
2112066,2,11,2066,Primavera
3112066,3,11,2066,Primavera
4112066,4,11,2066,Primavera
5112066,5,11,2066,Primavera
6112066,6,11,2066,Primavera
7112066,7,11,2066,Primavera
8112066,8,11,2066,Primavera
9112066,9,11,2066,Primavera
10112066,10,11,2066,Primavera
11112066,11,11,2066,Primavera
12112066,12,11,2066,Primavera
13112066,13,11,2066,Primavera
14112066,14,11,2066,Primavera
15112066,15,11,2066,Primavera
16112066,16,11,2066,Primavera
17112066,17,11,2066,Primavera
18112066,18,11,2066,Primavera
19112066,19,11,2066,Primavera
20112066,20,11,2066,Primavera
21112066,21,11,2066,Primavera
22112066,22,11,2066,Primavera
23112066,23,11,2066,Primavera
24112066,24,11,2066,Primavera
25112066,25,11,2066,Primavera
26112066,26,11,2066,Primavera
27112066,27,11,2066,Primavera
28112066,28,11,2066,Primavera
29112066,29,11,2066,Primavera
30112066,30,11,2066,Primavera
1122066,1,12,2066,Verano
2122066,2,12,2066,Verano
3122066,3,12,2066,Verano
4122066,4,12,2066,Verano
5122066,5,12,2066,Verano
6122066,6,12,2066,Verano
7122066,7,12,2066,Verano
8122066,8,12,2066,Verano
9122066,9,12,2066,Verano
10122066,10,12,2066,Verano
11122066,11,12,2066,Verano
12122066,12,12,2066,Verano
13122066,13,12,2066,Verano
14122066,14,12,2066,Verano
15122066,15,12,2066,Verano
16122066,16,12,2066,Verano
17122066,17,12,2066,Verano
18122066,18,12,2066,Verano
19122066,19,12,2066,Verano
20122066,20,12,2066,Verano
21122066,21,12,2066,Verano
22122066,22,12,2066,Verano
23122066,23,12,2066,Verano
24122066,24,12,2066,Verano
25122066,25,12,2066,Verano
26122066,26,12,2066,Verano
27122066,27,12,2066,Verano
28122066,28,12,2066,Verano
29122066,29,12,2066,Verano
30122066,30,12,2066,Verano
31122066,31,12,2066,Verano
1012067,1,1,2067,Verano
2012067,2,1,2067,Verano
3012067,3,1,2067,Verano
4012067,4,1,2067,Verano
5012067,5,1,2067,Verano
6012067,6,1,2067,Verano
7012067,7,1,2067,Verano
8012067,8,1,2067,Verano
9012067,9,1,2067,Verano
10012067,10,1,2067,Verano
11012067,11,1,2067,Verano
12012067,12,1,2067,Verano
13012067,13,1,2067,Verano
14012067,14,1,2067,Verano
15012067,15,1,2067,Verano
16012067,16,1,2067,Verano
17012067,17,1,2067,Verano
18012067,18,1,2067,Verano
19012067,19,1,2067,Verano
20012067,20,1,2067,Verano
21012067,21,1,2067,Verano
22012067,22,1,2067,Verano
23012067,23,1,2067,Verano
24012067,24,1,2067,Verano
25012067,25,1,2067,Verano
26012067,26,1,2067,Verano
27012067,27,1,2067,Verano
28012067,28,1,2067,Verano
29012067,29,1,2067,Verano
30012067,30,1,2067,Verano
31012067,31,1,2067,Verano
1022067,1,2,2067,Verano
2022067,2,2,2067,Verano
3022067,3,2,2067,Verano
4022067,4,2,2067,Verano
5022067,5,2,2067,Verano
6022067,6,2,2067,Verano
7022067,7,2,2067,Verano
8022067,8,2,2067,Verano
9022067,9,2,2067,Verano
10022067,10,2,2067,Verano
11022067,11,2,2067,Verano
12022067,12,2,2067,Verano
13022067,13,2,2067,Verano
14022067,14,2,2067,Verano
15022067,15,2,2067,Verano
16022067,16,2,2067,Verano
17022067,17,2,2067,Verano
18022067,18,2,2067,Verano
19022067,19,2,2067,Verano
20022067,20,2,2067,Verano
21022067,21,2,2067,Verano
22022067,22,2,2067,Verano
23022067,23,2,2067,Verano
24022067,24,2,2067,Verano
25022067,25,2,2067,Verano
26022067,26,2,2067,Verano
27022067,27,2,2067,Verano
28022067,28,2,2067,Verano
1032067,1,3,2067,Otoño
2032067,2,3,2067,Otoño
3032067,3,3,2067,Otoño
4032067,4,3,2067,Otoño
5032067,5,3,2067,Otoño
6032067,6,3,2067,Otoño
7032067,7,3,2067,Otoño
8032067,8,3,2067,Otoño
9032067,9,3,2067,Otoño
10032067,10,3,2067,Otoño
11032067,11,3,2067,Otoño
12032067,12,3,2067,Otoño
13032067,13,3,2067,Otoño
14032067,14,3,2067,Otoño
15032067,15,3,2067,Otoño
16032067,16,3,2067,Otoño
17032067,17,3,2067,Otoño
18032067,18,3,2067,Otoño
19032067,19,3,2067,Otoño
20032067,20,3,2067,Otoño
21032067,21,3,2067,Otoño
22032067,22,3,2067,Otoño
23032067,23,3,2067,Otoño
24032067,24,3,2067,Otoño
25032067,25,3,2067,Otoño
26032067,26,3,2067,Otoño
27032067,27,3,2067,Otoño
28032067,28,3,2067,Otoño
29032067,29,3,2067,Otoño
30032067,30,3,2067,Otoño
31032067,31,3,2067,Otoño
1042067,1,4,2067,Otoño
2042067,2,4,2067,Otoño
3042067,3,4,2067,Otoño
4042067,4,4,2067,Otoño
5042067,5,4,2067,Otoño
6042067,6,4,2067,Otoño
7042067,7,4,2067,Otoño
8042067,8,4,2067,Otoño
9042067,9,4,2067,Otoño
10042067,10,4,2067,Otoño
11042067,11,4,2067,Otoño
12042067,12,4,2067,Otoño
13042067,13,4,2067,Otoño
14042067,14,4,2067,Otoño
15042067,15,4,2067,Otoño
16042067,16,4,2067,Otoño
17042067,17,4,2067,Otoño
18042067,18,4,2067,Otoño
19042067,19,4,2067,Otoño
20042067,20,4,2067,Otoño
21042067,21,4,2067,Otoño
22042067,22,4,2067,Otoño
23042067,23,4,2067,Otoño
24042067,24,4,2067,Otoño
25042067,25,4,2067,Otoño
26042067,26,4,2067,Otoño
27042067,27,4,2067,Otoño
28042067,28,4,2067,Otoño
29042067,29,4,2067,Otoño
30042067,30,4,2067,Otoño
1052067,1,5,2067,Otoño
2052067,2,5,2067,Otoño
3052067,3,5,2067,Otoño
4052067,4,5,2067,Otoño
5052067,5,5,2067,Otoño
6052067,6,5,2067,Otoño
7052067,7,5,2067,Otoño
8052067,8,5,2067,Otoño
9052067,9,5,2067,Otoño
10052067,10,5,2067,Otoño
11052067,11,5,2067,Otoño
12052067,12,5,2067,Otoño
13052067,13,5,2067,Otoño
14052067,14,5,2067,Otoño
15052067,15,5,2067,Otoño
16052067,16,5,2067,Otoño
17052067,17,5,2067,Otoño
18052067,18,5,2067,Otoño
19052067,19,5,2067,Otoño
20052067,20,5,2067,Otoño
21052067,21,5,2067,Otoño
22052067,22,5,2067,Otoño
23052067,23,5,2067,Otoño
24052067,24,5,2067,Otoño
25052067,25,5,2067,Otoño
26052067,26,5,2067,Otoño
27052067,27,5,2067,Otoño
28052067,28,5,2067,Otoño
29052067,29,5,2067,Otoño
30052067,30,5,2067,Otoño
31052067,31,5,2067,Otoño
1062067,1,6,2067,Invierno
2062067,2,6,2067,Invierno
3062067,3,6,2067,Invierno
4062067,4,6,2067,Invierno
5062067,5,6,2067,Invierno
6062067,6,6,2067,Invierno
7062067,7,6,2067,Invierno
8062067,8,6,2067,Invierno
9062067,9,6,2067,Invierno
10062067,10,6,2067,Invierno
11062067,11,6,2067,Invierno
12062067,12,6,2067,Invierno
13062067,13,6,2067,Invierno
14062067,14,6,2067,Invierno
15062067,15,6,2067,Invierno
16062067,16,6,2067,Invierno
17062067,17,6,2067,Invierno
18062067,18,6,2067,Invierno
19062067,19,6,2067,Invierno
20062067,20,6,2067,Invierno
21062067,21,6,2067,Invierno
22062067,22,6,2067,Invierno
23062067,23,6,2067,Invierno
24062067,24,6,2067,Invierno
25062067,25,6,2067,Invierno
26062067,26,6,2067,Invierno
27062067,27,6,2067,Invierno
28062067,28,6,2067,Invierno
29062067,29,6,2067,Invierno
30062067,30,6,2067,Invierno
1072067,1,7,2067,Invierno
2072067,2,7,2067,Invierno
3072067,3,7,2067,Invierno
4072067,4,7,2067,Invierno
5072067,5,7,2067,Invierno
6072067,6,7,2067,Invierno
7072067,7,7,2067,Invierno
8072067,8,7,2067,Invierno
9072067,9,7,2067,Invierno
10072067,10,7,2067,Invierno
11072067,11,7,2067,Invierno
12072067,12,7,2067,Invierno
13072067,13,7,2067,Invierno
14072067,14,7,2067,Invierno
15072067,15,7,2067,Invierno
16072067,16,7,2067,Invierno
17072067,17,7,2067,Invierno
18072067,18,7,2067,Invierno
19072067,19,7,2067,Invierno
20072067,20,7,2067,Invierno
21072067,21,7,2067,Invierno
22072067,22,7,2067,Invierno
23072067,23,7,2067,Invierno
24072067,24,7,2067,Invierno
25072067,25,7,2067,Invierno
26072067,26,7,2067,Invierno
27072067,27,7,2067,Invierno
28072067,28,7,2067,Invierno
29072067,29,7,2067,Invierno
30072067,30,7,2067,Invierno
31072067,31,7,2067,Invierno
1082067,1,8,2067,Invierno
2082067,2,8,2067,Invierno
3082067,3,8,2067,Invierno
4082067,4,8,2067,Invierno
5082067,5,8,2067,Invierno
6082067,6,8,2067,Invierno
7082067,7,8,2067,Invierno
8082067,8,8,2067,Invierno
9082067,9,8,2067,Invierno
10082067,10,8,2067,Invierno
11082067,11,8,2067,Invierno
12082067,12,8,2067,Invierno
13082067,13,8,2067,Invierno
14082067,14,8,2067,Invierno
15082067,15,8,2067,Invierno
16082067,16,8,2067,Invierno
17082067,17,8,2067,Invierno
18082067,18,8,2067,Invierno
19082067,19,8,2067,Invierno
20082067,20,8,2067,Invierno
21082067,21,8,2067,Invierno
22082067,22,8,2067,Invierno
23082067,23,8,2067,Invierno
24082067,24,8,2067,Invierno
25082067,25,8,2067,Invierno
26082067,26,8,2067,Invierno
27082067,27,8,2067,Invierno
28082067,28,8,2067,Invierno
29082067,29,8,2067,Invierno
30082067,30,8,2067,Invierno
31082067,31,8,2067,Invierno
1092067,1,9,2067,Primavera
2092067,2,9,2067,Primavera
3092067,3,9,2067,Primavera
4092067,4,9,2067,Primavera
5092067,5,9,2067,Primavera
6092067,6,9,2067,Primavera
7092067,7,9,2067,Primavera
8092067,8,9,2067,Primavera
9092067,9,9,2067,Primavera
10092067,10,9,2067,Primavera
11092067,11,9,2067,Primavera
12092067,12,9,2067,Primavera
13092067,13,9,2067,Primavera
14092067,14,9,2067,Primavera
15092067,15,9,2067,Primavera
16092067,16,9,2067,Primavera
17092067,17,9,2067,Primavera
18092067,18,9,2067,Primavera
19092067,19,9,2067,Primavera
20092067,20,9,2067,Primavera
21092067,21,9,2067,Primavera
22092067,22,9,2067,Primavera
23092067,23,9,2067,Primavera
24092067,24,9,2067,Primavera
25092067,25,9,2067,Primavera
26092067,26,9,2067,Primavera
27092067,27,9,2067,Primavera
28092067,28,9,2067,Primavera
29092067,29,9,2067,Primavera
30092067,30,9,2067,Primavera
1102067,1,10,2067,Primavera
2102067,2,10,2067,Primavera
3102067,3,10,2067,Primavera
4102067,4,10,2067,Primavera
5102067,5,10,2067,Primavera
6102067,6,10,2067,Primavera
7102067,7,10,2067,Primavera
8102067,8,10,2067,Primavera
9102067,9,10,2067,Primavera
10102067,10,10,2067,Primavera
11102067,11,10,2067,Primavera
12102067,12,10,2067,Primavera
13102067,13,10,2067,Primavera
14102067,14,10,2067,Primavera
15102067,15,10,2067,Primavera
16102067,16,10,2067,Primavera
17102067,17,10,2067,Primavera
18102067,18,10,2067,Primavera
19102067,19,10,2067,Primavera
20102067,20,10,2067,Primavera
21102067,21,10,2067,Primavera
22102067,22,10,2067,Primavera
23102067,23,10,2067,Primavera
24102067,24,10,2067,Primavera
25102067,25,10,2067,Primavera
26102067,26,10,2067,Primavera
27102067,27,10,2067,Primavera
28102067,28,10,2067,Primavera
29102067,29,10,2067,Primavera
30102067,30,10,2067,Primavera
31102067,31,10,2067,Primavera
1112067,1,11,2067,Primavera
2112067,2,11,2067,Primavera
3112067,3,11,2067,Primavera
4112067,4,11,2067,Primavera
5112067,5,11,2067,Primavera
6112067,6,11,2067,Primavera
7112067,7,11,2067,Primavera
8112067,8,11,2067,Primavera
9112067,9,11,2067,Primavera
10112067,10,11,2067,Primavera
11112067,11,11,2067,Primavera
12112067,12,11,2067,Primavera
13112067,13,11,2067,Primavera
14112067,14,11,2067,Primavera
15112067,15,11,2067,Primavera
16112067,16,11,2067,Primavera
17112067,17,11,2067,Primavera
18112067,18,11,2067,Primavera
19112067,19,11,2067,Primavera
20112067,20,11,2067,Primavera
21112067,21,11,2067,Primavera
22112067,22,11,2067,Primavera
23112067,23,11,2067,Primavera
24112067,24,11,2067,Primavera
25112067,25,11,2067,Primavera
26112067,26,11,2067,Primavera
27112067,27,11,2067,Primavera
28112067,28,11,2067,Primavera
29112067,29,11,2067,Primavera
30112067,30,11,2067,Primavera
1122067,1,12,2067,Verano
2122067,2,12,2067,Verano
3122067,3,12,2067,Verano
4122067,4,12,2067,Verano
5122067,5,12,2067,Verano
6122067,6,12,2067,Verano
7122067,7,12,2067,Verano
8122067,8,12,2067,Verano
9122067,9,12,2067,Verano
10122067,10,12,2067,Verano
11122067,11,12,2067,Verano
12122067,12,12,2067,Verano
13122067,13,12,2067,Verano
14122067,14,12,2067,Verano
15122067,15,12,2067,Verano
16122067,16,12,2067,Verano
17122067,17,12,2067,Verano
18122067,18,12,2067,Verano
19122067,19,12,2067,Verano
20122067,20,12,2067,Verano
21122067,21,12,2067,Verano
22122067,22,12,2067,Verano
23122067,23,12,2067,Verano
24122067,24,12,2067,Verano
25122067,25,12,2067,Verano
26122067,26,12,2067,Verano
27122067,27,12,2067,Verano
28122067,28,12,2067,Verano
29122067,29,12,2067,Verano
30122067,30,12,2067,Verano
31122067,31,12,2067,Verano
1012068,1,1,2068,Verano
2012068,2,1,2068,Verano
3012068,3,1,2068,Verano
4012068,4,1,2068,Verano
5012068,5,1,2068,Verano
6012068,6,1,2068,Verano
7012068,7,1,2068,Verano
8012068,8,1,2068,Verano
9012068,9,1,2068,Verano
10012068,10,1,2068,Verano
11012068,11,1,2068,Verano
12012068,12,1,2068,Verano
13012068,13,1,2068,Verano
14012068,14,1,2068,Verano
15012068,15,1,2068,Verano
16012068,16,1,2068,Verano
17012068,17,1,2068,Verano
18012068,18,1,2068,Verano
19012068,19,1,2068,Verano
20012068,20,1,2068,Verano
21012068,21,1,2068,Verano
22012068,22,1,2068,Verano
23012068,23,1,2068,Verano
24012068,24,1,2068,Verano
25012068,25,1,2068,Verano
26012068,26,1,2068,Verano
27012068,27,1,2068,Verano
28012068,28,1,2068,Verano
29012068,29,1,2068,Verano
30012068,30,1,2068,Verano
31012068,31,1,2068,Verano
1022068,1,2,2068,Verano
2022068,2,2,2068,Verano
3022068,3,2,2068,Verano
4022068,4,2,2068,Verano
5022068,5,2,2068,Verano
6022068,6,2,2068,Verano
7022068,7,2,2068,Verano
8022068,8,2,2068,Verano
9022068,9,2,2068,Verano
10022068,10,2,2068,Verano
11022068,11,2,2068,Verano
12022068,12,2,2068,Verano
13022068,13,2,2068,Verano
14022068,14,2,2068,Verano
15022068,15,2,2068,Verano
16022068,16,2,2068,Verano
17022068,17,2,2068,Verano
18022068,18,2,2068,Verano
19022068,19,2,2068,Verano
20022068,20,2,2068,Verano
21022068,21,2,2068,Verano
22022068,22,2,2068,Verano
23022068,23,2,2068,Verano
24022068,24,2,2068,Verano
25022068,25,2,2068,Verano
26022068,26,2,2068,Verano
27022068,27,2,2068,Verano
28022068,28,2,2068,Verano
29022068,29,2,2068,Verano
1032068,1,3,2068,Otoño
2032068,2,3,2068,Otoño
3032068,3,3,2068,Otoño
4032068,4,3,2068,Otoño
5032068,5,3,2068,Otoño
6032068,6,3,2068,Otoño
7032068,7,3,2068,Otoño
8032068,8,3,2068,Otoño
9032068,9,3,2068,Otoño
10032068,10,3,2068,Otoño
11032068,11,3,2068,Otoño
12032068,12,3,2068,Otoño
13032068,13,3,2068,Otoño
14032068,14,3,2068,Otoño
15032068,15,3,2068,Otoño
16032068,16,3,2068,Otoño
17032068,17,3,2068,Otoño
18032068,18,3,2068,Otoño
19032068,19,3,2068,Otoño
20032068,20,3,2068,Otoño
21032068,21,3,2068,Otoño
22032068,22,3,2068,Otoño
23032068,23,3,2068,Otoño
24032068,24,3,2068,Otoño
25032068,25,3,2068,Otoño
26032068,26,3,2068,Otoño
27032068,27,3,2068,Otoño
28032068,28,3,2068,Otoño
29032068,29,3,2068,Otoño
30032068,30,3,2068,Otoño
31032068,31,3,2068,Otoño
1042068,1,4,2068,Otoño
2042068,2,4,2068,Otoño
3042068,3,4,2068,Otoño
4042068,4,4,2068,Otoño
5042068,5,4,2068,Otoño
6042068,6,4,2068,Otoño
7042068,7,4,2068,Otoño
8042068,8,4,2068,Otoño
9042068,9,4,2068,Otoño
10042068,10,4,2068,Otoño
11042068,11,4,2068,Otoño
12042068,12,4,2068,Otoño
13042068,13,4,2068,Otoño
14042068,14,4,2068,Otoño
15042068,15,4,2068,Otoño
16042068,16,4,2068,Otoño
17042068,17,4,2068,Otoño
18042068,18,4,2068,Otoño
19042068,19,4,2068,Otoño
20042068,20,4,2068,Otoño
21042068,21,4,2068,Otoño
22042068,22,4,2068,Otoño
23042068,23,4,2068,Otoño
24042068,24,4,2068,Otoño
25042068,25,4,2068,Otoño
26042068,26,4,2068,Otoño
27042068,27,4,2068,Otoño
28042068,28,4,2068,Otoño
29042068,29,4,2068,Otoño
30042068,30,4,2068,Otoño
1052068,1,5,2068,Otoño
2052068,2,5,2068,Otoño
3052068,3,5,2068,Otoño
4052068,4,5,2068,Otoño
5052068,5,5,2068,Otoño
6052068,6,5,2068,Otoño
7052068,7,5,2068,Otoño
8052068,8,5,2068,Otoño
9052068,9,5,2068,Otoño
10052068,10,5,2068,Otoño
11052068,11,5,2068,Otoño
12052068,12,5,2068,Otoño
13052068,13,5,2068,Otoño
14052068,14,5,2068,Otoño
15052068,15,5,2068,Otoño
16052068,16,5,2068,Otoño
17052068,17,5,2068,Otoño
18052068,18,5,2068,Otoño
19052068,19,5,2068,Otoño
20052068,20,5,2068,Otoño
21052068,21,5,2068,Otoño
22052068,22,5,2068,Otoño
23052068,23,5,2068,Otoño
24052068,24,5,2068,Otoño
25052068,25,5,2068,Otoño
26052068,26,5,2068,Otoño
27052068,27,5,2068,Otoño
28052068,28,5,2068,Otoño
29052068,29,5,2068,Otoño
30052068,30,5,2068,Otoño
31052068,31,5,2068,Otoño
1062068,1,6,2068,Invierno
2062068,2,6,2068,Invierno
3062068,3,6,2068,Invierno
4062068,4,6,2068,Invierno
5062068,5,6,2068,Invierno
6062068,6,6,2068,Invierno
7062068,7,6,2068,Invierno
8062068,8,6,2068,Invierno
9062068,9,6,2068,Invierno
10062068,10,6,2068,Invierno
11062068,11,6,2068,Invierno
12062068,12,6,2068,Invierno
13062068,13,6,2068,Invierno
14062068,14,6,2068,Invierno
15062068,15,6,2068,Invierno
16062068,16,6,2068,Invierno
17062068,17,6,2068,Invierno
18062068,18,6,2068,Invierno
19062068,19,6,2068,Invierno
20062068,20,6,2068,Invierno
21062068,21,6,2068,Invierno
22062068,22,6,2068,Invierno
23062068,23,6,2068,Invierno
24062068,24,6,2068,Invierno
25062068,25,6,2068,Invierno
26062068,26,6,2068,Invierno
27062068,27,6,2068,Invierno
28062068,28,6,2068,Invierno
29062068,29,6,2068,Invierno
30062068,30,6,2068,Invierno
1072068,1,7,2068,Invierno
2072068,2,7,2068,Invierno
3072068,3,7,2068,Invierno
4072068,4,7,2068,Invierno
5072068,5,7,2068,Invierno
6072068,6,7,2068,Invierno
7072068,7,7,2068,Invierno
8072068,8,7,2068,Invierno
9072068,9,7,2068,Invierno
10072068,10,7,2068,Invierno
11072068,11,7,2068,Invierno
12072068,12,7,2068,Invierno
13072068,13,7,2068,Invierno
14072068,14,7,2068,Invierno
15072068,15,7,2068,Invierno
16072068,16,7,2068,Invierno
17072068,17,7,2068,Invierno
18072068,18,7,2068,Invierno
19072068,19,7,2068,Invierno
20072068,20,7,2068,Invierno
21072068,21,7,2068,Invierno
22072068,22,7,2068,Invierno
23072068,23,7,2068,Invierno
24072068,24,7,2068,Invierno
25072068,25,7,2068,Invierno
26072068,26,7,2068,Invierno
27072068,27,7,2068,Invierno
28072068,28,7,2068,Invierno
29072068,29,7,2068,Invierno
30072068,30,7,2068,Invierno
31072068,31,7,2068,Invierno
1082068,1,8,2068,Invierno
2082068,2,8,2068,Invierno
3082068,3,8,2068,Invierno
4082068,4,8,2068,Invierno
5082068,5,8,2068,Invierno
6082068,6,8,2068,Invierno
7082068,7,8,2068,Invierno
8082068,8,8,2068,Invierno
9082068,9,8,2068,Invierno
10082068,10,8,2068,Invierno
11082068,11,8,2068,Invierno
12082068,12,8,2068,Invierno
13082068,13,8,2068,Invierno
14082068,14,8,2068,Invierno
15082068,15,8,2068,Invierno
16082068,16,8,2068,Invierno
17082068,17,8,2068,Invierno
18082068,18,8,2068,Invierno
19082068,19,8,2068,Invierno
20082068,20,8,2068,Invierno
21082068,21,8,2068,Invierno
22082068,22,8,2068,Invierno
23082068,23,8,2068,Invierno
24082068,24,8,2068,Invierno
25082068,25,8,2068,Invierno
26082068,26,8,2068,Invierno
27082068,27,8,2068,Invierno
28082068,28,8,2068,Invierno
29082068,29,8,2068,Invierno
30082068,30,8,2068,Invierno
31082068,31,8,2068,Invierno
1092068,1,9,2068,Primavera
2092068,2,9,2068,Primavera
3092068,3,9,2068,Primavera
4092068,4,9,2068,Primavera
5092068,5,9,2068,Primavera
6092068,6,9,2068,Primavera
7092068,7,9,2068,Primavera
8092068,8,9,2068,Primavera
9092068,9,9,2068,Primavera
10092068,10,9,2068,Primavera
11092068,11,9,2068,Primavera
12092068,12,9,2068,Primavera
13092068,13,9,2068,Primavera
14092068,14,9,2068,Primavera
15092068,15,9,2068,Primavera
16092068,16,9,2068,Primavera
17092068,17,9,2068,Primavera
18092068,18,9,2068,Primavera
19092068,19,9,2068,Primavera
20092068,20,9,2068,Primavera
21092068,21,9,2068,Primavera
22092068,22,9,2068,Primavera
23092068,23,9,2068,Primavera
24092068,24,9,2068,Primavera
25092068,25,9,2068,Primavera
26092068,26,9,2068,Primavera
27092068,27,9,2068,Primavera
28092068,28,9,2068,Primavera
29092068,29,9,2068,Primavera
30092068,30,9,2068,Primavera
1102068,1,10,2068,Primavera
2102068,2,10,2068,Primavera
3102068,3,10,2068,Primavera
4102068,4,10,2068,Primavera
5102068,5,10,2068,Primavera
6102068,6,10,2068,Primavera
7102068,7,10,2068,Primavera
8102068,8,10,2068,Primavera
9102068,9,10,2068,Primavera
10102068,10,10,2068,Primavera
11102068,11,10,2068,Primavera
12102068,12,10,2068,Primavera
13102068,13,10,2068,Primavera
14102068,14,10,2068,Primavera
15102068,15,10,2068,Primavera
16102068,16,10,2068,Primavera
17102068,17,10,2068,Primavera
18102068,18,10,2068,Primavera
19102068,19,10,2068,Primavera
20102068,20,10,2068,Primavera
21102068,21,10,2068,Primavera
22102068,22,10,2068,Primavera
23102068,23,10,2068,Primavera
24102068,24,10,2068,Primavera
25102068,25,10,2068,Primavera
26102068,26,10,2068,Primavera
27102068,27,10,2068,Primavera
28102068,28,10,2068,Primavera
29102068,29,10,2068,Primavera
30102068,30,10,2068,Primavera
31102068,31,10,2068,Primavera
1112068,1,11,2068,Primavera
2112068,2,11,2068,Primavera
3112068,3,11,2068,Primavera
4112068,4,11,2068,Primavera
5112068,5,11,2068,Primavera
6112068,6,11,2068,Primavera
7112068,7,11,2068,Primavera
8112068,8,11,2068,Primavera
9112068,9,11,2068,Primavera
10112068,10,11,2068,Primavera
11112068,11,11,2068,Primavera
12112068,12,11,2068,Primavera
13112068,13,11,2068,Primavera
14112068,14,11,2068,Primavera
15112068,15,11,2068,Primavera
16112068,16,11,2068,Primavera
17112068,17,11,2068,Primavera
18112068,18,11,2068,Primavera
19112068,19,11,2068,Primavera
20112068,20,11,2068,Primavera
21112068,21,11,2068,Primavera
22112068,22,11,2068,Primavera
23112068,23,11,2068,Primavera
24112068,24,11,2068,Primavera
25112068,25,11,2068,Primavera
26112068,26,11,2068,Primavera
27112068,27,11,2068,Primavera
28112068,28,11,2068,Primavera
29112068,29,11,2068,Primavera
30112068,30,11,2068,Primavera
1122068,1,12,2068,Verano
2122068,2,12,2068,Verano
3122068,3,12,2068,Verano
4122068,4,12,2068,Verano
5122068,5,12,2068,Verano
6122068,6,12,2068,Verano
7122068,7,12,2068,Verano
8122068,8,12,2068,Verano
9122068,9,12,2068,Verano
10122068,10,12,2068,Verano
11122068,11,12,2068,Verano
12122068,12,12,2068,Verano
13122068,13,12,2068,Verano
14122068,14,12,2068,Verano
15122068,15,12,2068,Verano
16122068,16,12,2068,Verano
17122068,17,12,2068,Verano
18122068,18,12,2068,Verano
19122068,19,12,2068,Verano
20122068,20,12,2068,Verano
21122068,21,12,2068,Verano
22122068,22,12,2068,Verano
23122068,23,12,2068,Verano
24122068,24,12,2068,Verano
25122068,25,12,2068,Verano
26122068,26,12,2068,Verano
27122068,27,12,2068,Verano
28122068,28,12,2068,Verano
29122068,29,12,2068,Verano
30122068,30,12,2068,Verano
31122068,31,12,2068,Verano
1012069,1,1,2069,Verano
2012069,2,1,2069,Verano
3012069,3,1,2069,Verano
4012069,4,1,2069,Verano
5012069,5,1,2069,Verano
6012069,6,1,2069,Verano
7012069,7,1,2069,Verano
8012069,8,1,2069,Verano
9012069,9,1,2069,Verano
10012069,10,1,2069,Verano
11012069,11,1,2069,Verano
12012069,12,1,2069,Verano
13012069,13,1,2069,Verano
14012069,14,1,2069,Verano
15012069,15,1,2069,Verano
16012069,16,1,2069,Verano
17012069,17,1,2069,Verano
18012069,18,1,2069,Verano
19012069,19,1,2069,Verano
20012069,20,1,2069,Verano
21012069,21,1,2069,Verano
22012069,22,1,2069,Verano
23012069,23,1,2069,Verano
24012069,24,1,2069,Verano
25012069,25,1,2069,Verano
26012069,26,1,2069,Verano
27012069,27,1,2069,Verano
28012069,28,1,2069,Verano
29012069,29,1,2069,Verano
30012069,30,1,2069,Verano
31012069,31,1,2069,Verano
1022069,1,2,2069,Verano
2022069,2,2,2069,Verano
3022069,3,2,2069,Verano
4022069,4,2,2069,Verano
5022069,5,2,2069,Verano
6022069,6,2,2069,Verano
7022069,7,2,2069,Verano
8022069,8,2,2069,Verano
9022069,9,2,2069,Verano
10022069,10,2,2069,Verano
11022069,11,2,2069,Verano
12022069,12,2,2069,Verano
13022069,13,2,2069,Verano
14022069,14,2,2069,Verano
15022069,15,2,2069,Verano
16022069,16,2,2069,Verano
17022069,17,2,2069,Verano
18022069,18,2,2069,Verano
19022069,19,2,2069,Verano
20022069,20,2,2069,Verano
21022069,21,2,2069,Verano
22022069,22,2,2069,Verano
23022069,23,2,2069,Verano
24022069,24,2,2069,Verano
25022069,25,2,2069,Verano
26022069,26,2,2069,Verano
27022069,27,2,2069,Verano
28022069,28,2,2069,Verano
1032069,1,3,2069,Otoño
2032069,2,3,2069,Otoño
3032069,3,3,2069,Otoño
4032069,4,3,2069,Otoño
5032069,5,3,2069,Otoño
6032069,6,3,2069,Otoño
7032069,7,3,2069,Otoño
8032069,8,3,2069,Otoño
9032069,9,3,2069,Otoño
10032069,10,3,2069,Otoño
11032069,11,3,2069,Otoño
12032069,12,3,2069,Otoño
13032069,13,3,2069,Otoño
14032069,14,3,2069,Otoño
15032069,15,3,2069,Otoño
16032069,16,3,2069,Otoño
17032069,17,3,2069,Otoño
18032069,18,3,2069,Otoño
19032069,19,3,2069,Otoño
20032069,20,3,2069,Otoño
21032069,21,3,2069,Otoño
22032069,22,3,2069,Otoño
23032069,23,3,2069,Otoño
24032069,24,3,2069,Otoño
25032069,25,3,2069,Otoño
26032069,26,3,2069,Otoño
27032069,27,3,2069,Otoño
28032069,28,3,2069,Otoño
29032069,29,3,2069,Otoño
30032069,30,3,2069,Otoño
31032069,31,3,2069,Otoño
1042069,1,4,2069,Otoño
2042069,2,4,2069,Otoño
3042069,3,4,2069,Otoño
4042069,4,4,2069,Otoño
5042069,5,4,2069,Otoño
6042069,6,4,2069,Otoño
7042069,7,4,2069,Otoño
8042069,8,4,2069,Otoño
9042069,9,4,2069,Otoño
10042069,10,4,2069,Otoño
11042069,11,4,2069,Otoño
12042069,12,4,2069,Otoño
13042069,13,4,2069,Otoño
14042069,14,4,2069,Otoño
15042069,15,4,2069,Otoño
16042069,16,4,2069,Otoño
17042069,17,4,2069,Otoño
18042069,18,4,2069,Otoño
19042069,19,4,2069,Otoño
20042069,20,4,2069,Otoño
21042069,21,4,2069,Otoño
22042069,22,4,2069,Otoño
23042069,23,4,2069,Otoño
24042069,24,4,2069,Otoño
25042069,25,4,2069,Otoño
26042069,26,4,2069,Otoño
27042069,27,4,2069,Otoño
28042069,28,4,2069,Otoño
29042069,29,4,2069,Otoño
30042069,30,4,2069,Otoño
1052069,1,5,2069,Otoño
2052069,2,5,2069,Otoño
3052069,3,5,2069,Otoño
4052069,4,5,2069,Otoño
5052069,5,5,2069,Otoño
6052069,6,5,2069,Otoño
7052069,7,5,2069,Otoño
8052069,8,5,2069,Otoño
9052069,9,5,2069,Otoño
10052069,10,5,2069,Otoño
11052069,11,5,2069,Otoño
12052069,12,5,2069,Otoño
13052069,13,5,2069,Otoño
14052069,14,5,2069,Otoño
15052069,15,5,2069,Otoño
16052069,16,5,2069,Otoño
17052069,17,5,2069,Otoño
18052069,18,5,2069,Otoño
19052069,19,5,2069,Otoño
20052069,20,5,2069,Otoño
21052069,21,5,2069,Otoño
22052069,22,5,2069,Otoño
23052069,23,5,2069,Otoño
24052069,24,5,2069,Otoño
25052069,25,5,2069,Otoño
26052069,26,5,2069,Otoño
27052069,27,5,2069,Otoño
28052069,28,5,2069,Otoño
29052069,29,5,2069,Otoño
30052069,30,5,2069,Otoño
31052069,31,5,2069,Otoño
1062069,1,6,2069,Invierno
2062069,2,6,2069,Invierno
3062069,3,6,2069,Invierno
4062069,4,6,2069,Invierno
5062069,5,6,2069,Invierno
6062069,6,6,2069,Invierno
7062069,7,6,2069,Invierno
8062069,8,6,2069,Invierno
9062069,9,6,2069,Invierno
10062069,10,6,2069,Invierno
11062069,11,6,2069,Invierno
12062069,12,6,2069,Invierno
13062069,13,6,2069,Invierno
14062069,14,6,2069,Invierno
15062069,15,6,2069,Invierno
16062069,16,6,2069,Invierno
17062069,17,6,2069,Invierno
18062069,18,6,2069,Invierno
19062069,19,6,2069,Invierno
20062069,20,6,2069,Invierno
21062069,21,6,2069,Invierno
22062069,22,6,2069,Invierno
23062069,23,6,2069,Invierno
24062069,24,6,2069,Invierno
25062069,25,6,2069,Invierno
26062069,26,6,2069,Invierno
27062069,27,6,2069,Invierno
28062069,28,6,2069,Invierno
29062069,29,6,2069,Invierno
30062069,30,6,2069,Invierno
1072069,1,7,2069,Invierno
2072069,2,7,2069,Invierno
3072069,3,7,2069,Invierno
4072069,4,7,2069,Invierno
5072069,5,7,2069,Invierno
6072069,6,7,2069,Invierno
7072069,7,7,2069,Invierno
8072069,8,7,2069,Invierno
9072069,9,7,2069,Invierno
10072069,10,7,2069,Invierno
11072069,11,7,2069,Invierno
12072069,12,7,2069,Invierno
13072069,13,7,2069,Invierno
14072069,14,7,2069,Invierno
15072069,15,7,2069,Invierno
16072069,16,7,2069,Invierno
17072069,17,7,2069,Invierno
18072069,18,7,2069,Invierno
19072069,19,7,2069,Invierno
20072069,20,7,2069,Invierno
21072069,21,7,2069,Invierno
22072069,22,7,2069,Invierno
23072069,23,7,2069,Invierno
24072069,24,7,2069,Invierno
25072069,25,7,2069,Invierno
26072069,26,7,2069,Invierno
27072069,27,7,2069,Invierno
28072069,28,7,2069,Invierno
29072069,29,7,2069,Invierno
30072069,30,7,2069,Invierno
31072069,31,7,2069,Invierno
1082069,1,8,2069,Invierno
2082069,2,8,2069,Invierno
3082069,3,8,2069,Invierno
4082069,4,8,2069,Invierno
5082069,5,8,2069,Invierno
6082069,6,8,2069,Invierno
7082069,7,8,2069,Invierno
8082069,8,8,2069,Invierno
9082069,9,8,2069,Invierno
10082069,10,8,2069,Invierno
11082069,11,8,2069,Invierno
12082069,12,8,2069,Invierno
13082069,13,8,2069,Invierno
14082069,14,8,2069,Invierno
15082069,15,8,2069,Invierno
16082069,16,8,2069,Invierno
17082069,17,8,2069,Invierno
18082069,18,8,2069,Invierno
19082069,19,8,2069,Invierno
20082069,20,8,2069,Invierno
21082069,21,8,2069,Invierno
22082069,22,8,2069,Invierno
23082069,23,8,2069,Invierno
24082069,24,8,2069,Invierno
25082069,25,8,2069,Invierno
26082069,26,8,2069,Invierno
27082069,27,8,2069,Invierno
28082069,28,8,2069,Invierno
29082069,29,8,2069,Invierno
30082069,30,8,2069,Invierno
31082069,31,8,2069,Invierno
1092069,1,9,2069,Primavera
2092069,2,9,2069,Primavera
3092069,3,9,2069,Primavera
4092069,4,9,2069,Primavera
5092069,5,9,2069,Primavera
6092069,6,9,2069,Primavera
7092069,7,9,2069,Primavera
8092069,8,9,2069,Primavera
9092069,9,9,2069,Primavera
10092069,10,9,2069,Primavera
11092069,11,9,2069,Primavera
12092069,12,9,2069,Primavera
13092069,13,9,2069,Primavera
14092069,14,9,2069,Primavera
15092069,15,9,2069,Primavera
16092069,16,9,2069,Primavera
17092069,17,9,2069,Primavera
18092069,18,9,2069,Primavera
19092069,19,9,2069,Primavera
20092069,20,9,2069,Primavera
21092069,21,9,2069,Primavera
22092069,22,9,2069,Primavera
23092069,23,9,2069,Primavera
24092069,24,9,2069,Primavera
25092069,25,9,2069,Primavera
26092069,26,9,2069,Primavera
27092069,27,9,2069,Primavera
28092069,28,9,2069,Primavera
29092069,29,9,2069,Primavera
30092069,30,9,2069,Primavera
1102069,1,10,2069,Primavera
2102069,2,10,2069,Primavera
3102069,3,10,2069,Primavera
4102069,4,10,2069,Primavera
5102069,5,10,2069,Primavera
6102069,6,10,2069,Primavera
7102069,7,10,2069,Primavera
8102069,8,10,2069,Primavera
9102069,9,10,2069,Primavera
10102069,10,10,2069,Primavera
11102069,11,10,2069,Primavera
12102069,12,10,2069,Primavera
13102069,13,10,2069,Primavera
14102069,14,10,2069,Primavera
15102069,15,10,2069,Primavera
16102069,16,10,2069,Primavera
17102069,17,10,2069,Primavera
18102069,18,10,2069,Primavera
19102069,19,10,2069,Primavera
20102069,20,10,2069,Primavera
21102069,21,10,2069,Primavera
22102069,22,10,2069,Primavera
23102069,23,10,2069,Primavera
24102069,24,10,2069,Primavera
25102069,25,10,2069,Primavera
26102069,26,10,2069,Primavera
27102069,27,10,2069,Primavera
28102069,28,10,2069,Primavera
29102069,29,10,2069,Primavera
30102069,30,10,2069,Primavera
31102069,31,10,2069,Primavera
1112069,1,11,2069,Primavera
2112069,2,11,2069,Primavera
3112069,3,11,2069,Primavera
4112069,4,11,2069,Primavera
5112069,5,11,2069,Primavera
6112069,6,11,2069,Primavera
7112069,7,11,2069,Primavera
8112069,8,11,2069,Primavera
9112069,9,11,2069,Primavera
10112069,10,11,2069,Primavera
11112069,11,11,2069,Primavera
12112069,12,11,2069,Primavera
13112069,13,11,2069,Primavera
14112069,14,11,2069,Primavera
15112069,15,11,2069,Primavera
16112069,16,11,2069,Primavera
17112069,17,11,2069,Primavera
18112069,18,11,2069,Primavera
19112069,19,11,2069,Primavera
20112069,20,11,2069,Primavera
21112069,21,11,2069,Primavera
22112069,22,11,2069,Primavera
23112069,23,11,2069,Primavera
24112069,24,11,2069,Primavera
25112069,25,11,2069,Primavera
26112069,26,11,2069,Primavera
27112069,27,11,2069,Primavera
28112069,28,11,2069,Primavera
29112069,29,11,2069,Primavera
30112069,30,11,2069,Primavera
1122069,1,12,2069,Verano
2122069,2,12,2069,Verano
3122069,3,12,2069,Verano
4122069,4,12,2069,Verano
5122069,5,12,2069,Verano
6122069,6,12,2069,Verano
7122069,7,12,2069,Verano
8122069,8,12,2069,Verano
9122069,9,12,2069,Verano
10122069,10,12,2069,Verano
11122069,11,12,2069,Verano
12122069,12,12,2069,Verano
13122069,13,12,2069,Verano
14122069,14,12,2069,Verano
15122069,15,12,2069,Verano
16122069,16,12,2069,Verano
17122069,17,12,2069,Verano
18122069,18,12,2069,Verano
19122069,19,12,2069,Verano
20122069,20,12,2069,Verano
21122069,21,12,2069,Verano
22122069,22,12,2069,Verano
23122069,23,12,2069,Verano
24122069,24,12,2069,Verano
25122069,25,12,2069,Verano
26122069,26,12,2069,Verano
27122069,27,12,2069,Verano
28122069,28,12,2069,Verano
29122069,29,12,2069,Verano
30122069,30,12,2069,Verano
31122069,31,12,2069,Verano
1012070,1,1,2070,Verano
2012070,2,1,2070,Verano
3012070,3,1,2070,Verano
4012070,4,1,2070,Verano
5012070,5,1,2070,Verano
6012070,6,1,2070,Verano
7012070,7,1,2070,Verano
8012070,8,1,2070,Verano
9012070,9,1,2070,Verano
10012070,10,1,2070,Verano
11012070,11,1,2070,Verano
12012070,12,1,2070,Verano
13012070,13,1,2070,Verano
14012070,14,1,2070,Verano
15012070,15,1,2070,Verano
16012070,16,1,2070,Verano
17012070,17,1,2070,Verano
18012070,18,1,2070,Verano
19012070,19,1,2070,Verano
20012070,20,1,2070,Verano
21012070,21,1,2070,Verano
22012070,22,1,2070,Verano
23012070,23,1,2070,Verano
24012070,24,1,2070,Verano
25012070,25,1,2070,Verano
26012070,26,1,2070,Verano
27012070,27,1,2070,Verano
28012070,28,1,2070,Verano
29012070,29,1,2070,Verano
30012070,30,1,2070,Verano
31012070,31,1,2070,Verano
1022070,1,2,2070,Verano
2022070,2,2,2070,Verano
3022070,3,2,2070,Verano
4022070,4,2,2070,Verano
5022070,5,2,2070,Verano
6022070,6,2,2070,Verano
7022070,7,2,2070,Verano
8022070,8,2,2070,Verano
9022070,9,2,2070,Verano
10022070,10,2,2070,Verano
11022070,11,2,2070,Verano
12022070,12,2,2070,Verano
13022070,13,2,2070,Verano
14022070,14,2,2070,Verano
15022070,15,2,2070,Verano
16022070,16,2,2070,Verano
17022070,17,2,2070,Verano
18022070,18,2,2070,Verano
19022070,19,2,2070,Verano
20022070,20,2,2070,Verano
21022070,21,2,2070,Verano
22022070,22,2,2070,Verano
23022070,23,2,2070,Verano
24022070,24,2,2070,Verano
25022070,25,2,2070,Verano
26022070,26,2,2070,Verano
27022070,27,2,2070,Verano
28022070,28,2,2070,Verano
1032070,1,3,2070,Otoño
2032070,2,3,2070,Otoño
3032070,3,3,2070,Otoño
4032070,4,3,2070,Otoño
5032070,5,3,2070,Otoño
6032070,6,3,2070,Otoño
7032070,7,3,2070,Otoño
8032070,8,3,2070,Otoño
9032070,9,3,2070,Otoño
10032070,10,3,2070,Otoño
11032070,11,3,2070,Otoño
12032070,12,3,2070,Otoño
13032070,13,3,2070,Otoño
14032070,14,3,2070,Otoño
15032070,15,3,2070,Otoño
16032070,16,3,2070,Otoño
17032070,17,3,2070,Otoño
18032070,18,3,2070,Otoño
19032070,19,3,2070,Otoño
20032070,20,3,2070,Otoño
21032070,21,3,2070,Otoño
22032070,22,3,2070,Otoño
23032070,23,3,2070,Otoño
24032070,24,3,2070,Otoño
25032070,25,3,2070,Otoño
26032070,26,3,2070,Otoño
27032070,27,3,2070,Otoño
28032070,28,3,2070,Otoño
29032070,29,3,2070,Otoño
30032070,30,3,2070,Otoño
31032070,31,3,2070,Otoño
1042070,1,4,2070,Otoño
2042070,2,4,2070,Otoño
3042070,3,4,2070,Otoño
4042070,4,4,2070,Otoño
5042070,5,4,2070,Otoño
6042070,6,4,2070,Otoño
7042070,7,4,2070,Otoño
8042070,8,4,2070,Otoño
9042070,9,4,2070,Otoño
10042070,10,4,2070,Otoño
11042070,11,4,2070,Otoño
12042070,12,4,2070,Otoño
13042070,13,4,2070,Otoño
14042070,14,4,2070,Otoño
15042070,15,4,2070,Otoño
16042070,16,4,2070,Otoño
17042070,17,4,2070,Otoño
18042070,18,4,2070,Otoño
19042070,19,4,2070,Otoño
20042070,20,4,2070,Otoño
21042070,21,4,2070,Otoño
22042070,22,4,2070,Otoño
23042070,23,4,2070,Otoño
24042070,24,4,2070,Otoño
25042070,25,4,2070,Otoño
26042070,26,4,2070,Otoño
27042070,27,4,2070,Otoño
28042070,28,4,2070,Otoño
29042070,29,4,2070,Otoño
30042070,30,4,2070,Otoño
1052070,1,5,2070,Otoño
2052070,2,5,2070,Otoño
3052070,3,5,2070,Otoño
4052070,4,5,2070,Otoño
5052070,5,5,2070,Otoño
6052070,6,5,2070,Otoño
7052070,7,5,2070,Otoño
8052070,8,5,2070,Otoño
9052070,9,5,2070,Otoño
10052070,10,5,2070,Otoño
11052070,11,5,2070,Otoño
12052070,12,5,2070,Otoño
13052070,13,5,2070,Otoño
14052070,14,5,2070,Otoño
15052070,15,5,2070,Otoño
16052070,16,5,2070,Otoño
17052070,17,5,2070,Otoño
18052070,18,5,2070,Otoño
19052070,19,5,2070,Otoño
20052070,20,5,2070,Otoño
21052070,21,5,2070,Otoño
22052070,22,5,2070,Otoño
23052070,23,5,2070,Otoño
24052070,24,5,2070,Otoño
25052070,25,5,2070,Otoño
26052070,26,5,2070,Otoño
27052070,27,5,2070,Otoño
28052070,28,5,2070,Otoño
29052070,29,5,2070,Otoño
30052070,30,5,2070,Otoño
31052070,31,5,2070,Otoño
1062070,1,6,2070,Invierno
2062070,2,6,2070,Invierno
3062070,3,6,2070,Invierno
4062070,4,6,2070,Invierno
5062070,5,6,2070,Invierno
6062070,6,6,2070,Invierno
7062070,7,6,2070,Invierno
8062070,8,6,2070,Invierno
9062070,9,6,2070,Invierno
10062070,10,6,2070,Invierno
11062070,11,6,2070,Invierno
12062070,12,6,2070,Invierno
13062070,13,6,2070,Invierno
14062070,14,6,2070,Invierno
15062070,15,6,2070,Invierno
16062070,16,6,2070,Invierno
17062070,17,6,2070,Invierno
18062070,18,6,2070,Invierno
19062070,19,6,2070,Invierno
20062070,20,6,2070,Invierno
21062070,21,6,2070,Invierno
22062070,22,6,2070,Invierno
23062070,23,6,2070,Invierno
24062070,24,6,2070,Invierno
25062070,25,6,2070,Invierno
26062070,26,6,2070,Invierno
27062070,27,6,2070,Invierno
28062070,28,6,2070,Invierno
29062070,29,6,2070,Invierno
30062070,30,6,2070,Invierno
1072070,1,7,2070,Invierno
2072070,2,7,2070,Invierno
3072070,3,7,2070,Invierno
4072070,4,7,2070,Invierno
5072070,5,7,2070,Invierno
6072070,6,7,2070,Invierno
7072070,7,7,2070,Invierno
8072070,8,7,2070,Invierno
9072070,9,7,2070,Invierno
10072070,10,7,2070,Invierno
11072070,11,7,2070,Invierno
12072070,12,7,2070,Invierno
13072070,13,7,2070,Invierno
14072070,14,7,2070,Invierno
15072070,15,7,2070,Invierno
16072070,16,7,2070,Invierno
17072070,17,7,2070,Invierno
18072070,18,7,2070,Invierno
19072070,19,7,2070,Invierno
20072070,20,7,2070,Invierno
21072070,21,7,2070,Invierno
22072070,22,7,2070,Invierno
23072070,23,7,2070,Invierno
24072070,24,7,2070,Invierno
25072070,25,7,2070,Invierno
26072070,26,7,2070,Invierno
27072070,27,7,2070,Invierno
28072070,28,7,2070,Invierno
29072070,29,7,2070,Invierno
30072070,30,7,2070,Invierno
31072070,31,7,2070,Invierno
1082070,1,8,2070,Invierno
2082070,2,8,2070,Invierno
3082070,3,8,2070,Invierno
4082070,4,8,2070,Invierno
5082070,5,8,2070,Invierno
6082070,6,8,2070,Invierno
7082070,7,8,2070,Invierno
8082070,8,8,2070,Invierno
9082070,9,8,2070,Invierno
10082070,10,8,2070,Invierno
11082070,11,8,2070,Invierno
12082070,12,8,2070,Invierno
13082070,13,8,2070,Invierno
14082070,14,8,2070,Invierno
15082070,15,8,2070,Invierno
16082070,16,8,2070,Invierno
17082070,17,8,2070,Invierno
18082070,18,8,2070,Invierno
19082070,19,8,2070,Invierno
20082070,20,8,2070,Invierno
21082070,21,8,2070,Invierno
22082070,22,8,2070,Invierno
23082070,23,8,2070,Invierno
24082070,24,8,2070,Invierno
25082070,25,8,2070,Invierno
26082070,26,8,2070,Invierno
27082070,27,8,2070,Invierno
28082070,28,8,2070,Invierno
29082070,29,8,2070,Invierno
30082070,30,8,2070,Invierno
31082070,31,8,2070,Invierno
1092070,1,9,2070,Primavera
2092070,2,9,2070,Primavera
3092070,3,9,2070,Primavera
4092070,4,9,2070,Primavera
5092070,5,9,2070,Primavera
6092070,6,9,2070,Primavera
7092070,7,9,2070,Primavera
8092070,8,9,2070,Primavera
9092070,9,9,2070,Primavera
10092070,10,9,2070,Primavera
11092070,11,9,2070,Primavera
12092070,12,9,2070,Primavera
13092070,13,9,2070,Primavera
14092070,14,9,2070,Primavera
15092070,15,9,2070,Primavera
16092070,16,9,2070,Primavera
17092070,17,9,2070,Primavera
18092070,18,9,2070,Primavera
19092070,19,9,2070,Primavera
20092070,20,9,2070,Primavera
21092070,21,9,2070,Primavera
22092070,22,9,2070,Primavera
23092070,23,9,2070,Primavera
24092070,24,9,2070,Primavera
25092070,25,9,2070,Primavera
26092070,26,9,2070,Primavera
27092070,27,9,2070,Primavera
28092070,28,9,2070,Primavera
29092070,29,9,2070,Primavera
30092070,30,9,2070,Primavera
1102070,1,10,2070,Primavera
2102070,2,10,2070,Primavera
3102070,3,10,2070,Primavera
4102070,4,10,2070,Primavera
5102070,5,10,2070,Primavera
6102070,6,10,2070,Primavera
7102070,7,10,2070,Primavera
8102070,8,10,2070,Primavera
9102070,9,10,2070,Primavera
10102070,10,10,2070,Primavera
11102070,11,10,2070,Primavera
12102070,12,10,2070,Primavera
13102070,13,10,2070,Primavera
14102070,14,10,2070,Primavera
15102070,15,10,2070,Primavera
16102070,16,10,2070,Primavera
17102070,17,10,2070,Primavera
18102070,18,10,2070,Primavera
19102070,19,10,2070,Primavera
20102070,20,10,2070,Primavera
21102070,21,10,2070,Primavera
22102070,22,10,2070,Primavera
23102070,23,10,2070,Primavera
24102070,24,10,2070,Primavera
25102070,25,10,2070,Primavera
26102070,26,10,2070,Primavera
27102070,27,10,2070,Primavera
28102070,28,10,2070,Primavera
29102070,29,10,2070,Primavera
30102070,30,10,2070,Primavera
31102070,31,10,2070,Primavera
1112070,1,11,2070,Primavera
2112070,2,11,2070,Primavera
3112070,3,11,2070,Primavera
4112070,4,11,2070,Primavera
5112070,5,11,2070,Primavera
6112070,6,11,2070,Primavera
7112070,7,11,2070,Primavera
8112070,8,11,2070,Primavera
9112070,9,11,2070,Primavera
10112070,10,11,2070,Primavera
11112070,11,11,2070,Primavera
12112070,12,11,2070,Primavera
13112070,13,11,2070,Primavera
14112070,14,11,2070,Primavera
15112070,15,11,2070,Primavera
16112070,16,11,2070,Primavera
17112070,17,11,2070,Primavera
18112070,18,11,2070,Primavera
19112070,19,11,2070,Primavera
20112070,20,11,2070,Primavera
21112070,21,11,2070,Primavera
22112070,22,11,2070,Primavera
23112070,23,11,2070,Primavera
24112070,24,11,2070,Primavera
25112070,25,11,2070,Primavera
26112070,26,11,2070,Primavera
27112070,27,11,2070,Primavera
28112070,28,11,2070,Primavera
29112070,29,11,2070,Primavera
30112070,30,11,2070,Primavera
1122070,1,12,2070,Verano
2122070,2,12,2070,Verano
3122070,3,12,2070,Verano
4122070,4,12,2070,Verano
5122070,5,12,2070,Verano
6122070,6,12,2070,Verano
7122070,7,12,2070,Verano
8122070,8,12,2070,Verano
9122070,9,12,2070,Verano
10122070,10,12,2070,Verano
11122070,11,12,2070,Verano
12122070,12,12,2070,Verano
13122070,13,12,2070,Verano
14122070,14,12,2070,Verano
15122070,15,12,2070,Verano
16122070,16,12,2070,Verano
17122070,17,12,2070,Verano
18122070,18,12,2070,Verano
19122070,19,12,2070,Verano
20122070,20,12,2070,Verano
21122070,21,12,2070,Verano
22122070,22,12,2070,Verano
23122070,23,12,2070,Verano
24122070,24,12,2070,Verano
25122070,25,12,2070,Verano
26122070,26,12,2070,Verano
27122070,27,12,2070,Verano
28122070,28,12,2070,Verano
29122070,29,12,2070,Verano
30122070,30,12,2070,Verano
31122070,31,12,2070,Verano
1012071,1,1,2071,Verano
2012071,2,1,2071,Verano
3012071,3,1,2071,Verano
4012071,4,1,2071,Verano
5012071,5,1,2071,Verano
6012071,6,1,2071,Verano
7012071,7,1,2071,Verano
8012071,8,1,2071,Verano
9012071,9,1,2071,Verano
10012071,10,1,2071,Verano
11012071,11,1,2071,Verano
12012071,12,1,2071,Verano
13012071,13,1,2071,Verano
14012071,14,1,2071,Verano
15012071,15,1,2071,Verano
16012071,16,1,2071,Verano
17012071,17,1,2071,Verano
18012071,18,1,2071,Verano
19012071,19,1,2071,Verano
20012071,20,1,2071,Verano
21012071,21,1,2071,Verano
22012071,22,1,2071,Verano
23012071,23,1,2071,Verano
24012071,24,1,2071,Verano
25012071,25,1,2071,Verano
26012071,26,1,2071,Verano
27012071,27,1,2071,Verano
28012071,28,1,2071,Verano
29012071,29,1,2071,Verano
30012071,30,1,2071,Verano
31012071,31,1,2071,Verano
1022071,1,2,2071,Verano
2022071,2,2,2071,Verano
3022071,3,2,2071,Verano
4022071,4,2,2071,Verano
5022071,5,2,2071,Verano
6022071,6,2,2071,Verano
7022071,7,2,2071,Verano
8022071,8,2,2071,Verano
9022071,9,2,2071,Verano
10022071,10,2,2071,Verano
11022071,11,2,2071,Verano
12022071,12,2,2071,Verano
13022071,13,2,2071,Verano
14022071,14,2,2071,Verano
15022071,15,2,2071,Verano
16022071,16,2,2071,Verano
17022071,17,2,2071,Verano
18022071,18,2,2071,Verano
19022071,19,2,2071,Verano
20022071,20,2,2071,Verano
21022071,21,2,2071,Verano
22022071,22,2,2071,Verano
23022071,23,2,2071,Verano
24022071,24,2,2071,Verano
25022071,25,2,2071,Verano
26022071,26,2,2071,Verano
27022071,27,2,2071,Verano
28022071,28,2,2071,Verano
1032071,1,3,2071,Otoño
2032071,2,3,2071,Otoño
3032071,3,3,2071,Otoño
4032071,4,3,2071,Otoño
5032071,5,3,2071,Otoño
6032071,6,3,2071,Otoño
7032071,7,3,2071,Otoño
8032071,8,3,2071,Otoño
9032071,9,3,2071,Otoño
10032071,10,3,2071,Otoño
11032071,11,3,2071,Otoño
12032071,12,3,2071,Otoño
13032071,13,3,2071,Otoño
14032071,14,3,2071,Otoño
15032071,15,3,2071,Otoño
16032071,16,3,2071,Otoño
17032071,17,3,2071,Otoño
18032071,18,3,2071,Otoño
19032071,19,3,2071,Otoño
20032071,20,3,2071,Otoño
21032071,21,3,2071,Otoño
22032071,22,3,2071,Otoño
23032071,23,3,2071,Otoño
24032071,24,3,2071,Otoño
25032071,25,3,2071,Otoño
26032071,26,3,2071,Otoño
27032071,27,3,2071,Otoño
28032071,28,3,2071,Otoño
29032071,29,3,2071,Otoño
30032071,30,3,2071,Otoño
31032071,31,3,2071,Otoño
1042071,1,4,2071,Otoño
2042071,2,4,2071,Otoño
3042071,3,4,2071,Otoño
4042071,4,4,2071,Otoño
5042071,5,4,2071,Otoño
6042071,6,4,2071,Otoño
7042071,7,4,2071,Otoño
8042071,8,4,2071,Otoño
9042071,9,4,2071,Otoño
10042071,10,4,2071,Otoño
11042071,11,4,2071,Otoño
12042071,12,4,2071,Otoño
13042071,13,4,2071,Otoño
14042071,14,4,2071,Otoño
15042071,15,4,2071,Otoño
16042071,16,4,2071,Otoño
17042071,17,4,2071,Otoño
18042071,18,4,2071,Otoño
19042071,19,4,2071,Otoño
20042071,20,4,2071,Otoño
21042071,21,4,2071,Otoño
22042071,22,4,2071,Otoño
23042071,23,4,2071,Otoño
24042071,24,4,2071,Otoño
25042071,25,4,2071,Otoño
26042071,26,4,2071,Otoño
27042071,27,4,2071,Otoño
28042071,28,4,2071,Otoño
29042071,29,4,2071,Otoño
30042071,30,4,2071,Otoño
1052071,1,5,2071,Otoño
2052071,2,5,2071,Otoño
3052071,3,5,2071,Otoño
4052071,4,5,2071,Otoño
5052071,5,5,2071,Otoño
6052071,6,5,2071,Otoño
7052071,7,5,2071,Otoño
8052071,8,5,2071,Otoño
9052071,9,5,2071,Otoño
10052071,10,5,2071,Otoño
11052071,11,5,2071,Otoño
12052071,12,5,2071,Otoño
13052071,13,5,2071,Otoño
14052071,14,5,2071,Otoño
15052071,15,5,2071,Otoño
16052071,16,5,2071,Otoño
17052071,17,5,2071,Otoño
18052071,18,5,2071,Otoño
19052071,19,5,2071,Otoño
20052071,20,5,2071,Otoño
21052071,21,5,2071,Otoño
22052071,22,5,2071,Otoño
23052071,23,5,2071,Otoño
24052071,24,5,2071,Otoño
25052071,25,5,2071,Otoño
26052071,26,5,2071,Otoño
27052071,27,5,2071,Otoño
28052071,28,5,2071,Otoño
29052071,29,5,2071,Otoño
30052071,30,5,2071,Otoño
31052071,31,5,2071,Otoño
1062071,1,6,2071,Invierno
2062071,2,6,2071,Invierno
3062071,3,6,2071,Invierno
4062071,4,6,2071,Invierno
5062071,5,6,2071,Invierno
6062071,6,6,2071,Invierno
7062071,7,6,2071,Invierno
8062071,8,6,2071,Invierno
9062071,9,6,2071,Invierno
10062071,10,6,2071,Invierno
11062071,11,6,2071,Invierno
12062071,12,6,2071,Invierno
13062071,13,6,2071,Invierno
14062071,14,6,2071,Invierno
15062071,15,6,2071,Invierno
16062071,16,6,2071,Invierno
17062071,17,6,2071,Invierno
18062071,18,6,2071,Invierno
19062071,19,6,2071,Invierno
20062071,20,6,2071,Invierno
21062071,21,6,2071,Invierno
22062071,22,6,2071,Invierno
23062071,23,6,2071,Invierno
24062071,24,6,2071,Invierno
25062071,25,6,2071,Invierno
26062071,26,6,2071,Invierno
27062071,27,6,2071,Invierno
28062071,28,6,2071,Invierno
29062071,29,6,2071,Invierno
30062071,30,6,2071,Invierno
1072071,1,7,2071,Invierno
2072071,2,7,2071,Invierno
3072071,3,7,2071,Invierno
4072071,4,7,2071,Invierno
5072071,5,7,2071,Invierno
6072071,6,7,2071,Invierno
7072071,7,7,2071,Invierno
8072071,8,7,2071,Invierno
9072071,9,7,2071,Invierno
10072071,10,7,2071,Invierno
11072071,11,7,2071,Invierno
12072071,12,7,2071,Invierno
13072071,13,7,2071,Invierno
14072071,14,7,2071,Invierno
15072071,15,7,2071,Invierno
16072071,16,7,2071,Invierno
17072071,17,7,2071,Invierno
18072071,18,7,2071,Invierno
19072071,19,7,2071,Invierno
20072071,20,7,2071,Invierno
21072071,21,7,2071,Invierno
22072071,22,7,2071,Invierno
23072071,23,7,2071,Invierno
24072071,24,7,2071,Invierno
25072071,25,7,2071,Invierno
26072071,26,7,2071,Invierno
27072071,27,7,2071,Invierno
28072071,28,7,2071,Invierno
29072071,29,7,2071,Invierno
30072071,30,7,2071,Invierno
31072071,31,7,2071,Invierno
1082071,1,8,2071,Invierno
2082071,2,8,2071,Invierno
3082071,3,8,2071,Invierno
4082071,4,8,2071,Invierno
5082071,5,8,2071,Invierno
6082071,6,8,2071,Invierno
7082071,7,8,2071,Invierno
8082071,8,8,2071,Invierno
9082071,9,8,2071,Invierno
10082071,10,8,2071,Invierno
11082071,11,8,2071,Invierno
12082071,12,8,2071,Invierno
13082071,13,8,2071,Invierno
14082071,14,8,2071,Invierno
15082071,15,8,2071,Invierno
16082071,16,8,2071,Invierno
17082071,17,8,2071,Invierno
18082071,18,8,2071,Invierno
19082071,19,8,2071,Invierno
20082071,20,8,2071,Invierno
21082071,21,8,2071,Invierno
22082071,22,8,2071,Invierno
23082071,23,8,2071,Invierno
24082071,24,8,2071,Invierno
25082071,25,8,2071,Invierno
26082071,26,8,2071,Invierno
27082071,27,8,2071,Invierno
28082071,28,8,2071,Invierno
29082071,29,8,2071,Invierno
30082071,30,8,2071,Invierno
31082071,31,8,2071,Invierno
1092071,1,9,2071,Primavera
2092071,2,9,2071,Primavera
3092071,3,9,2071,Primavera
4092071,4,9,2071,Primavera
5092071,5,9,2071,Primavera
6092071,6,9,2071,Primavera
7092071,7,9,2071,Primavera
8092071,8,9,2071,Primavera
9092071,9,9,2071,Primavera
10092071,10,9,2071,Primavera
11092071,11,9,2071,Primavera
12092071,12,9,2071,Primavera
13092071,13,9,2071,Primavera
14092071,14,9,2071,Primavera
15092071,15,9,2071,Primavera
16092071,16,9,2071,Primavera
17092071,17,9,2071,Primavera
18092071,18,9,2071,Primavera
19092071,19,9,2071,Primavera
20092071,20,9,2071,Primavera
21092071,21,9,2071,Primavera
22092071,22,9,2071,Primavera
23092071,23,9,2071,Primavera
24092071,24,9,2071,Primavera
25092071,25,9,2071,Primavera
26092071,26,9,2071,Primavera
27092071,27,9,2071,Primavera
28092071,28,9,2071,Primavera
29092071,29,9,2071,Primavera
30092071,30,9,2071,Primavera
1102071,1,10,2071,Primavera
2102071,2,10,2071,Primavera
3102071,3,10,2071,Primavera
4102071,4,10,2071,Primavera
5102071,5,10,2071,Primavera
6102071,6,10,2071,Primavera
7102071,7,10,2071,Primavera
8102071,8,10,2071,Primavera
9102071,9,10,2071,Primavera
10102071,10,10,2071,Primavera
11102071,11,10,2071,Primavera
12102071,12,10,2071,Primavera
13102071,13,10,2071,Primavera
14102071,14,10,2071,Primavera
15102071,15,10,2071,Primavera
16102071,16,10,2071,Primavera
17102071,17,10,2071,Primavera
18102071,18,10,2071,Primavera
19102071,19,10,2071,Primavera
20102071,20,10,2071,Primavera
21102071,21,10,2071,Primavera
22102071,22,10,2071,Primavera
23102071,23,10,2071,Primavera
24102071,24,10,2071,Primavera
25102071,25,10,2071,Primavera
26102071,26,10,2071,Primavera
27102071,27,10,2071,Primavera
28102071,28,10,2071,Primavera
29102071,29,10,2071,Primavera
30102071,30,10,2071,Primavera
31102071,31,10,2071,Primavera
1112071,1,11,2071,Primavera
2112071,2,11,2071,Primavera
3112071,3,11,2071,Primavera
4112071,4,11,2071,Primavera
5112071,5,11,2071,Primavera
6112071,6,11,2071,Primavera
7112071,7,11,2071,Primavera
8112071,8,11,2071,Primavera
9112071,9,11,2071,Primavera
10112071,10,11,2071,Primavera
11112071,11,11,2071,Primavera
12112071,12,11,2071,Primavera
13112071,13,11,2071,Primavera
14112071,14,11,2071,Primavera
15112071,15,11,2071,Primavera
16112071,16,11,2071,Primavera
17112071,17,11,2071,Primavera
18112071,18,11,2071,Primavera
19112071,19,11,2071,Primavera
20112071,20,11,2071,Primavera
21112071,21,11,2071,Primavera
22112071,22,11,2071,Primavera
23112071,23,11,2071,Primavera
24112071,24,11,2071,Primavera
25112071,25,11,2071,Primavera
26112071,26,11,2071,Primavera
27112071,27,11,2071,Primavera
28112071,28,11,2071,Primavera
29112071,29,11,2071,Primavera
30112071,30,11,2071,Primavera
1122071,1,12,2071,Verano
2122071,2,12,2071,Verano
3122071,3,12,2071,Verano
4122071,4,12,2071,Verano
5122071,5,12,2071,Verano
6122071,6,12,2071,Verano
7122071,7,12,2071,Verano
8122071,8,12,2071,Verano
9122071,9,12,2071,Verano
10122071,10,12,2071,Verano
11122071,11,12,2071,Verano
12122071,12,12,2071,Verano
13122071,13,12,2071,Verano
14122071,14,12,2071,Verano
15122071,15,12,2071,Verano
16122071,16,12,2071,Verano
17122071,17,12,2071,Verano
18122071,18,12,2071,Verano
19122071,19,12,2071,Verano
20122071,20,12,2071,Verano
21122071,21,12,2071,Verano
22122071,22,12,2071,Verano
23122071,23,12,2071,Verano
24122071,24,12,2071,Verano
25122071,25,12,2071,Verano
26122071,26,12,2071,Verano
27122071,27,12,2071,Verano
28122071,28,12,2071,Verano
29122071,29,12,2071,Verano
30122071,30,12,2071,Verano
31122071,31,12,2071,Verano
1012072,1,1,2072,Verano
2012072,2,1,2072,Verano
3012072,3,1,2072,Verano
4012072,4,1,2072,Verano
5012072,5,1,2072,Verano
6012072,6,1,2072,Verano
7012072,7,1,2072,Verano
8012072,8,1,2072,Verano
9012072,9,1,2072,Verano
10012072,10,1,2072,Verano
11012072,11,1,2072,Verano
12012072,12,1,2072,Verano
13012072,13,1,2072,Verano
14012072,14,1,2072,Verano
15012072,15,1,2072,Verano
16012072,16,1,2072,Verano
17012072,17,1,2072,Verano
18012072,18,1,2072,Verano
19012072,19,1,2072,Verano
20012072,20,1,2072,Verano
21012072,21,1,2072,Verano
22012072,22,1,2072,Verano
23012072,23,1,2072,Verano
24012072,24,1,2072,Verano
25012072,25,1,2072,Verano
26012072,26,1,2072,Verano
27012072,27,1,2072,Verano
28012072,28,1,2072,Verano
29012072,29,1,2072,Verano
30012072,30,1,2072,Verano
31012072,31,1,2072,Verano
1022072,1,2,2072,Verano
2022072,2,2,2072,Verano
3022072,3,2,2072,Verano
4022072,4,2,2072,Verano
5022072,5,2,2072,Verano
6022072,6,2,2072,Verano
7022072,7,2,2072,Verano
8022072,8,2,2072,Verano
9022072,9,2,2072,Verano
10022072,10,2,2072,Verano
11022072,11,2,2072,Verano
12022072,12,2,2072,Verano
13022072,13,2,2072,Verano
14022072,14,2,2072,Verano
15022072,15,2,2072,Verano
16022072,16,2,2072,Verano
17022072,17,2,2072,Verano
18022072,18,2,2072,Verano
19022072,19,2,2072,Verano
20022072,20,2,2072,Verano
21022072,21,2,2072,Verano
22022072,22,2,2072,Verano
23022072,23,2,2072,Verano
24022072,24,2,2072,Verano
25022072,25,2,2072,Verano
26022072,26,2,2072,Verano
27022072,27,2,2072,Verano
28022072,28,2,2072,Verano
29022072,29,2,2072,Verano
1032072,1,3,2072,Otoño
2032072,2,3,2072,Otoño
3032072,3,3,2072,Otoño
4032072,4,3,2072,Otoño
5032072,5,3,2072,Otoño
6032072,6,3,2072,Otoño
7032072,7,3,2072,Otoño
8032072,8,3,2072,Otoño
9032072,9,3,2072,Otoño
10032072,10,3,2072,Otoño
11032072,11,3,2072,Otoño
12032072,12,3,2072,Otoño
13032072,13,3,2072,Otoño
14032072,14,3,2072,Otoño
15032072,15,3,2072,Otoño
16032072,16,3,2072,Otoño
17032072,17,3,2072,Otoño
18032072,18,3,2072,Otoño
19032072,19,3,2072,Otoño
20032072,20,3,2072,Otoño
21032072,21,3,2072,Otoño
22032072,22,3,2072,Otoño
23032072,23,3,2072,Otoño
24032072,24,3,2072,Otoño
25032072,25,3,2072,Otoño
26032072,26,3,2072,Otoño
27032072,27,3,2072,Otoño
28032072,28,3,2072,Otoño
29032072,29,3,2072,Otoño
30032072,30,3,2072,Otoño
31032072,31,3,2072,Otoño
1042072,1,4,2072,Otoño
2042072,2,4,2072,Otoño
3042072,3,4,2072,Otoño
4042072,4,4,2072,Otoño
5042072,5,4,2072,Otoño
6042072,6,4,2072,Otoño
7042072,7,4,2072,Otoño
8042072,8,4,2072,Otoño
9042072,9,4,2072,Otoño
10042072,10,4,2072,Otoño
11042072,11,4,2072,Otoño
12042072,12,4,2072,Otoño
13042072,13,4,2072,Otoño
14042072,14,4,2072,Otoño
15042072,15,4,2072,Otoño
16042072,16,4,2072,Otoño
17042072,17,4,2072,Otoño
18042072,18,4,2072,Otoño
19042072,19,4,2072,Otoño
20042072,20,4,2072,Otoño
21042072,21,4,2072,Otoño
22042072,22,4,2072,Otoño
23042072,23,4,2072,Otoño
24042072,24,4,2072,Otoño
25042072,25,4,2072,Otoño
26042072,26,4,2072,Otoño
27042072,27,4,2072,Otoño
28042072,28,4,2072,Otoño
29042072,29,4,2072,Otoño
30042072,30,4,2072,Otoño
1052072,1,5,2072,Otoño
2052072,2,5,2072,Otoño
3052072,3,5,2072,Otoño
4052072,4,5,2072,Otoño
5052072,5,5,2072,Otoño
6052072,6,5,2072,Otoño
7052072,7,5,2072,Otoño
8052072,8,5,2072,Otoño
9052072,9,5,2072,Otoño
10052072,10,5,2072,Otoño
11052072,11,5,2072,Otoño
12052072,12,5,2072,Otoño
13052072,13,5,2072,Otoño
14052072,14,5,2072,Otoño
15052072,15,5,2072,Otoño
16052072,16,5,2072,Otoño
17052072,17,5,2072,Otoño
18052072,18,5,2072,Otoño
19052072,19,5,2072,Otoño
20052072,20,5,2072,Otoño
21052072,21,5,2072,Otoño
22052072,22,5,2072,Otoño
23052072,23,5,2072,Otoño
24052072,24,5,2072,Otoño
25052072,25,5,2072,Otoño
26052072,26,5,2072,Otoño
27052072,27,5,2072,Otoño
28052072,28,5,2072,Otoño
29052072,29,5,2072,Otoño
30052072,30,5,2072,Otoño
31052072,31,5,2072,Otoño
1062072,1,6,2072,Invierno
2062072,2,6,2072,Invierno
3062072,3,6,2072,Invierno
4062072,4,6,2072,Invierno
5062072,5,6,2072,Invierno
6062072,6,6,2072,Invierno
7062072,7,6,2072,Invierno
8062072,8,6,2072,Invierno
9062072,9,6,2072,Invierno
10062072,10,6,2072,Invierno
11062072,11,6,2072,Invierno
12062072,12,6,2072,Invierno
13062072,13,6,2072,Invierno
14062072,14,6,2072,Invierno
15062072,15,6,2072,Invierno
16062072,16,6,2072,Invierno
17062072,17,6,2072,Invierno
18062072,18,6,2072,Invierno
19062072,19,6,2072,Invierno
20062072,20,6,2072,Invierno
21062072,21,6,2072,Invierno
22062072,22,6,2072,Invierno
23062072,23,6,2072,Invierno
24062072,24,6,2072,Invierno
25062072,25,6,2072,Invierno
26062072,26,6,2072,Invierno
27062072,27,6,2072,Invierno
28062072,28,6,2072,Invierno
29062072,29,6,2072,Invierno
30062072,30,6,2072,Invierno
1072072,1,7,2072,Invierno
2072072,2,7,2072,Invierno
3072072,3,7,2072,Invierno
4072072,4,7,2072,Invierno
5072072,5,7,2072,Invierno
6072072,6,7,2072,Invierno
7072072,7,7,2072,Invierno
8072072,8,7,2072,Invierno
9072072,9,7,2072,Invierno
10072072,10,7,2072,Invierno
11072072,11,7,2072,Invierno
12072072,12,7,2072,Invierno
13072072,13,7,2072,Invierno
14072072,14,7,2072,Invierno
15072072,15,7,2072,Invierno
16072072,16,7,2072,Invierno
17072072,17,7,2072,Invierno
18072072,18,7,2072,Invierno
19072072,19,7,2072,Invierno
20072072,20,7,2072,Invierno
21072072,21,7,2072,Invierno
22072072,22,7,2072,Invierno
23072072,23,7,2072,Invierno
24072072,24,7,2072,Invierno
25072072,25,7,2072,Invierno
26072072,26,7,2072,Invierno
27072072,27,7,2072,Invierno
28072072,28,7,2072,Invierno
29072072,29,7,2072,Invierno
30072072,30,7,2072,Invierno
31072072,31,7,2072,Invierno
1082072,1,8,2072,Invierno
2082072,2,8,2072,Invierno
3082072,3,8,2072,Invierno
4082072,4,8,2072,Invierno
5082072,5,8,2072,Invierno
6082072,6,8,2072,Invierno
7082072,7,8,2072,Invierno
8082072,8,8,2072,Invierno
9082072,9,8,2072,Invierno
10082072,10,8,2072,Invierno
11082072,11,8,2072,Invierno
12082072,12,8,2072,Invierno
13082072,13,8,2072,Invierno
14082072,14,8,2072,Invierno
15082072,15,8,2072,Invierno
16082072,16,8,2072,Invierno
17082072,17,8,2072,Invierno
18082072,18,8,2072,Invierno
19082072,19,8,2072,Invierno
20082072,20,8,2072,Invierno
21082072,21,8,2072,Invierno
22082072,22,8,2072,Invierno
23082072,23,8,2072,Invierno
24082072,24,8,2072,Invierno
25082072,25,8,2072,Invierno
26082072,26,8,2072,Invierno
27082072,27,8,2072,Invierno
28082072,28,8,2072,Invierno
29082072,29,8,2072,Invierno
30082072,30,8,2072,Invierno
31082072,31,8,2072,Invierno
1092072,1,9,2072,Primavera
2092072,2,9,2072,Primavera
3092072,3,9,2072,Primavera
4092072,4,9,2072,Primavera
5092072,5,9,2072,Primavera
6092072,6,9,2072,Primavera
7092072,7,9,2072,Primavera
8092072,8,9,2072,Primavera
9092072,9,9,2072,Primavera
10092072,10,9,2072,Primavera
11092072,11,9,2072,Primavera
12092072,12,9,2072,Primavera
13092072,13,9,2072,Primavera
14092072,14,9,2072,Primavera
15092072,15,9,2072,Primavera
16092072,16,9,2072,Primavera
17092072,17,9,2072,Primavera
18092072,18,9,2072,Primavera
19092072,19,9,2072,Primavera
20092072,20,9,2072,Primavera
21092072,21,9,2072,Primavera
22092072,22,9,2072,Primavera
23092072,23,9,2072,Primavera
24092072,24,9,2072,Primavera
25092072,25,9,2072,Primavera
26092072,26,9,2072,Primavera
27092072,27,9,2072,Primavera
28092072,28,9,2072,Primavera
29092072,29,9,2072,Primavera
30092072,30,9,2072,Primavera
1102072,1,10,2072,Primavera
2102072,2,10,2072,Primavera
3102072,3,10,2072,Primavera
4102072,4,10,2072,Primavera
5102072,5,10,2072,Primavera
6102072,6,10,2072,Primavera
7102072,7,10,2072,Primavera
8102072,8,10,2072,Primavera
9102072,9,10,2072,Primavera
10102072,10,10,2072,Primavera
11102072,11,10,2072,Primavera
12102072,12,10,2072,Primavera
13102072,13,10,2072,Primavera
14102072,14,10,2072,Primavera
15102072,15,10,2072,Primavera
16102072,16,10,2072,Primavera
17102072,17,10,2072,Primavera
18102072,18,10,2072,Primavera
19102072,19,10,2072,Primavera
20102072,20,10,2072,Primavera
21102072,21,10,2072,Primavera
22102072,22,10,2072,Primavera
23102072,23,10,2072,Primavera
24102072,24,10,2072,Primavera
25102072,25,10,2072,Primavera
26102072,26,10,2072,Primavera
27102072,27,10,2072,Primavera
28102072,28,10,2072,Primavera
29102072,29,10,2072,Primavera
30102072,30,10,2072,Primavera
31102072,31,10,2072,Primavera
1112072,1,11,2072,Primavera
2112072,2,11,2072,Primavera
3112072,3,11,2072,Primavera
4112072,4,11,2072,Primavera
5112072,5,11,2072,Primavera
6112072,6,11,2072,Primavera
7112072,7,11,2072,Primavera
8112072,8,11,2072,Primavera
9112072,9,11,2072,Primavera
10112072,10,11,2072,Primavera
11112072,11,11,2072,Primavera
12112072,12,11,2072,Primavera
13112072,13,11,2072,Primavera
14112072,14,11,2072,Primavera
15112072,15,11,2072,Primavera
16112072,16,11,2072,Primavera
17112072,17,11,2072,Primavera
18112072,18,11,2072,Primavera
19112072,19,11,2072,Primavera
20112072,20,11,2072,Primavera
21112072,21,11,2072,Primavera
22112072,22,11,2072,Primavera
23112072,23,11,2072,Primavera
24112072,24,11,2072,Primavera
25112072,25,11,2072,Primavera
26112072,26,11,2072,Primavera
27112072,27,11,2072,Primavera
28112072,28,11,2072,Primavera
29112072,29,11,2072,Primavera
30112072,30,11,2072,Primavera
1122072,1,12,2072,Verano
2122072,2,12,2072,Verano
3122072,3,12,2072,Verano
4122072,4,12,2072,Verano
5122072,5,12,2072,Verano
6122072,6,12,2072,Verano
7122072,7,12,2072,Verano
8122072,8,12,2072,Verano
9122072,9,12,2072,Verano
10122072,10,12,2072,Verano
11122072,11,12,2072,Verano
12122072,12,12,2072,Verano
13122072,13,12,2072,Verano
14122072,14,12,2072,Verano
15122072,15,12,2072,Verano
16122072,16,12,2072,Verano
17122072,17,12,2072,Verano
18122072,18,12,2072,Verano
19122072,19,12,2072,Verano
20122072,20,12,2072,Verano
21122072,21,12,2072,Verano
22122072,22,12,2072,Verano
23122072,23,12,2072,Verano
24122072,24,12,2072,Verano
25122072,25,12,2072,Verano
26122072,26,12,2072,Verano
27122072,27,12,2072,Verano
28122072,28,12,2072,Verano
29122072,29,12,2072,Verano
30122072,30,12,2072,Verano
31122072,31,12,2072,Verano
1012073,1,1,2073,Verano
2012073,2,1,2073,Verano
3012073,3,1,2073,Verano
4012073,4,1,2073,Verano
5012073,5,1,2073,Verano
6012073,6,1,2073,Verano
7012073,7,1,2073,Verano
8012073,8,1,2073,Verano
9012073,9,1,2073,Verano
10012073,10,1,2073,Verano
11012073,11,1,2073,Verano
12012073,12,1,2073,Verano
13012073,13,1,2073,Verano
14012073,14,1,2073,Verano
15012073,15,1,2073,Verano
16012073,16,1,2073,Verano
17012073,17,1,2073,Verano
18012073,18,1,2073,Verano
19012073,19,1,2073,Verano
20012073,20,1,2073,Verano
21012073,21,1,2073,Verano
22012073,22,1,2073,Verano
23012073,23,1,2073,Verano
24012073,24,1,2073,Verano
25012073,25,1,2073,Verano
26012073,26,1,2073,Verano
27012073,27,1,2073,Verano
28012073,28,1,2073,Verano
29012073,29,1,2073,Verano
30012073,30,1,2073,Verano
31012073,31,1,2073,Verano
1022073,1,2,2073,Verano
2022073,2,2,2073,Verano
3022073,3,2,2073,Verano
4022073,4,2,2073,Verano
5022073,5,2,2073,Verano
6022073,6,2,2073,Verano
7022073,7,2,2073,Verano
8022073,8,2,2073,Verano
9022073,9,2,2073,Verano
10022073,10,2,2073,Verano
11022073,11,2,2073,Verano
12022073,12,2,2073,Verano
13022073,13,2,2073,Verano
14022073,14,2,2073,Verano
15022073,15,2,2073,Verano
16022073,16,2,2073,Verano
17022073,17,2,2073,Verano
18022073,18,2,2073,Verano
19022073,19,2,2073,Verano
20022073,20,2,2073,Verano
21022073,21,2,2073,Verano
22022073,22,2,2073,Verano
23022073,23,2,2073,Verano
24022073,24,2,2073,Verano
25022073,25,2,2073,Verano
26022073,26,2,2073,Verano
27022073,27,2,2073,Verano
28022073,28,2,2073,Verano
1032073,1,3,2073,Otoño
2032073,2,3,2073,Otoño
3032073,3,3,2073,Otoño
4032073,4,3,2073,Otoño
5032073,5,3,2073,Otoño
6032073,6,3,2073,Otoño
7032073,7,3,2073,Otoño
8032073,8,3,2073,Otoño
9032073,9,3,2073,Otoño
10032073,10,3,2073,Otoño
11032073,11,3,2073,Otoño
12032073,12,3,2073,Otoño
13032073,13,3,2073,Otoño
14032073,14,3,2073,Otoño
15032073,15,3,2073,Otoño
16032073,16,3,2073,Otoño
17032073,17,3,2073,Otoño
18032073,18,3,2073,Otoño
19032073,19,3,2073,Otoño
20032073,20,3,2073,Otoño
21032073,21,3,2073,Otoño
22032073,22,3,2073,Otoño
23032073,23,3,2073,Otoño
24032073,24,3,2073,Otoño
25032073,25,3,2073,Otoño
26032073,26,3,2073,Otoño
27032073,27,3,2073,Otoño
28032073,28,3,2073,Otoño
29032073,29,3,2073,Otoño
30032073,30,3,2073,Otoño
31032073,31,3,2073,Otoño
1042073,1,4,2073,Otoño
2042073,2,4,2073,Otoño
3042073,3,4,2073,Otoño
4042073,4,4,2073,Otoño
5042073,5,4,2073,Otoño
6042073,6,4,2073,Otoño
7042073,7,4,2073,Otoño
8042073,8,4,2073,Otoño
9042073,9,4,2073,Otoño
10042073,10,4,2073,Otoño
11042073,11,4,2073,Otoño
12042073,12,4,2073,Otoño
13042073,13,4,2073,Otoño
14042073,14,4,2073,Otoño
15042073,15,4,2073,Otoño
16042073,16,4,2073,Otoño
17042073,17,4,2073,Otoño
18042073,18,4,2073,Otoño
19042073,19,4,2073,Otoño
20042073,20,4,2073,Otoño
21042073,21,4,2073,Otoño
22042073,22,4,2073,Otoño
23042073,23,4,2073,Otoño
24042073,24,4,2073,Otoño
25042073,25,4,2073,Otoño
26042073,26,4,2073,Otoño
27042073,27,4,2073,Otoño
28042073,28,4,2073,Otoño
29042073,29,4,2073,Otoño
30042073,30,4,2073,Otoño
1052073,1,5,2073,Otoño
2052073,2,5,2073,Otoño
3052073,3,5,2073,Otoño
4052073,4,5,2073,Otoño
5052073,5,5,2073,Otoño
6052073,6,5,2073,Otoño
7052073,7,5,2073,Otoño
8052073,8,5,2073,Otoño
9052073,9,5,2073,Otoño
10052073,10,5,2073,Otoño
11052073,11,5,2073,Otoño
12052073,12,5,2073,Otoño
13052073,13,5,2073,Otoño
14052073,14,5,2073,Otoño
15052073,15,5,2073,Otoño
16052073,16,5,2073,Otoño
17052073,17,5,2073,Otoño
18052073,18,5,2073,Otoño
19052073,19,5,2073,Otoño
20052073,20,5,2073,Otoño
21052073,21,5,2073,Otoño
22052073,22,5,2073,Otoño
23052073,23,5,2073,Otoño
24052073,24,5,2073,Otoño
25052073,25,5,2073,Otoño
26052073,26,5,2073,Otoño
27052073,27,5,2073,Otoño
28052073,28,5,2073,Otoño
29052073,29,5,2073,Otoño
30052073,30,5,2073,Otoño
31052073,31,5,2073,Otoño
1062073,1,6,2073,Invierno
2062073,2,6,2073,Invierno
3062073,3,6,2073,Invierno
4062073,4,6,2073,Invierno
5062073,5,6,2073,Invierno
6062073,6,6,2073,Invierno
7062073,7,6,2073,Invierno
8062073,8,6,2073,Invierno
9062073,9,6,2073,Invierno
10062073,10,6,2073,Invierno
11062073,11,6,2073,Invierno
12062073,12,6,2073,Invierno
13062073,13,6,2073,Invierno
14062073,14,6,2073,Invierno
15062073,15,6,2073,Invierno
16062073,16,6,2073,Invierno
17062073,17,6,2073,Invierno
18062073,18,6,2073,Invierno
19062073,19,6,2073,Invierno
20062073,20,6,2073,Invierno
21062073,21,6,2073,Invierno
22062073,22,6,2073,Invierno
23062073,23,6,2073,Invierno
24062073,24,6,2073,Invierno
25062073,25,6,2073,Invierno
26062073,26,6,2073,Invierno
27062073,27,6,2073,Invierno
28062073,28,6,2073,Invierno
29062073,29,6,2073,Invierno
30062073,30,6,2073,Invierno
1072073,1,7,2073,Invierno
2072073,2,7,2073,Invierno
3072073,3,7,2073,Invierno
4072073,4,7,2073,Invierno
5072073,5,7,2073,Invierno
6072073,6,7,2073,Invierno
7072073,7,7,2073,Invierno
8072073,8,7,2073,Invierno
9072073,9,7,2073,Invierno
10072073,10,7,2073,Invierno
11072073,11,7,2073,Invierno
12072073,12,7,2073,Invierno
13072073,13,7,2073,Invierno
14072073,14,7,2073,Invierno
15072073,15,7,2073,Invierno
16072073,16,7,2073,Invierno
17072073,17,7,2073,Invierno
18072073,18,7,2073,Invierno
19072073,19,7,2073,Invierno
20072073,20,7,2073,Invierno
21072073,21,7,2073,Invierno
22072073,22,7,2073,Invierno
23072073,23,7,2073,Invierno
24072073,24,7,2073,Invierno
25072073,25,7,2073,Invierno
26072073,26,7,2073,Invierno
27072073,27,7,2073,Invierno
28072073,28,7,2073,Invierno
29072073,29,7,2073,Invierno
30072073,30,7,2073,Invierno
31072073,31,7,2073,Invierno
1082073,1,8,2073,Invierno
2082073,2,8,2073,Invierno
3082073,3,8,2073,Invierno
4082073,4,8,2073,Invierno
5082073,5,8,2073,Invierno
6082073,6,8,2073,Invierno
7082073,7,8,2073,Invierno
8082073,8,8,2073,Invierno
9082073,9,8,2073,Invierno
10082073,10,8,2073,Invierno
11082073,11,8,2073,Invierno
12082073,12,8,2073,Invierno
13082073,13,8,2073,Invierno
14082073,14,8,2073,Invierno
15082073,15,8,2073,Invierno
16082073,16,8,2073,Invierno
17082073,17,8,2073,Invierno
18082073,18,8,2073,Invierno
19082073,19,8,2073,Invierno
20082073,20,8,2073,Invierno
21082073,21,8,2073,Invierno
22082073,22,8,2073,Invierno
23082073,23,8,2073,Invierno
24082073,24,8,2073,Invierno
25082073,25,8,2073,Invierno
26082073,26,8,2073,Invierno
27082073,27,8,2073,Invierno
28082073,28,8,2073,Invierno
29082073,29,8,2073,Invierno
30082073,30,8,2073,Invierno
31082073,31,8,2073,Invierno
1092073,1,9,2073,Primavera
2092073,2,9,2073,Primavera
3092073,3,9,2073,Primavera
4092073,4,9,2073,Primavera
5092073,5,9,2073,Primavera
6092073,6,9,2073,Primavera
7092073,7,9,2073,Primavera
8092073,8,9,2073,Primavera
9092073,9,9,2073,Primavera
10092073,10,9,2073,Primavera
11092073,11,9,2073,Primavera
12092073,12,9,2073,Primavera
13092073,13,9,2073,Primavera
14092073,14,9,2073,Primavera
15092073,15,9,2073,Primavera
16092073,16,9,2073,Primavera
17092073,17,9,2073,Primavera
18092073,18,9,2073,Primavera
19092073,19,9,2073,Primavera
20092073,20,9,2073,Primavera
21092073,21,9,2073,Primavera
22092073,22,9,2073,Primavera
23092073,23,9,2073,Primavera
24092073,24,9,2073,Primavera
25092073,25,9,2073,Primavera
26092073,26,9,2073,Primavera
27092073,27,9,2073,Primavera
28092073,28,9,2073,Primavera
29092073,29,9,2073,Primavera
30092073,30,9,2073,Primavera
1102073,1,10,2073,Primavera
2102073,2,10,2073,Primavera
3102073,3,10,2073,Primavera
4102073,4,10,2073,Primavera
5102073,5,10,2073,Primavera
6102073,6,10,2073,Primavera
7102073,7,10,2073,Primavera
8102073,8,10,2073,Primavera
9102073,9,10,2073,Primavera
10102073,10,10,2073,Primavera
11102073,11,10,2073,Primavera
12102073,12,10,2073,Primavera
13102073,13,10,2073,Primavera
14102073,14,10,2073,Primavera
15102073,15,10,2073,Primavera
16102073,16,10,2073,Primavera
17102073,17,10,2073,Primavera
18102073,18,10,2073,Primavera
19102073,19,10,2073,Primavera
20102073,20,10,2073,Primavera
21102073,21,10,2073,Primavera
22102073,22,10,2073,Primavera
23102073,23,10,2073,Primavera
24102073,24,10,2073,Primavera
25102073,25,10,2073,Primavera
26102073,26,10,2073,Primavera
27102073,27,10,2073,Primavera
28102073,28,10,2073,Primavera
29102073,29,10,2073,Primavera
30102073,30,10,2073,Primavera
31102073,31,10,2073,Primavera
1112073,1,11,2073,Primavera
2112073,2,11,2073,Primavera
3112073,3,11,2073,Primavera
4112073,4,11,2073,Primavera
5112073,5,11,2073,Primavera
6112073,6,11,2073,Primavera
7112073,7,11,2073,Primavera
8112073,8,11,2073,Primavera
9112073,9,11,2073,Primavera
10112073,10,11,2073,Primavera
11112073,11,11,2073,Primavera
12112073,12,11,2073,Primavera
13112073,13,11,2073,Primavera
14112073,14,11,2073,Primavera
15112073,15,11,2073,Primavera
16112073,16,11,2073,Primavera
17112073,17,11,2073,Primavera
18112073,18,11,2073,Primavera
19112073,19,11,2073,Primavera
20112073,20,11,2073,Primavera
21112073,21,11,2073,Primavera
22112073,22,11,2073,Primavera
23112073,23,11,2073,Primavera
24112073,24,11,2073,Primavera
25112073,25,11,2073,Primavera
26112073,26,11,2073,Primavera
27112073,27,11,2073,Primavera
28112073,28,11,2073,Primavera
29112073,29,11,2073,Primavera
30112073,30,11,2073,Primavera
1122073,1,12,2073,Verano
2122073,2,12,2073,Verano
3122073,3,12,2073,Verano
4122073,4,12,2073,Verano
5122073,5,12,2073,Verano
6122073,6,12,2073,Verano
7122073,7,12,2073,Verano
8122073,8,12,2073,Verano
9122073,9,12,2073,Verano
10122073,10,12,2073,Verano
11122073,11,12,2073,Verano
12122073,12,12,2073,Verano
13122073,13,12,2073,Verano
14122073,14,12,2073,Verano
15122073,15,12,2073,Verano
16122073,16,12,2073,Verano
17122073,17,12,2073,Verano
18122073,18,12,2073,Verano
19122073,19,12,2073,Verano
20122073,20,12,2073,Verano
21122073,21,12,2073,Verano
22122073,22,12,2073,Verano
23122073,23,12,2073,Verano
24122073,24,12,2073,Verano
25122073,25,12,2073,Verano
26122073,26,12,2073,Verano
27122073,27,12,2073,Verano
28122073,28,12,2073,Verano
29122073,29,12,2073,Verano
30122073,30,12,2073,Verano
31122073,31,12,2073,Verano
1012074,1,1,2074,Verano
2012074,2,1,2074,Verano
3012074,3,1,2074,Verano
4012074,4,1,2074,Verano
5012074,5,1,2074,Verano
6012074,6,1,2074,Verano
7012074,7,1,2074,Verano
8012074,8,1,2074,Verano
9012074,9,1,2074,Verano
10012074,10,1,2074,Verano
11012074,11,1,2074,Verano
12012074,12,1,2074,Verano
13012074,13,1,2074,Verano
14012074,14,1,2074,Verano
15012074,15,1,2074,Verano
16012074,16,1,2074,Verano
17012074,17,1,2074,Verano
18012074,18,1,2074,Verano
19012074,19,1,2074,Verano
20012074,20,1,2074,Verano
21012074,21,1,2074,Verano
22012074,22,1,2074,Verano
23012074,23,1,2074,Verano
24012074,24,1,2074,Verano
25012074,25,1,2074,Verano
26012074,26,1,2074,Verano
27012074,27,1,2074,Verano
28012074,28,1,2074,Verano
29012074,29,1,2074,Verano
30012074,30,1,2074,Verano
31012074,31,1,2074,Verano
1022074,1,2,2074,Verano
2022074,2,2,2074,Verano
3022074,3,2,2074,Verano
4022074,4,2,2074,Verano
5022074,5,2,2074,Verano
6022074,6,2,2074,Verano
7022074,7,2,2074,Verano
8022074,8,2,2074,Verano
9022074,9,2,2074,Verano
10022074,10,2,2074,Verano
11022074,11,2,2074,Verano
12022074,12,2,2074,Verano
13022074,13,2,2074,Verano
14022074,14,2,2074,Verano
15022074,15,2,2074,Verano
16022074,16,2,2074,Verano
17022074,17,2,2074,Verano
18022074,18,2,2074,Verano
19022074,19,2,2074,Verano
20022074,20,2,2074,Verano
21022074,21,2,2074,Verano
22022074,22,2,2074,Verano
23022074,23,2,2074,Verano
24022074,24,2,2074,Verano
25022074,25,2,2074,Verano
26022074,26,2,2074,Verano
27022074,27,2,2074,Verano
28022074,28,2,2074,Verano
1032074,1,3,2074,Otoño
2032074,2,3,2074,Otoño
3032074,3,3,2074,Otoño
4032074,4,3,2074,Otoño
5032074,5,3,2074,Otoño
6032074,6,3,2074,Otoño
7032074,7,3,2074,Otoño
8032074,8,3,2074,Otoño
9032074,9,3,2074,Otoño
10032074,10,3,2074,Otoño
11032074,11,3,2074,Otoño
12032074,12,3,2074,Otoño
13032074,13,3,2074,Otoño
14032074,14,3,2074,Otoño
15032074,15,3,2074,Otoño
16032074,16,3,2074,Otoño
17032074,17,3,2074,Otoño
18032074,18,3,2074,Otoño
19032074,19,3,2074,Otoño
20032074,20,3,2074,Otoño
21032074,21,3,2074,Otoño
22032074,22,3,2074,Otoño
23032074,23,3,2074,Otoño
24032074,24,3,2074,Otoño
25032074,25,3,2074,Otoño
26032074,26,3,2074,Otoño
27032074,27,3,2074,Otoño
28032074,28,3,2074,Otoño
29032074,29,3,2074,Otoño
30032074,30,3,2074,Otoño
31032074,31,3,2074,Otoño
1042074,1,4,2074,Otoño
2042074,2,4,2074,Otoño
3042074,3,4,2074,Otoño
4042074,4,4,2074,Otoño
5042074,5,4,2074,Otoño
6042074,6,4,2074,Otoño
7042074,7,4,2074,Otoño
8042074,8,4,2074,Otoño
9042074,9,4,2074,Otoño
10042074,10,4,2074,Otoño
11042074,11,4,2074,Otoño
12042074,12,4,2074,Otoño
13042074,13,4,2074,Otoño
14042074,14,4,2074,Otoño
15042074,15,4,2074,Otoño
16042074,16,4,2074,Otoño
17042074,17,4,2074,Otoño
18042074,18,4,2074,Otoño
19042074,19,4,2074,Otoño
20042074,20,4,2074,Otoño
21042074,21,4,2074,Otoño
22042074,22,4,2074,Otoño
23042074,23,4,2074,Otoño
24042074,24,4,2074,Otoño
25042074,25,4,2074,Otoño
26042074,26,4,2074,Otoño
27042074,27,4,2074,Otoño
28042074,28,4,2074,Otoño
29042074,29,4,2074,Otoño
30042074,30,4,2074,Otoño
1052074,1,5,2074,Otoño
2052074,2,5,2074,Otoño
3052074,3,5,2074,Otoño
4052074,4,5,2074,Otoño
5052074,5,5,2074,Otoño
6052074,6,5,2074,Otoño
7052074,7,5,2074,Otoño
8052074,8,5,2074,Otoño
9052074,9,5,2074,Otoño
10052074,10,5,2074,Otoño
11052074,11,5,2074,Otoño
12052074,12,5,2074,Otoño
13052074,13,5,2074,Otoño
14052074,14,5,2074,Otoño
15052074,15,5,2074,Otoño
16052074,16,5,2074,Otoño
17052074,17,5,2074,Otoño
18052074,18,5,2074,Otoño
19052074,19,5,2074,Otoño
20052074,20,5,2074,Otoño
21052074,21,5,2074,Otoño
22052074,22,5,2074,Otoño
23052074,23,5,2074,Otoño
24052074,24,5,2074,Otoño
25052074,25,5,2074,Otoño
26052074,26,5,2074,Otoño
27052074,27,5,2074,Otoño
28052074,28,5,2074,Otoño
29052074,29,5,2074,Otoño
30052074,30,5,2074,Otoño
31052074,31,5,2074,Otoño
1062074,1,6,2074,Invierno
2062074,2,6,2074,Invierno
3062074,3,6,2074,Invierno
4062074,4,6,2074,Invierno
5062074,5,6,2074,Invierno
6062074,6,6,2074,Invierno
7062074,7,6,2074,Invierno
8062074,8,6,2074,Invierno
9062074,9,6,2074,Invierno
10062074,10,6,2074,Invierno
11062074,11,6,2074,Invierno
12062074,12,6,2074,Invierno
13062074,13,6,2074,Invierno
14062074,14,6,2074,Invierno
15062074,15,6,2074,Invierno
16062074,16,6,2074,Invierno
17062074,17,6,2074,Invierno
18062074,18,6,2074,Invierno
19062074,19,6,2074,Invierno
20062074,20,6,2074,Invierno
21062074,21,6,2074,Invierno
22062074,22,6,2074,Invierno
23062074,23,6,2074,Invierno
24062074,24,6,2074,Invierno
25062074,25,6,2074,Invierno
26062074,26,6,2074,Invierno
27062074,27,6,2074,Invierno
28062074,28,6,2074,Invierno
29062074,29,6,2074,Invierno
30062074,30,6,2074,Invierno
1072074,1,7,2074,Invierno
2072074,2,7,2074,Invierno
3072074,3,7,2074,Invierno
4072074,4,7,2074,Invierno
5072074,5,7,2074,Invierno
6072074,6,7,2074,Invierno
7072074,7,7,2074,Invierno
8072074,8,7,2074,Invierno
9072074,9,7,2074,Invierno
10072074,10,7,2074,Invierno
11072074,11,7,2074,Invierno
12072074,12,7,2074,Invierno
13072074,13,7,2074,Invierno
14072074,14,7,2074,Invierno
15072074,15,7,2074,Invierno
16072074,16,7,2074,Invierno
17072074,17,7,2074,Invierno
18072074,18,7,2074,Invierno
19072074,19,7,2074,Invierno
20072074,20,7,2074,Invierno
21072074,21,7,2074,Invierno
22072074,22,7,2074,Invierno
23072074,23,7,2074,Invierno
24072074,24,7,2074,Invierno
25072074,25,7,2074,Invierno
26072074,26,7,2074,Invierno
27072074,27,7,2074,Invierno
28072074,28,7,2074,Invierno
29072074,29,7,2074,Invierno
30072074,30,7,2074,Invierno
31072074,31,7,2074,Invierno
1082074,1,8,2074,Invierno
2082074,2,8,2074,Invierno
3082074,3,8,2074,Invierno
4082074,4,8,2074,Invierno
5082074,5,8,2074,Invierno
6082074,6,8,2074,Invierno
7082074,7,8,2074,Invierno
8082074,8,8,2074,Invierno
9082074,9,8,2074,Invierno
10082074,10,8,2074,Invierno
11082074,11,8,2074,Invierno
12082074,12,8,2074,Invierno
13082074,13,8,2074,Invierno
14082074,14,8,2074,Invierno
15082074,15,8,2074,Invierno
16082074,16,8,2074,Invierno
17082074,17,8,2074,Invierno
18082074,18,8,2074,Invierno
19082074,19,8,2074,Invierno
20082074,20,8,2074,Invierno
21082074,21,8,2074,Invierno
22082074,22,8,2074,Invierno
23082074,23,8,2074,Invierno
24082074,24,8,2074,Invierno
25082074,25,8,2074,Invierno
26082074,26,8,2074,Invierno
27082074,27,8,2074,Invierno
28082074,28,8,2074,Invierno
29082074,29,8,2074,Invierno
30082074,30,8,2074,Invierno
31082074,31,8,2074,Invierno
1092074,1,9,2074,Primavera
2092074,2,9,2074,Primavera
3092074,3,9,2074,Primavera
4092074,4,9,2074,Primavera
5092074,5,9,2074,Primavera
6092074,6,9,2074,Primavera
7092074,7,9,2074,Primavera
8092074,8,9,2074,Primavera
9092074,9,9,2074,Primavera
10092074,10,9,2074,Primavera
11092074,11,9,2074,Primavera
12092074,12,9,2074,Primavera
13092074,13,9,2074,Primavera
14092074,14,9,2074,Primavera
15092074,15,9,2074,Primavera
16092074,16,9,2074,Primavera
17092074,17,9,2074,Primavera
18092074,18,9,2074,Primavera
19092074,19,9,2074,Primavera
20092074,20,9,2074,Primavera
21092074,21,9,2074,Primavera
22092074,22,9,2074,Primavera
23092074,23,9,2074,Primavera
24092074,24,9,2074,Primavera
25092074,25,9,2074,Primavera
26092074,26,9,2074,Primavera
27092074,27,9,2074,Primavera
28092074,28,9,2074,Primavera
29092074,29,9,2074,Primavera
30092074,30,9,2074,Primavera
1102074,1,10,2074,Primavera
2102074,2,10,2074,Primavera
3102074,3,10,2074,Primavera
4102074,4,10,2074,Primavera
5102074,5,10,2074,Primavera
6102074,6,10,2074,Primavera
7102074,7,10,2074,Primavera
8102074,8,10,2074,Primavera
9102074,9,10,2074,Primavera
10102074,10,10,2074,Primavera
11102074,11,10,2074,Primavera
12102074,12,10,2074,Primavera
13102074,13,10,2074,Primavera
14102074,14,10,2074,Primavera
15102074,15,10,2074,Primavera
16102074,16,10,2074,Primavera
17102074,17,10,2074,Primavera
18102074,18,10,2074,Primavera
19102074,19,10,2074,Primavera
20102074,20,10,2074,Primavera
21102074,21,10,2074,Primavera
22102074,22,10,2074,Primavera
23102074,23,10,2074,Primavera
24102074,24,10,2074,Primavera
25102074,25,10,2074,Primavera
26102074,26,10,2074,Primavera
27102074,27,10,2074,Primavera
28102074,28,10,2074,Primavera
29102074,29,10,2074,Primavera
30102074,30,10,2074,Primavera
31102074,31,10,2074,Primavera
1112074,1,11,2074,Primavera
2112074,2,11,2074,Primavera
3112074,3,11,2074,Primavera
4112074,4,11,2074,Primavera
5112074,5,11,2074,Primavera
6112074,6,11,2074,Primavera
7112074,7,11,2074,Primavera
8112074,8,11,2074,Primavera
9112074,9,11,2074,Primavera
10112074,10,11,2074,Primavera
11112074,11,11,2074,Primavera
12112074,12,11,2074,Primavera
13112074,13,11,2074,Primavera
14112074,14,11,2074,Primavera
15112074,15,11,2074,Primavera
16112074,16,11,2074,Primavera
17112074,17,11,2074,Primavera
18112074,18,11,2074,Primavera
19112074,19,11,2074,Primavera
20112074,20,11,2074,Primavera
21112074,21,11,2074,Primavera
22112074,22,11,2074,Primavera
23112074,23,11,2074,Primavera
24112074,24,11,2074,Primavera
25112074,25,11,2074,Primavera
26112074,26,11,2074,Primavera
27112074,27,11,2074,Primavera
28112074,28,11,2074,Primavera
29112074,29,11,2074,Primavera
30112074,30,11,2074,Primavera
1122074,1,12,2074,Verano
2122074,2,12,2074,Verano
3122074,3,12,2074,Verano
4122074,4,12,2074,Verano
5122074,5,12,2074,Verano
6122074,6,12,2074,Verano
7122074,7,12,2074,Verano
8122074,8,12,2074,Verano
9122074,9,12,2074,Verano
10122074,10,12,2074,Verano
11122074,11,12,2074,Verano
12122074,12,12,2074,Verano
13122074,13,12,2074,Verano
14122074,14,12,2074,Verano
15122074,15,12,2074,Verano
16122074,16,12,2074,Verano
17122074,17,12,2074,Verano
18122074,18,12,2074,Verano
19122074,19,12,2074,Verano
20122074,20,12,2074,Verano
21122074,21,12,2074,Verano
22122074,22,12,2074,Verano
23122074,23,12,2074,Verano
24122074,24,12,2074,Verano
25122074,25,12,2074,Verano
26122074,26,12,2074,Verano
27122074,27,12,2074,Verano
28122074,28,12,2074,Verano
29122074,29,12,2074,Verano
30122074,30,12,2074,Verano
31122074,31,12,2074,Verano
1012075,1,1,2075,Verano
2012075,2,1,2075,Verano
3012075,3,1,2075,Verano
4012075,4,1,2075,Verano
5012075,5,1,2075,Verano
6012075,6,1,2075,Verano
7012075,7,1,2075,Verano
8012075,8,1,2075,Verano
9012075,9,1,2075,Verano
10012075,10,1,2075,Verano
11012075,11,1,2075,Verano
12012075,12,1,2075,Verano
13012075,13,1,2075,Verano
14012075,14,1,2075,Verano
15012075,15,1,2075,Verano
16012075,16,1,2075,Verano
17012075,17,1,2075,Verano
18012075,18,1,2075,Verano
19012075,19,1,2075,Verano
20012075,20,1,2075,Verano
21012075,21,1,2075,Verano
22012075,22,1,2075,Verano
23012075,23,1,2075,Verano
24012075,24,1,2075,Verano
25012075,25,1,2075,Verano
26012075,26,1,2075,Verano
27012075,27,1,2075,Verano
28012075,28,1,2075,Verano
29012075,29,1,2075,Verano
30012075,30,1,2075,Verano
31012075,31,1,2075,Verano
1022075,1,2,2075,Verano
2022075,2,2,2075,Verano
3022075,3,2,2075,Verano
4022075,4,2,2075,Verano
5022075,5,2,2075,Verano
6022075,6,2,2075,Verano
7022075,7,2,2075,Verano
8022075,8,2,2075,Verano
9022075,9,2,2075,Verano
10022075,10,2,2075,Verano
11022075,11,2,2075,Verano
12022075,12,2,2075,Verano
13022075,13,2,2075,Verano
14022075,14,2,2075,Verano
15022075,15,2,2075,Verano
16022075,16,2,2075,Verano
17022075,17,2,2075,Verano
18022075,18,2,2075,Verano
19022075,19,2,2075,Verano
20022075,20,2,2075,Verano
21022075,21,2,2075,Verano
22022075,22,2,2075,Verano
23022075,23,2,2075,Verano
24022075,24,2,2075,Verano
25022075,25,2,2075,Verano
26022075,26,2,2075,Verano
27022075,27,2,2075,Verano
28022075,28,2,2075,Verano
1032075,1,3,2075,Otoño
2032075,2,3,2075,Otoño
3032075,3,3,2075,Otoño
4032075,4,3,2075,Otoño
5032075,5,3,2075,Otoño
6032075,6,3,2075,Otoño
7032075,7,3,2075,Otoño
8032075,8,3,2075,Otoño
9032075,9,3,2075,Otoño
10032075,10,3,2075,Otoño
11032075,11,3,2075,Otoño
12032075,12,3,2075,Otoño
13032075,13,3,2075,Otoño
14032075,14,3,2075,Otoño
15032075,15,3,2075,Otoño
16032075,16,3,2075,Otoño
17032075,17,3,2075,Otoño
18032075,18,3,2075,Otoño
19032075,19,3,2075,Otoño
20032075,20,3,2075,Otoño
21032075,21,3,2075,Otoño
22032075,22,3,2075,Otoño
23032075,23,3,2075,Otoño
24032075,24,3,2075,Otoño
25032075,25,3,2075,Otoño
26032075,26,3,2075,Otoño
27032075,27,3,2075,Otoño
28032075,28,3,2075,Otoño
29032075,29,3,2075,Otoño
30032075,30,3,2075,Otoño
31032075,31,3,2075,Otoño
1042075,1,4,2075,Otoño
2042075,2,4,2075,Otoño
3042075,3,4,2075,Otoño
4042075,4,4,2075,Otoño
5042075,5,4,2075,Otoño
6042075,6,4,2075,Otoño
7042075,7,4,2075,Otoño
8042075,8,4,2075,Otoño
9042075,9,4,2075,Otoño
10042075,10,4,2075,Otoño
11042075,11,4,2075,Otoño
12042075,12,4,2075,Otoño
13042075,13,4,2075,Otoño
14042075,14,4,2075,Otoño
15042075,15,4,2075,Otoño
16042075,16,4,2075,Otoño
17042075,17,4,2075,Otoño
18042075,18,4,2075,Otoño
19042075,19,4,2075,Otoño
20042075,20,4,2075,Otoño
21042075,21,4,2075,Otoño
22042075,22,4,2075,Otoño
23042075,23,4,2075,Otoño
24042075,24,4,2075,Otoño
25042075,25,4,2075,Otoño
26042075,26,4,2075,Otoño
27042075,27,4,2075,Otoño
28042075,28,4,2075,Otoño
29042075,29,4,2075,Otoño
30042075,30,4,2075,Otoño
1052075,1,5,2075,Otoño
2052075,2,5,2075,Otoño
3052075,3,5,2075,Otoño
4052075,4,5,2075,Otoño
5052075,5,5,2075,Otoño
6052075,6,5,2075,Otoño
7052075,7,5,2075,Otoño
8052075,8,5,2075,Otoño
9052075,9,5,2075,Otoño
10052075,10,5,2075,Otoño
11052075,11,5,2075,Otoño
12052075,12,5,2075,Otoño
13052075,13,5,2075,Otoño
14052075,14,5,2075,Otoño
15052075,15,5,2075,Otoño
16052075,16,5,2075,Otoño
17052075,17,5,2075,Otoño
18052075,18,5,2075,Otoño
19052075,19,5,2075,Otoño
20052075,20,5,2075,Otoño
21052075,21,5,2075,Otoño
22052075,22,5,2075,Otoño
23052075,23,5,2075,Otoño
24052075,24,5,2075,Otoño
25052075,25,5,2075,Otoño
26052075,26,5,2075,Otoño
27052075,27,5,2075,Otoño
28052075,28,5,2075,Otoño
29052075,29,5,2075,Otoño
30052075,30,5,2075,Otoño
31052075,31,5,2075,Otoño
1062075,1,6,2075,Invierno
2062075,2,6,2075,Invierno
3062075,3,6,2075,Invierno
4062075,4,6,2075,Invierno
5062075,5,6,2075,Invierno
6062075,6,6,2075,Invierno
7062075,7,6,2075,Invierno
8062075,8,6,2075,Invierno
9062075,9,6,2075,Invierno
10062075,10,6,2075,Invierno
11062075,11,6,2075,Invierno
12062075,12,6,2075,Invierno
13062075,13,6,2075,Invierno
14062075,14,6,2075,Invierno
15062075,15,6,2075,Invierno
16062075,16,6,2075,Invierno
17062075,17,6,2075,Invierno
18062075,18,6,2075,Invierno
19062075,19,6,2075,Invierno
20062075,20,6,2075,Invierno
21062075,21,6,2075,Invierno
22062075,22,6,2075,Invierno
23062075,23,6,2075,Invierno
24062075,24,6,2075,Invierno
25062075,25,6,2075,Invierno
26062075,26,6,2075,Invierno
27062075,27,6,2075,Invierno
28062075,28,6,2075,Invierno
29062075,29,6,2075,Invierno
30062075,30,6,2075,Invierno
1072075,1,7,2075,Invierno
2072075,2,7,2075,Invierno
3072075,3,7,2075,Invierno
4072075,4,7,2075,Invierno
5072075,5,7,2075,Invierno
6072075,6,7,2075,Invierno
7072075,7,7,2075,Invierno
8072075,8,7,2075,Invierno
9072075,9,7,2075,Invierno
10072075,10,7,2075,Invierno
11072075,11,7,2075,Invierno
12072075,12,7,2075,Invierno
13072075,13,7,2075,Invierno
14072075,14,7,2075,Invierno
15072075,15,7,2075,Invierno
16072075,16,7,2075,Invierno
17072075,17,7,2075,Invierno
18072075,18,7,2075,Invierno
19072075,19,7,2075,Invierno
20072075,20,7,2075,Invierno
21072075,21,7,2075,Invierno
22072075,22,7,2075,Invierno
23072075,23,7,2075,Invierno
24072075,24,7,2075,Invierno
25072075,25,7,2075,Invierno
26072075,26,7,2075,Invierno
27072075,27,7,2075,Invierno
28072075,28,7,2075,Invierno
29072075,29,7,2075,Invierno
30072075,30,7,2075,Invierno
31072075,31,7,2075,Invierno
1082075,1,8,2075,Invierno
2082075,2,8,2075,Invierno
3082075,3,8,2075,Invierno
4082075,4,8,2075,Invierno
5082075,5,8,2075,Invierno
6082075,6,8,2075,Invierno
7082075,7,8,2075,Invierno
8082075,8,8,2075,Invierno
9082075,9,8,2075,Invierno
10082075,10,8,2075,Invierno
11082075,11,8,2075,Invierno
12082075,12,8,2075,Invierno
13082075,13,8,2075,Invierno
14082075,14,8,2075,Invierno
15082075,15,8,2075,Invierno
16082075,16,8,2075,Invierno
17082075,17,8,2075,Invierno
18082075,18,8,2075,Invierno
19082075,19,8,2075,Invierno
20082075,20,8,2075,Invierno
21082075,21,8,2075,Invierno
22082075,22,8,2075,Invierno
23082075,23,8,2075,Invierno
24082075,24,8,2075,Invierno
25082075,25,8,2075,Invierno
26082075,26,8,2075,Invierno
27082075,27,8,2075,Invierno
28082075,28,8,2075,Invierno
29082075,29,8,2075,Invierno
30082075,30,8,2075,Invierno
31082075,31,8,2075,Invierno
1092075,1,9,2075,Primavera
2092075,2,9,2075,Primavera
3092075,3,9,2075,Primavera
4092075,4,9,2075,Primavera
5092075,5,9,2075,Primavera
6092075,6,9,2075,Primavera
7092075,7,9,2075,Primavera
8092075,8,9,2075,Primavera
9092075,9,9,2075,Primavera
10092075,10,9,2075,Primavera
11092075,11,9,2075,Primavera
12092075,12,9,2075,Primavera
13092075,13,9,2075,Primavera
14092075,14,9,2075,Primavera
15092075,15,9,2075,Primavera
16092075,16,9,2075,Primavera
17092075,17,9,2075,Primavera
18092075,18,9,2075,Primavera
19092075,19,9,2075,Primavera
20092075,20,9,2075,Primavera
21092075,21,9,2075,Primavera
22092075,22,9,2075,Primavera
23092075,23,9,2075,Primavera
24092075,24,9,2075,Primavera
25092075,25,9,2075,Primavera
26092075,26,9,2075,Primavera
27092075,27,9,2075,Primavera
28092075,28,9,2075,Primavera
29092075,29,9,2075,Primavera
30092075,30,9,2075,Primavera
1102075,1,10,2075,Primavera
2102075,2,10,2075,Primavera
3102075,3,10,2075,Primavera
4102075,4,10,2075,Primavera
5102075,5,10,2075,Primavera
6102075,6,10,2075,Primavera
7102075,7,10,2075,Primavera
8102075,8,10,2075,Primavera
9102075,9,10,2075,Primavera
10102075,10,10,2075,Primavera
11102075,11,10,2075,Primavera
12102075,12,10,2075,Primavera
13102075,13,10,2075,Primavera
14102075,14,10,2075,Primavera
15102075,15,10,2075,Primavera
16102075,16,10,2075,Primavera
17102075,17,10,2075,Primavera
18102075,18,10,2075,Primavera
19102075,19,10,2075,Primavera
20102075,20,10,2075,Primavera
21102075,21,10,2075,Primavera
22102075,22,10,2075,Primavera
23102075,23,10,2075,Primavera
24102075,24,10,2075,Primavera
25102075,25,10,2075,Primavera
26102075,26,10,2075,Primavera
27102075,27,10,2075,Primavera
28102075,28,10,2075,Primavera
29102075,29,10,2075,Primavera
30102075,30,10,2075,Primavera
31102075,31,10,2075,Primavera
1112075,1,11,2075,Primavera
2112075,2,11,2075,Primavera
3112075,3,11,2075,Primavera
4112075,4,11,2075,Primavera
5112075,5,11,2075,Primavera
6112075,6,11,2075,Primavera
7112075,7,11,2075,Primavera
8112075,8,11,2075,Primavera
9112075,9,11,2075,Primavera
10112075,10,11,2075,Primavera
11112075,11,11,2075,Primavera
12112075,12,11,2075,Primavera
13112075,13,11,2075,Primavera
14112075,14,11,2075,Primavera
15112075,15,11,2075,Primavera
16112075,16,11,2075,Primavera
17112075,17,11,2075,Primavera
18112075,18,11,2075,Primavera
19112075,19,11,2075,Primavera
20112075,20,11,2075,Primavera
21112075,21,11,2075,Primavera
22112075,22,11,2075,Primavera
23112075,23,11,2075,Primavera
24112075,24,11,2075,Primavera
25112075,25,11,2075,Primavera
26112075,26,11,2075,Primavera
27112075,27,11,2075,Primavera
28112075,28,11,2075,Primavera
29112075,29,11,2075,Primavera
30112075,30,11,2075,Primavera
1122075,1,12,2075,Verano
2122075,2,12,2075,Verano
3122075,3,12,2075,Verano
4122075,4,12,2075,Verano
5122075,5,12,2075,Verano
6122075,6,12,2075,Verano
7122075,7,12,2075,Verano
8122075,8,12,2075,Verano
9122075,9,12,2075,Verano
10122075,10,12,2075,Verano
11122075,11,12,2075,Verano
12122075,12,12,2075,Verano
13122075,13,12,2075,Verano
14122075,14,12,2075,Verano
15122075,15,12,2075,Verano
16122075,16,12,2075,Verano
17122075,17,12,2075,Verano
18122075,18,12,2075,Verano
19122075,19,12,2075,Verano
20122075,20,12,2075,Verano
21122075,21,12,2075,Verano
22122075,22,12,2075,Verano
23122075,23,12,2075,Verano
24122075,24,12,2075,Verano
25122075,25,12,2075,Verano
26122075,26,12,2075,Verano
27122075,27,12,2075,Verano
28122075,28,12,2075,Verano
29122075,29,12,2075,Verano
30122075,30,12,2075,Verano
31122075,31,12,2075,Verano
1012076,1,1,2076,Verano
2012076,2,1,2076,Verano
3012076,3,1,2076,Verano
4012076,4,1,2076,Verano
5012076,5,1,2076,Verano
6012076,6,1,2076,Verano
7012076,7,1,2076,Verano
8012076,8,1,2076,Verano
9012076,9,1,2076,Verano
10012076,10,1,2076,Verano
11012076,11,1,2076,Verano
12012076,12,1,2076,Verano
13012076,13,1,2076,Verano
14012076,14,1,2076,Verano
15012076,15,1,2076,Verano
16012076,16,1,2076,Verano
17012076,17,1,2076,Verano
18012076,18,1,2076,Verano
19012076,19,1,2076,Verano
20012076,20,1,2076,Verano
21012076,21,1,2076,Verano
22012076,22,1,2076,Verano
23012076,23,1,2076,Verano
24012076,24,1,2076,Verano
25012076,25,1,2076,Verano
26012076,26,1,2076,Verano
27012076,27,1,2076,Verano
28012076,28,1,2076,Verano
29012076,29,1,2076,Verano
30012076,30,1,2076,Verano
31012076,31,1,2076,Verano
1022076,1,2,2076,Verano
2022076,2,2,2076,Verano
3022076,3,2,2076,Verano
4022076,4,2,2076,Verano
5022076,5,2,2076,Verano
6022076,6,2,2076,Verano
7022076,7,2,2076,Verano
8022076,8,2,2076,Verano
9022076,9,2,2076,Verano
10022076,10,2,2076,Verano
11022076,11,2,2076,Verano
12022076,12,2,2076,Verano
13022076,13,2,2076,Verano
14022076,14,2,2076,Verano
15022076,15,2,2076,Verano
16022076,16,2,2076,Verano
17022076,17,2,2076,Verano
18022076,18,2,2076,Verano
19022076,19,2,2076,Verano
20022076,20,2,2076,Verano
21022076,21,2,2076,Verano
22022076,22,2,2076,Verano
23022076,23,2,2076,Verano
24022076,24,2,2076,Verano
25022076,25,2,2076,Verano
26022076,26,2,2076,Verano
27022076,27,2,2076,Verano
28022076,28,2,2076,Verano
29022076,29,2,2076,Verano
1032076,1,3,2076,Otoño
2032076,2,3,2076,Otoño
3032076,3,3,2076,Otoño
4032076,4,3,2076,Otoño
5032076,5,3,2076,Otoño
6032076,6,3,2076,Otoño
7032076,7,3,2076,Otoño
8032076,8,3,2076,Otoño
9032076,9,3,2076,Otoño
10032076,10,3,2076,Otoño
11032076,11,3,2076,Otoño
12032076,12,3,2076,Otoño
13032076,13,3,2076,Otoño
14032076,14,3,2076,Otoño
15032076,15,3,2076,Otoño
16032076,16,3,2076,Otoño
17032076,17,3,2076,Otoño
18032076,18,3,2076,Otoño
19032076,19,3,2076,Otoño
20032076,20,3,2076,Otoño
21032076,21,3,2076,Otoño
22032076,22,3,2076,Otoño
23032076,23,3,2076,Otoño
24032076,24,3,2076,Otoño
25032076,25,3,2076,Otoño
26032076,26,3,2076,Otoño
27032076,27,3,2076,Otoño
28032076,28,3,2076,Otoño
29032076,29,3,2076,Otoño
30032076,30,3,2076,Otoño
31032076,31,3,2076,Otoño
1042076,1,4,2076,Otoño
2042076,2,4,2076,Otoño
3042076,3,4,2076,Otoño
4042076,4,4,2076,Otoño
5042076,5,4,2076,Otoño
6042076,6,4,2076,Otoño
7042076,7,4,2076,Otoño
8042076,8,4,2076,Otoño
9042076,9,4,2076,Otoño
10042076,10,4,2076,Otoño
11042076,11,4,2076,Otoño
12042076,12,4,2076,Otoño
13042076,13,4,2076,Otoño
14042076,14,4,2076,Otoño
15042076,15,4,2076,Otoño
16042076,16,4,2076,Otoño
17042076,17,4,2076,Otoño
18042076,18,4,2076,Otoño
19042076,19,4,2076,Otoño
20042076,20,4,2076,Otoño
21042076,21,4,2076,Otoño
22042076,22,4,2076,Otoño
23042076,23,4,2076,Otoño
24042076,24,4,2076,Otoño
25042076,25,4,2076,Otoño
26042076,26,4,2076,Otoño
27042076,27,4,2076,Otoño
28042076,28,4,2076,Otoño
29042076,29,4,2076,Otoño
30042076,30,4,2076,Otoño
1052076,1,5,2076,Otoño
2052076,2,5,2076,Otoño
3052076,3,5,2076,Otoño
4052076,4,5,2076,Otoño
5052076,5,5,2076,Otoño
6052076,6,5,2076,Otoño
7052076,7,5,2076,Otoño
8052076,8,5,2076,Otoño
9052076,9,5,2076,Otoño
10052076,10,5,2076,Otoño
11052076,11,5,2076,Otoño
12052076,12,5,2076,Otoño
13052076,13,5,2076,Otoño
14052076,14,5,2076,Otoño
15052076,15,5,2076,Otoño
16052076,16,5,2076,Otoño
17052076,17,5,2076,Otoño
18052076,18,5,2076,Otoño
19052076,19,5,2076,Otoño
20052076,20,5,2076,Otoño
21052076,21,5,2076,Otoño
22052076,22,5,2076,Otoño
23052076,23,5,2076,Otoño
24052076,24,5,2076,Otoño
25052076,25,5,2076,Otoño
26052076,26,5,2076,Otoño
27052076,27,5,2076,Otoño
28052076,28,5,2076,Otoño
29052076,29,5,2076,Otoño
30052076,30,5,2076,Otoño
31052076,31,5,2076,Otoño
1062076,1,6,2076,Invierno
2062076,2,6,2076,Invierno
3062076,3,6,2076,Invierno
4062076,4,6,2076,Invierno
5062076,5,6,2076,Invierno
6062076,6,6,2076,Invierno
7062076,7,6,2076,Invierno
8062076,8,6,2076,Invierno
9062076,9,6,2076,Invierno
10062076,10,6,2076,Invierno
11062076,11,6,2076,Invierno
12062076,12,6,2076,Invierno
13062076,13,6,2076,Invierno
14062076,14,6,2076,Invierno
15062076,15,6,2076,Invierno
16062076,16,6,2076,Invierno
17062076,17,6,2076,Invierno
18062076,18,6,2076,Invierno
19062076,19,6,2076,Invierno
20062076,20,6,2076,Invierno
21062076,21,6,2076,Invierno
22062076,22,6,2076,Invierno
23062076,23,6,2076,Invierno
24062076,24,6,2076,Invierno
25062076,25,6,2076,Invierno
26062076,26,6,2076,Invierno
27062076,27,6,2076,Invierno
28062076,28,6,2076,Invierno
29062076,29,6,2076,Invierno
30062076,30,6,2076,Invierno
1072076,1,7,2076,Invierno
2072076,2,7,2076,Invierno
3072076,3,7,2076,Invierno
4072076,4,7,2076,Invierno
5072076,5,7,2076,Invierno
6072076,6,7,2076,Invierno
7072076,7,7,2076,Invierno
8072076,8,7,2076,Invierno
9072076,9,7,2076,Invierno
10072076,10,7,2076,Invierno
11072076,11,7,2076,Invierno
12072076,12,7,2076,Invierno
13072076,13,7,2076,Invierno
14072076,14,7,2076,Invierno
15072076,15,7,2076,Invierno
16072076,16,7,2076,Invierno
17072076,17,7,2076,Invierno
18072076,18,7,2076,Invierno
19072076,19,7,2076,Invierno
20072076,20,7,2076,Invierno
21072076,21,7,2076,Invierno
22072076,22,7,2076,Invierno
23072076,23,7,2076,Invierno
24072076,24,7,2076,Invierno
25072076,25,7,2076,Invierno
26072076,26,7,2076,Invierno
27072076,27,7,2076,Invierno
28072076,28,7,2076,Invierno
29072076,29,7,2076,Invierno
30072076,30,7,2076,Invierno
31072076,31,7,2076,Invierno
1082076,1,8,2076,Invierno
2082076,2,8,2076,Invierno
3082076,3,8,2076,Invierno
4082076,4,8,2076,Invierno
5082076,5,8,2076,Invierno
6082076,6,8,2076,Invierno
7082076,7,8,2076,Invierno
8082076,8,8,2076,Invierno
9082076,9,8,2076,Invierno
10082076,10,8,2076,Invierno
11082076,11,8,2076,Invierno
12082076,12,8,2076,Invierno
13082076,13,8,2076,Invierno
14082076,14,8,2076,Invierno
15082076,15,8,2076,Invierno
16082076,16,8,2076,Invierno
17082076,17,8,2076,Invierno
18082076,18,8,2076,Invierno
19082076,19,8,2076,Invierno
20082076,20,8,2076,Invierno
21082076,21,8,2076,Invierno
22082076,22,8,2076,Invierno
23082076,23,8,2076,Invierno
24082076,24,8,2076,Invierno
25082076,25,8,2076,Invierno
26082076,26,8,2076,Invierno
27082076,27,8,2076,Invierno
28082076,28,8,2076,Invierno
29082076,29,8,2076,Invierno
30082076,30,8,2076,Invierno
31082076,31,8,2076,Invierno
1092076,1,9,2076,Primavera
2092076,2,9,2076,Primavera
3092076,3,9,2076,Primavera
4092076,4,9,2076,Primavera
5092076,5,9,2076,Primavera
6092076,6,9,2076,Primavera
7092076,7,9,2076,Primavera
8092076,8,9,2076,Primavera
9092076,9,9,2076,Primavera
10092076,10,9,2076,Primavera
11092076,11,9,2076,Primavera
12092076,12,9,2076,Primavera
13092076,13,9,2076,Primavera
14092076,14,9,2076,Primavera
15092076,15,9,2076,Primavera
16092076,16,9,2076,Primavera
17092076,17,9,2076,Primavera
18092076,18,9,2076,Primavera
19092076,19,9,2076,Primavera
20092076,20,9,2076,Primavera
21092076,21,9,2076,Primavera
22092076,22,9,2076,Primavera
23092076,23,9,2076,Primavera
24092076,24,9,2076,Primavera
25092076,25,9,2076,Primavera
26092076,26,9,2076,Primavera
27092076,27,9,2076,Primavera
28092076,28,9,2076,Primavera
29092076,29,9,2076,Primavera
30092076,30,9,2076,Primavera
1102076,1,10,2076,Primavera
2102076,2,10,2076,Primavera
3102076,3,10,2076,Primavera
4102076,4,10,2076,Primavera
5102076,5,10,2076,Primavera
6102076,6,10,2076,Primavera
7102076,7,10,2076,Primavera
8102076,8,10,2076,Primavera
9102076,9,10,2076,Primavera
10102076,10,10,2076,Primavera
11102076,11,10,2076,Primavera
12102076,12,10,2076,Primavera
13102076,13,10,2076,Primavera
14102076,14,10,2076,Primavera
15102076,15,10,2076,Primavera
16102076,16,10,2076,Primavera
17102076,17,10,2076,Primavera
18102076,18,10,2076,Primavera
19102076,19,10,2076,Primavera
20102076,20,10,2076,Primavera
21102076,21,10,2076,Primavera
22102076,22,10,2076,Primavera
23102076,23,10,2076,Primavera
24102076,24,10,2076,Primavera
25102076,25,10,2076,Primavera
26102076,26,10,2076,Primavera
27102076,27,10,2076,Primavera
28102076,28,10,2076,Primavera
29102076,29,10,2076,Primavera
30102076,30,10,2076,Primavera
31102076,31,10,2076,Primavera
1112076,1,11,2076,Primavera
2112076,2,11,2076,Primavera
3112076,3,11,2076,Primavera
4112076,4,11,2076,Primavera
5112076,5,11,2076,Primavera
6112076,6,11,2076,Primavera
7112076,7,11,2076,Primavera
8112076,8,11,2076,Primavera
9112076,9,11,2076,Primavera
10112076,10,11,2076,Primavera
11112076,11,11,2076,Primavera
12112076,12,11,2076,Primavera
13112076,13,11,2076,Primavera
14112076,14,11,2076,Primavera
15112076,15,11,2076,Primavera
16112076,16,11,2076,Primavera
17112076,17,11,2076,Primavera
18112076,18,11,2076,Primavera
19112076,19,11,2076,Primavera
20112076,20,11,2076,Primavera
21112076,21,11,2076,Primavera
22112076,22,11,2076,Primavera
23112076,23,11,2076,Primavera
24112076,24,11,2076,Primavera
25112076,25,11,2076,Primavera
26112076,26,11,2076,Primavera
27112076,27,11,2076,Primavera
28112076,28,11,2076,Primavera
29112076,29,11,2076,Primavera
30112076,30,11,2076,Primavera
1122076,1,12,2076,Verano
2122076,2,12,2076,Verano
3122076,3,12,2076,Verano
4122076,4,12,2076,Verano
5122076,5,12,2076,Verano
6122076,6,12,2076,Verano
7122076,7,12,2076,Verano
8122076,8,12,2076,Verano
9122076,9,12,2076,Verano
10122076,10,12,2076,Verano
11122076,11,12,2076,Verano
12122076,12,12,2076,Verano
13122076,13,12,2076,Verano
14122076,14,12,2076,Verano
15122076,15,12,2076,Verano
16122076,16,12,2076,Verano
17122076,17,12,2076,Verano
18122076,18,12,2076,Verano
19122076,19,12,2076,Verano
20122076,20,12,2076,Verano
21122076,21,12,2076,Verano
22122076,22,12,2076,Verano
23122076,23,12,2076,Verano
24122076,24,12,2076,Verano
25122076,25,12,2076,Verano
26122076,26,12,2076,Verano
27122076,27,12,2076,Verano
28122076,28,12,2076,Verano
29122076,29,12,2076,Verano
30122076,30,12,2076,Verano
31122076,31,12,2076,Verano
1012077,1,1,2077,Verano
2012077,2,1,2077,Verano
3012077,3,1,2077,Verano
4012077,4,1,2077,Verano
5012077,5,1,2077,Verano
6012077,6,1,2077,Verano
7012077,7,1,2077,Verano
8012077,8,1,2077,Verano
9012077,9,1,2077,Verano
10012077,10,1,2077,Verano
11012077,11,1,2077,Verano
12012077,12,1,2077,Verano
13012077,13,1,2077,Verano
14012077,14,1,2077,Verano
15012077,15,1,2077,Verano
16012077,16,1,2077,Verano
17012077,17,1,2077,Verano
18012077,18,1,2077,Verano
19012077,19,1,2077,Verano
20012077,20,1,2077,Verano
21012077,21,1,2077,Verano
22012077,22,1,2077,Verano
23012077,23,1,2077,Verano
24012077,24,1,2077,Verano
25012077,25,1,2077,Verano
26012077,26,1,2077,Verano
27012077,27,1,2077,Verano
28012077,28,1,2077,Verano
29012077,29,1,2077,Verano
30012077,30,1,2077,Verano
31012077,31,1,2077,Verano
1022077,1,2,2077,Verano
2022077,2,2,2077,Verano
3022077,3,2,2077,Verano
4022077,4,2,2077,Verano
5022077,5,2,2077,Verano
6022077,6,2,2077,Verano
7022077,7,2,2077,Verano
8022077,8,2,2077,Verano
9022077,9,2,2077,Verano
10022077,10,2,2077,Verano
11022077,11,2,2077,Verano
12022077,12,2,2077,Verano
13022077,13,2,2077,Verano
14022077,14,2,2077,Verano
15022077,15,2,2077,Verano
16022077,16,2,2077,Verano
17022077,17,2,2077,Verano
18022077,18,2,2077,Verano
19022077,19,2,2077,Verano
20022077,20,2,2077,Verano
21022077,21,2,2077,Verano
22022077,22,2,2077,Verano
23022077,23,2,2077,Verano
24022077,24,2,2077,Verano
25022077,25,2,2077,Verano
26022077,26,2,2077,Verano
27022077,27,2,2077,Verano
28022077,28,2,2077,Verano
1032077,1,3,2077,Otoño
2032077,2,3,2077,Otoño
3032077,3,3,2077,Otoño
4032077,4,3,2077,Otoño
5032077,5,3,2077,Otoño
6032077,6,3,2077,Otoño
7032077,7,3,2077,Otoño
8032077,8,3,2077,Otoño
9032077,9,3,2077,Otoño
10032077,10,3,2077,Otoño
11032077,11,3,2077,Otoño
12032077,12,3,2077,Otoño
13032077,13,3,2077,Otoño
14032077,14,3,2077,Otoño
15032077,15,3,2077,Otoño
16032077,16,3,2077,Otoño
17032077,17,3,2077,Otoño
18032077,18,3,2077,Otoño
19032077,19,3,2077,Otoño
20032077,20,3,2077,Otoño
21032077,21,3,2077,Otoño
22032077,22,3,2077,Otoño
23032077,23,3,2077,Otoño
24032077,24,3,2077,Otoño
25032077,25,3,2077,Otoño
26032077,26,3,2077,Otoño
27032077,27,3,2077,Otoño
28032077,28,3,2077,Otoño
29032077,29,3,2077,Otoño
30032077,30,3,2077,Otoño
31032077,31,3,2077,Otoño
1042077,1,4,2077,Otoño
2042077,2,4,2077,Otoño
3042077,3,4,2077,Otoño
4042077,4,4,2077,Otoño
5042077,5,4,2077,Otoño
6042077,6,4,2077,Otoño
7042077,7,4,2077,Otoño
8042077,8,4,2077,Otoño
9042077,9,4,2077,Otoño
10042077,10,4,2077,Otoño
11042077,11,4,2077,Otoño
12042077,12,4,2077,Otoño
13042077,13,4,2077,Otoño
14042077,14,4,2077,Otoño
15042077,15,4,2077,Otoño
16042077,16,4,2077,Otoño
17042077,17,4,2077,Otoño
18042077,18,4,2077,Otoño
19042077,19,4,2077,Otoño
20042077,20,4,2077,Otoño
21042077,21,4,2077,Otoño
22042077,22,4,2077,Otoño
23042077,23,4,2077,Otoño
24042077,24,4,2077,Otoño
25042077,25,4,2077,Otoño
26042077,26,4,2077,Otoño
27042077,27,4,2077,Otoño
28042077,28,4,2077,Otoño
29042077,29,4,2077,Otoño
30042077,30,4,2077,Otoño
1052077,1,5,2077,Otoño
2052077,2,5,2077,Otoño
3052077,3,5,2077,Otoño
4052077,4,5,2077,Otoño
5052077,5,5,2077,Otoño
6052077,6,5,2077,Otoño
7052077,7,5,2077,Otoño
8052077,8,5,2077,Otoño
9052077,9,5,2077,Otoño
10052077,10,5,2077,Otoño
11052077,11,5,2077,Otoño
12052077,12,5,2077,Otoño
13052077,13,5,2077,Otoño
14052077,14,5,2077,Otoño
15052077,15,5,2077,Otoño
16052077,16,5,2077,Otoño
17052077,17,5,2077,Otoño
18052077,18,5,2077,Otoño
19052077,19,5,2077,Otoño
20052077,20,5,2077,Otoño
21052077,21,5,2077,Otoño
22052077,22,5,2077,Otoño
23052077,23,5,2077,Otoño
24052077,24,5,2077,Otoño
25052077,25,5,2077,Otoño
26052077,26,5,2077,Otoño
27052077,27,5,2077,Otoño
28052077,28,5,2077,Otoño
29052077,29,5,2077,Otoño
30052077,30,5,2077,Otoño
31052077,31,5,2077,Otoño
1062077,1,6,2077,Invierno
2062077,2,6,2077,Invierno
3062077,3,6,2077,Invierno
4062077,4,6,2077,Invierno
5062077,5,6,2077,Invierno
6062077,6,6,2077,Invierno
7062077,7,6,2077,Invierno
8062077,8,6,2077,Invierno
9062077,9,6,2077,Invierno
10062077,10,6,2077,Invierno
11062077,11,6,2077,Invierno
12062077,12,6,2077,Invierno
13062077,13,6,2077,Invierno
14062077,14,6,2077,Invierno
15062077,15,6,2077,Invierno
16062077,16,6,2077,Invierno
17062077,17,6,2077,Invierno
18062077,18,6,2077,Invierno
19062077,19,6,2077,Invierno
20062077,20,6,2077,Invierno
21062077,21,6,2077,Invierno
22062077,22,6,2077,Invierno
23062077,23,6,2077,Invierno
24062077,24,6,2077,Invierno
25062077,25,6,2077,Invierno
26062077,26,6,2077,Invierno
27062077,27,6,2077,Invierno
28062077,28,6,2077,Invierno
29062077,29,6,2077,Invierno
30062077,30,6,2077,Invierno
1072077,1,7,2077,Invierno
2072077,2,7,2077,Invierno
3072077,3,7,2077,Invierno
4072077,4,7,2077,Invierno
5072077,5,7,2077,Invierno
6072077,6,7,2077,Invierno
7072077,7,7,2077,Invierno
8072077,8,7,2077,Invierno
9072077,9,7,2077,Invierno
10072077,10,7,2077,Invierno
11072077,11,7,2077,Invierno
12072077,12,7,2077,Invierno
13072077,13,7,2077,Invierno
14072077,14,7,2077,Invierno
15072077,15,7,2077,Invierno
16072077,16,7,2077,Invierno
17072077,17,7,2077,Invierno
18072077,18,7,2077,Invierno
19072077,19,7,2077,Invierno
20072077,20,7,2077,Invierno
21072077,21,7,2077,Invierno
22072077,22,7,2077,Invierno
23072077,23,7,2077,Invierno
24072077,24,7,2077,Invierno
25072077,25,7,2077,Invierno
26072077,26,7,2077,Invierno
27072077,27,7,2077,Invierno
28072077,28,7,2077,Invierno
29072077,29,7,2077,Invierno
30072077,30,7,2077,Invierno
31072077,31,7,2077,Invierno
1082077,1,8,2077,Invierno
2082077,2,8,2077,Invierno
3082077,3,8,2077,Invierno
4082077,4,8,2077,Invierno
5082077,5,8,2077,Invierno
6082077,6,8,2077,Invierno
7082077,7,8,2077,Invierno
8082077,8,8,2077,Invierno
9082077,9,8,2077,Invierno
10082077,10,8,2077,Invierno
11082077,11,8,2077,Invierno
12082077,12,8,2077,Invierno
13082077,13,8,2077,Invierno
14082077,14,8,2077,Invierno
15082077,15,8,2077,Invierno
16082077,16,8,2077,Invierno
17082077,17,8,2077,Invierno
18082077,18,8,2077,Invierno
19082077,19,8,2077,Invierno
20082077,20,8,2077,Invierno
21082077,21,8,2077,Invierno
22082077,22,8,2077,Invierno
23082077,23,8,2077,Invierno
24082077,24,8,2077,Invierno
25082077,25,8,2077,Invierno
26082077,26,8,2077,Invierno
27082077,27,8,2077,Invierno
28082077,28,8,2077,Invierno
29082077,29,8,2077,Invierno
30082077,30,8,2077,Invierno
31082077,31,8,2077,Invierno
1092077,1,9,2077,Primavera
2092077,2,9,2077,Primavera
3092077,3,9,2077,Primavera
4092077,4,9,2077,Primavera
5092077,5,9,2077,Primavera
6092077,6,9,2077,Primavera
7092077,7,9,2077,Primavera
8092077,8,9,2077,Primavera
9092077,9,9,2077,Primavera
10092077,10,9,2077,Primavera
11092077,11,9,2077,Primavera
12092077,12,9,2077,Primavera
13092077,13,9,2077,Primavera
14092077,14,9,2077,Primavera
15092077,15,9,2077,Primavera
16092077,16,9,2077,Primavera
17092077,17,9,2077,Primavera
18092077,18,9,2077,Primavera
19092077,19,9,2077,Primavera
20092077,20,9,2077,Primavera
21092077,21,9,2077,Primavera
22092077,22,9,2077,Primavera
23092077,23,9,2077,Primavera
24092077,24,9,2077,Primavera
25092077,25,9,2077,Primavera
26092077,26,9,2077,Primavera
27092077,27,9,2077,Primavera
28092077,28,9,2077,Primavera
29092077,29,9,2077,Primavera
30092077,30,9,2077,Primavera
1102077,1,10,2077,Primavera
2102077,2,10,2077,Primavera
3102077,3,10,2077,Primavera
4102077,4,10,2077,Primavera
5102077,5,10,2077,Primavera
6102077,6,10,2077,Primavera
7102077,7,10,2077,Primavera
8102077,8,10,2077,Primavera
9102077,9,10,2077,Primavera
10102077,10,10,2077,Primavera
11102077,11,10,2077,Primavera
12102077,12,10,2077,Primavera
13102077,13,10,2077,Primavera
14102077,14,10,2077,Primavera
15102077,15,10,2077,Primavera
16102077,16,10,2077,Primavera
17102077,17,10,2077,Primavera
18102077,18,10,2077,Primavera
19102077,19,10,2077,Primavera
20102077,20,10,2077,Primavera
21102077,21,10,2077,Primavera
22102077,22,10,2077,Primavera
23102077,23,10,2077,Primavera
24102077,24,10,2077,Primavera
25102077,25,10,2077,Primavera
26102077,26,10,2077,Primavera
27102077,27,10,2077,Primavera
28102077,28,10,2077,Primavera
29102077,29,10,2077,Primavera
30102077,30,10,2077,Primavera
31102077,31,10,2077,Primavera
1112077,1,11,2077,Primavera
2112077,2,11,2077,Primavera
3112077,3,11,2077,Primavera
4112077,4,11,2077,Primavera
5112077,5,11,2077,Primavera
6112077,6,11,2077,Primavera
7112077,7,11,2077,Primavera
8112077,8,11,2077,Primavera
9112077,9,11,2077,Primavera
10112077,10,11,2077,Primavera
11112077,11,11,2077,Primavera
12112077,12,11,2077,Primavera
13112077,13,11,2077,Primavera
14112077,14,11,2077,Primavera
15112077,15,11,2077,Primavera
16112077,16,11,2077,Primavera
17112077,17,11,2077,Primavera
18112077,18,11,2077,Primavera
19112077,19,11,2077,Primavera
20112077,20,11,2077,Primavera
21112077,21,11,2077,Primavera
22112077,22,11,2077,Primavera
23112077,23,11,2077,Primavera
24112077,24,11,2077,Primavera
25112077,25,11,2077,Primavera
26112077,26,11,2077,Primavera
27112077,27,11,2077,Primavera
28112077,28,11,2077,Primavera
29112077,29,11,2077,Primavera
30112077,30,11,2077,Primavera
1122077,1,12,2077,Verano
2122077,2,12,2077,Verano
3122077,3,12,2077,Verano
4122077,4,12,2077,Verano
5122077,5,12,2077,Verano
6122077,6,12,2077,Verano
7122077,7,12,2077,Verano
8122077,8,12,2077,Verano
9122077,9,12,2077,Verano
10122077,10,12,2077,Verano
11122077,11,12,2077,Verano
12122077,12,12,2077,Verano
13122077,13,12,2077,Verano
14122077,14,12,2077,Verano
15122077,15,12,2077,Verano
16122077,16,12,2077,Verano
17122077,17,12,2077,Verano
18122077,18,12,2077,Verano
19122077,19,12,2077,Verano
20122077,20,12,2077,Verano
21122077,21,12,2077,Verano
22122077,22,12,2077,Verano
23122077,23,12,2077,Verano
24122077,24,12,2077,Verano
25122077,25,12,2077,Verano
26122077,26,12,2077,Verano
27122077,27,12,2077,Verano
28122077,28,12,2077,Verano
29122077,29,12,2077,Verano
30122077,30,12,2077,Verano
31122077,31,12,2077,Verano
1012078,1,1,2078,Verano
2012078,2,1,2078,Verano
3012078,3,1,2078,Verano
4012078,4,1,2078,Verano
5012078,5,1,2078,Verano
6012078,6,1,2078,Verano
7012078,7,1,2078,Verano
8012078,8,1,2078,Verano
9012078,9,1,2078,Verano
10012078,10,1,2078,Verano
11012078,11,1,2078,Verano
12012078,12,1,2078,Verano
13012078,13,1,2078,Verano
14012078,14,1,2078,Verano
15012078,15,1,2078,Verano
16012078,16,1,2078,Verano
17012078,17,1,2078,Verano
18012078,18,1,2078,Verano
19012078,19,1,2078,Verano
20012078,20,1,2078,Verano
21012078,21,1,2078,Verano
22012078,22,1,2078,Verano
23012078,23,1,2078,Verano
24012078,24,1,2078,Verano
25012078,25,1,2078,Verano
26012078,26,1,2078,Verano
27012078,27,1,2078,Verano
28012078,28,1,2078,Verano
29012078,29,1,2078,Verano
30012078,30,1,2078,Verano
31012078,31,1,2078,Verano
1022078,1,2,2078,Verano
2022078,2,2,2078,Verano
3022078,3,2,2078,Verano
4022078,4,2,2078,Verano
5022078,5,2,2078,Verano
6022078,6,2,2078,Verano
7022078,7,2,2078,Verano
8022078,8,2,2078,Verano
9022078,9,2,2078,Verano
10022078,10,2,2078,Verano
11022078,11,2,2078,Verano
12022078,12,2,2078,Verano
13022078,13,2,2078,Verano
14022078,14,2,2078,Verano
15022078,15,2,2078,Verano
16022078,16,2,2078,Verano
17022078,17,2,2078,Verano
18022078,18,2,2078,Verano
19022078,19,2,2078,Verano
20022078,20,2,2078,Verano
21022078,21,2,2078,Verano
22022078,22,2,2078,Verano
23022078,23,2,2078,Verano
24022078,24,2,2078,Verano
25022078,25,2,2078,Verano
26022078,26,2,2078,Verano
27022078,27,2,2078,Verano
28022078,28,2,2078,Verano
1032078,1,3,2078,Otoño
2032078,2,3,2078,Otoño
3032078,3,3,2078,Otoño
4032078,4,3,2078,Otoño
5032078,5,3,2078,Otoño
6032078,6,3,2078,Otoño
7032078,7,3,2078,Otoño
8032078,8,3,2078,Otoño
9032078,9,3,2078,Otoño
10032078,10,3,2078,Otoño
11032078,11,3,2078,Otoño
12032078,12,3,2078,Otoño
13032078,13,3,2078,Otoño
14032078,14,3,2078,Otoño
15032078,15,3,2078,Otoño
16032078,16,3,2078,Otoño
17032078,17,3,2078,Otoño
18032078,18,3,2078,Otoño
19032078,19,3,2078,Otoño
20032078,20,3,2078,Otoño
21032078,21,3,2078,Otoño
22032078,22,3,2078,Otoño
23032078,23,3,2078,Otoño
24032078,24,3,2078,Otoño
25032078,25,3,2078,Otoño
26032078,26,3,2078,Otoño
27032078,27,3,2078,Otoño
28032078,28,3,2078,Otoño
29032078,29,3,2078,Otoño
30032078,30,3,2078,Otoño
31032078,31,3,2078,Otoño
1042078,1,4,2078,Otoño
2042078,2,4,2078,Otoño
3042078,3,4,2078,Otoño
4042078,4,4,2078,Otoño
5042078,5,4,2078,Otoño
6042078,6,4,2078,Otoño
7042078,7,4,2078,Otoño
8042078,8,4,2078,Otoño
9042078,9,4,2078,Otoño
10042078,10,4,2078,Otoño
11042078,11,4,2078,Otoño
12042078,12,4,2078,Otoño
13042078,13,4,2078,Otoño
14042078,14,4,2078,Otoño
15042078,15,4,2078,Otoño
16042078,16,4,2078,Otoño
17042078,17,4,2078,Otoño
18042078,18,4,2078,Otoño
19042078,19,4,2078,Otoño
20042078,20,4,2078,Otoño
21042078,21,4,2078,Otoño
22042078,22,4,2078,Otoño
23042078,23,4,2078,Otoño
24042078,24,4,2078,Otoño
25042078,25,4,2078,Otoño
26042078,26,4,2078,Otoño
27042078,27,4,2078,Otoño
28042078,28,4,2078,Otoño
29042078,29,4,2078,Otoño
30042078,30,4,2078,Otoño
1052078,1,5,2078,Otoño
2052078,2,5,2078,Otoño
3052078,3,5,2078,Otoño
4052078,4,5,2078,Otoño
5052078,5,5,2078,Otoño
6052078,6,5,2078,Otoño
7052078,7,5,2078,Otoño
8052078,8,5,2078,Otoño
9052078,9,5,2078,Otoño
10052078,10,5,2078,Otoño
11052078,11,5,2078,Otoño
12052078,12,5,2078,Otoño
13052078,13,5,2078,Otoño
14052078,14,5,2078,Otoño
15052078,15,5,2078,Otoño
16052078,16,5,2078,Otoño
17052078,17,5,2078,Otoño
18052078,18,5,2078,Otoño
19052078,19,5,2078,Otoño
20052078,20,5,2078,Otoño
21052078,21,5,2078,Otoño
22052078,22,5,2078,Otoño
23052078,23,5,2078,Otoño
24052078,24,5,2078,Otoño
25052078,25,5,2078,Otoño
26052078,26,5,2078,Otoño
27052078,27,5,2078,Otoño
28052078,28,5,2078,Otoño
29052078,29,5,2078,Otoño
30052078,30,5,2078,Otoño
31052078,31,5,2078,Otoño
1062078,1,6,2078,Invierno
2062078,2,6,2078,Invierno
3062078,3,6,2078,Invierno
4062078,4,6,2078,Invierno
5062078,5,6,2078,Invierno
6062078,6,6,2078,Invierno
7062078,7,6,2078,Invierno
8062078,8,6,2078,Invierno
9062078,9,6,2078,Invierno
10062078,10,6,2078,Invierno
11062078,11,6,2078,Invierno
12062078,12,6,2078,Invierno
13062078,13,6,2078,Invierno
14062078,14,6,2078,Invierno
15062078,15,6,2078,Invierno
16062078,16,6,2078,Invierno
17062078,17,6,2078,Invierno
18062078,18,6,2078,Invierno
19062078,19,6,2078,Invierno
20062078,20,6,2078,Invierno
21062078,21,6,2078,Invierno
22062078,22,6,2078,Invierno
23062078,23,6,2078,Invierno
24062078,24,6,2078,Invierno
25062078,25,6,2078,Invierno
26062078,26,6,2078,Invierno
27062078,27,6,2078,Invierno
28062078,28,6,2078,Invierno
29062078,29,6,2078,Invierno
30062078,30,6,2078,Invierno
1072078,1,7,2078,Invierno
2072078,2,7,2078,Invierno
3072078,3,7,2078,Invierno
4072078,4,7,2078,Invierno
5072078,5,7,2078,Invierno
6072078,6,7,2078,Invierno
7072078,7,7,2078,Invierno
8072078,8,7,2078,Invierno
9072078,9,7,2078,Invierno
10072078,10,7,2078,Invierno
11072078,11,7,2078,Invierno
12072078,12,7,2078,Invierno
13072078,13,7,2078,Invierno
14072078,14,7,2078,Invierno
15072078,15,7,2078,Invierno
16072078,16,7,2078,Invierno
17072078,17,7,2078,Invierno
18072078,18,7,2078,Invierno
19072078,19,7,2078,Invierno
20072078,20,7,2078,Invierno
21072078,21,7,2078,Invierno
22072078,22,7,2078,Invierno
23072078,23,7,2078,Invierno
24072078,24,7,2078,Invierno
25072078,25,7,2078,Invierno
26072078,26,7,2078,Invierno
27072078,27,7,2078,Invierno
28072078,28,7,2078,Invierno
29072078,29,7,2078,Invierno
30072078,30,7,2078,Invierno
31072078,31,7,2078,Invierno
1082078,1,8,2078,Invierno
2082078,2,8,2078,Invierno
3082078,3,8,2078,Invierno
4082078,4,8,2078,Invierno
5082078,5,8,2078,Invierno
6082078,6,8,2078,Invierno
7082078,7,8,2078,Invierno
8082078,8,8,2078,Invierno
9082078,9,8,2078,Invierno
10082078,10,8,2078,Invierno
11082078,11,8,2078,Invierno
12082078,12,8,2078,Invierno
13082078,13,8,2078,Invierno
14082078,14,8,2078,Invierno
15082078,15,8,2078,Invierno
16082078,16,8,2078,Invierno
17082078,17,8,2078,Invierno
18082078,18,8,2078,Invierno
19082078,19,8,2078,Invierno
20082078,20,8,2078,Invierno
21082078,21,8,2078,Invierno
22082078,22,8,2078,Invierno
23082078,23,8,2078,Invierno
24082078,24,8,2078,Invierno
25082078,25,8,2078,Invierno
26082078,26,8,2078,Invierno
27082078,27,8,2078,Invierno
28082078,28,8,2078,Invierno
29082078,29,8,2078,Invierno
30082078,30,8,2078,Invierno
31082078,31,8,2078,Invierno
1092078,1,9,2078,Primavera
2092078,2,9,2078,Primavera
3092078,3,9,2078,Primavera
4092078,4,9,2078,Primavera
5092078,5,9,2078,Primavera
6092078,6,9,2078,Primavera
7092078,7,9,2078,Primavera
8092078,8,9,2078,Primavera
9092078,9,9,2078,Primavera
10092078,10,9,2078,Primavera
11092078,11,9,2078,Primavera
12092078,12,9,2078,Primavera
13092078,13,9,2078,Primavera
14092078,14,9,2078,Primavera
15092078,15,9,2078,Primavera
16092078,16,9,2078,Primavera
17092078,17,9,2078,Primavera
18092078,18,9,2078,Primavera
19092078,19,9,2078,Primavera
20092078,20,9,2078,Primavera
21092078,21,9,2078,Primavera
22092078,22,9,2078,Primavera
23092078,23,9,2078,Primavera
24092078,24,9,2078,Primavera
25092078,25,9,2078,Primavera
26092078,26,9,2078,Primavera
27092078,27,9,2078,Primavera
28092078,28,9,2078,Primavera
29092078,29,9,2078,Primavera
30092078,30,9,2078,Primavera
1102078,1,10,2078,Primavera
2102078,2,10,2078,Primavera
3102078,3,10,2078,Primavera
4102078,4,10,2078,Primavera
5102078,5,10,2078,Primavera
6102078,6,10,2078,Primavera
7102078,7,10,2078,Primavera
8102078,8,10,2078,Primavera
9102078,9,10,2078,Primavera
10102078,10,10,2078,Primavera
11102078,11,10,2078,Primavera
12102078,12,10,2078,Primavera
13102078,13,10,2078,Primavera
14102078,14,10,2078,Primavera
15102078,15,10,2078,Primavera
16102078,16,10,2078,Primavera
17102078,17,10,2078,Primavera
18102078,18,10,2078,Primavera
19102078,19,10,2078,Primavera
20102078,20,10,2078,Primavera
21102078,21,10,2078,Primavera
22102078,22,10,2078,Primavera
23102078,23,10,2078,Primavera
24102078,24,10,2078,Primavera
25102078,25,10,2078,Primavera
26102078,26,10,2078,Primavera
27102078,27,10,2078,Primavera
28102078,28,10,2078,Primavera
29102078,29,10,2078,Primavera
30102078,30,10,2078,Primavera
31102078,31,10,2078,Primavera
1112078,1,11,2078,Primavera
2112078,2,11,2078,Primavera
3112078,3,11,2078,Primavera
4112078,4,11,2078,Primavera
5112078,5,11,2078,Primavera
6112078,6,11,2078,Primavera
7112078,7,11,2078,Primavera
8112078,8,11,2078,Primavera
9112078,9,11,2078,Primavera
10112078,10,11,2078,Primavera
11112078,11,11,2078,Primavera
12112078,12,11,2078,Primavera
13112078,13,11,2078,Primavera
14112078,14,11,2078,Primavera
15112078,15,11,2078,Primavera
16112078,16,11,2078,Primavera
17112078,17,11,2078,Primavera
18112078,18,11,2078,Primavera
19112078,19,11,2078,Primavera
20112078,20,11,2078,Primavera
21112078,21,11,2078,Primavera
22112078,22,11,2078,Primavera
23112078,23,11,2078,Primavera
24112078,24,11,2078,Primavera
25112078,25,11,2078,Primavera
26112078,26,11,2078,Primavera
27112078,27,11,2078,Primavera
28112078,28,11,2078,Primavera
29112078,29,11,2078,Primavera
30112078,30,11,2078,Primavera
1122078,1,12,2078,Verano
2122078,2,12,2078,Verano
3122078,3,12,2078,Verano
4122078,4,12,2078,Verano
5122078,5,12,2078,Verano
6122078,6,12,2078,Verano
7122078,7,12,2078,Verano
8122078,8,12,2078,Verano
9122078,9,12,2078,Verano
10122078,10,12,2078,Verano
11122078,11,12,2078,Verano
12122078,12,12,2078,Verano
13122078,13,12,2078,Verano
14122078,14,12,2078,Verano
15122078,15,12,2078,Verano
16122078,16,12,2078,Verano
17122078,17,12,2078,Verano
18122078,18,12,2078,Verano
19122078,19,12,2078,Verano
20122078,20,12,2078,Verano
21122078,21,12,2078,Verano
22122078,22,12,2078,Verano
23122078,23,12,2078,Verano
24122078,24,12,2078,Verano
25122078,25,12,2078,Verano
26122078,26,12,2078,Verano
27122078,27,12,2078,Verano
28122078,28,12,2078,Verano
29122078,29,12,2078,Verano
30122078,30,12,2078,Verano
31122078,31,12,2078,Verano
1012079,1,1,2079,Verano
2012079,2,1,2079,Verano
3012079,3,1,2079,Verano
4012079,4,1,2079,Verano
5012079,5,1,2079,Verano
6012079,6,1,2079,Verano
7012079,7,1,2079,Verano
8012079,8,1,2079,Verano
9012079,9,1,2079,Verano
10012079,10,1,2079,Verano
11012079,11,1,2079,Verano
12012079,12,1,2079,Verano
13012079,13,1,2079,Verano
14012079,14,1,2079,Verano
15012079,15,1,2079,Verano
16012079,16,1,2079,Verano
17012079,17,1,2079,Verano
18012079,18,1,2079,Verano
19012079,19,1,2079,Verano
20012079,20,1,2079,Verano
21012079,21,1,2079,Verano
22012079,22,1,2079,Verano
23012079,23,1,2079,Verano
24012079,24,1,2079,Verano
25012079,25,1,2079,Verano
26012079,26,1,2079,Verano
27012079,27,1,2079,Verano
28012079,28,1,2079,Verano
29012079,29,1,2079,Verano
30012079,30,1,2079,Verano
31012079,31,1,2079,Verano
1022079,1,2,2079,Verano
2022079,2,2,2079,Verano
3022079,3,2,2079,Verano
4022079,4,2,2079,Verano
5022079,5,2,2079,Verano
6022079,6,2,2079,Verano
7022079,7,2,2079,Verano
8022079,8,2,2079,Verano
9022079,9,2,2079,Verano
10022079,10,2,2079,Verano
11022079,11,2,2079,Verano
12022079,12,2,2079,Verano
13022079,13,2,2079,Verano
14022079,14,2,2079,Verano
15022079,15,2,2079,Verano
16022079,16,2,2079,Verano
17022079,17,2,2079,Verano
18022079,18,2,2079,Verano
19022079,19,2,2079,Verano
20022079,20,2,2079,Verano
21022079,21,2,2079,Verano
22022079,22,2,2079,Verano
23022079,23,2,2079,Verano
24022079,24,2,2079,Verano
25022079,25,2,2079,Verano
26022079,26,2,2079,Verano
27022079,27,2,2079,Verano
28022079,28,2,2079,Verano
1032079,1,3,2079,Otoño
2032079,2,3,2079,Otoño
3032079,3,3,2079,Otoño
4032079,4,3,2079,Otoño
5032079,5,3,2079,Otoño
6032079,6,3,2079,Otoño
7032079,7,3,2079,Otoño
8032079,8,3,2079,Otoño
9032079,9,3,2079,Otoño
10032079,10,3,2079,Otoño
11032079,11,3,2079,Otoño
12032079,12,3,2079,Otoño
13032079,13,3,2079,Otoño
14032079,14,3,2079,Otoño
15032079,15,3,2079,Otoño
16032079,16,3,2079,Otoño
17032079,17,3,2079,Otoño
18032079,18,3,2079,Otoño
19032079,19,3,2079,Otoño
20032079,20,3,2079,Otoño
21032079,21,3,2079,Otoño
22032079,22,3,2079,Otoño
23032079,23,3,2079,Otoño
24032079,24,3,2079,Otoño
25032079,25,3,2079,Otoño
26032079,26,3,2079,Otoño
27032079,27,3,2079,Otoño
28032079,28,3,2079,Otoño
29032079,29,3,2079,Otoño
30032079,30,3,2079,Otoño
31032079,31,3,2079,Otoño
1042079,1,4,2079,Otoño
2042079,2,4,2079,Otoño
3042079,3,4,2079,Otoño
4042079,4,4,2079,Otoño
5042079,5,4,2079,Otoño
6042079,6,4,2079,Otoño
7042079,7,4,2079,Otoño
8042079,8,4,2079,Otoño
9042079,9,4,2079,Otoño
10042079,10,4,2079,Otoño
11042079,11,4,2079,Otoño
12042079,12,4,2079,Otoño
13042079,13,4,2079,Otoño
14042079,14,4,2079,Otoño
15042079,15,4,2079,Otoño
16042079,16,4,2079,Otoño
17042079,17,4,2079,Otoño
18042079,18,4,2079,Otoño
19042079,19,4,2079,Otoño
20042079,20,4,2079,Otoño
21042079,21,4,2079,Otoño
22042079,22,4,2079,Otoño
23042079,23,4,2079,Otoño
24042079,24,4,2079,Otoño
25042079,25,4,2079,Otoño
26042079,26,4,2079,Otoño
27042079,27,4,2079,Otoño
28042079,28,4,2079,Otoño
29042079,29,4,2079,Otoño
30042079,30,4,2079,Otoño
1052079,1,5,2079,Otoño
2052079,2,5,2079,Otoño
3052079,3,5,2079,Otoño
4052079,4,5,2079,Otoño
5052079,5,5,2079,Otoño
6052079,6,5,2079,Otoño
7052079,7,5,2079,Otoño
8052079,8,5,2079,Otoño
9052079,9,5,2079,Otoño
10052079,10,5,2079,Otoño
11052079,11,5,2079,Otoño
12052079,12,5,2079,Otoño
13052079,13,5,2079,Otoño
14052079,14,5,2079,Otoño
15052079,15,5,2079,Otoño
16052079,16,5,2079,Otoño
17052079,17,5,2079,Otoño
18052079,18,5,2079,Otoño
19052079,19,5,2079,Otoño
20052079,20,5,2079,Otoño
21052079,21,5,2079,Otoño
22052079,22,5,2079,Otoño
23052079,23,5,2079,Otoño
24052079,24,5,2079,Otoño
25052079,25,5,2079,Otoño
26052079,26,5,2079,Otoño
27052079,27,5,2079,Otoño
28052079,28,5,2079,Otoño
29052079,29,5,2079,Otoño
30052079,30,5,2079,Otoño
31052079,31,5,2079,Otoño
1062079,1,6,2079,Invierno
2062079,2,6,2079,Invierno
3062079,3,6,2079,Invierno
4062079,4,6,2079,Invierno
5062079,5,6,2079,Invierno
6062079,6,6,2079,Invierno
7062079,7,6,2079,Invierno
8062079,8,6,2079,Invierno
9062079,9,6,2079,Invierno
10062079,10,6,2079,Invierno
11062079,11,6,2079,Invierno
12062079,12,6,2079,Invierno
13062079,13,6,2079,Invierno
14062079,14,6,2079,Invierno
15062079,15,6,2079,Invierno
16062079,16,6,2079,Invierno
17062079,17,6,2079,Invierno
18062079,18,6,2079,Invierno
19062079,19,6,2079,Invierno
20062079,20,6,2079,Invierno
21062079,21,6,2079,Invierno
22062079,22,6,2079,Invierno
23062079,23,6,2079,Invierno
24062079,24,6,2079,Invierno
25062079,25,6,2079,Invierno
26062079,26,6,2079,Invierno
27062079,27,6,2079,Invierno
28062079,28,6,2079,Invierno
29062079,29,6,2079,Invierno
30062079,30,6,2079,Invierno
1072079,1,7,2079,Invierno
2072079,2,7,2079,Invierno
3072079,3,7,2079,Invierno
4072079,4,7,2079,Invierno
5072079,5,7,2079,Invierno
6072079,6,7,2079,Invierno
7072079,7,7,2079,Invierno
8072079,8,7,2079,Invierno
9072079,9,7,2079,Invierno
10072079,10,7,2079,Invierno
11072079,11,7,2079,Invierno
12072079,12,7,2079,Invierno
13072079,13,7,2079,Invierno
14072079,14,7,2079,Invierno
15072079,15,7,2079,Invierno
16072079,16,7,2079,Invierno
17072079,17,7,2079,Invierno
18072079,18,7,2079,Invierno
19072079,19,7,2079,Invierno
20072079,20,7,2079,Invierno
21072079,21,7,2079,Invierno
22072079,22,7,2079,Invierno
23072079,23,7,2079,Invierno
24072079,24,7,2079,Invierno
25072079,25,7,2079,Invierno
26072079,26,7,2079,Invierno
27072079,27,7,2079,Invierno
28072079,28,7,2079,Invierno
29072079,29,7,2079,Invierno
30072079,30,7,2079,Invierno
31072079,31,7,2079,Invierno
1082079,1,8,2079,Invierno
2082079,2,8,2079,Invierno
3082079,3,8,2079,Invierno
4082079,4,8,2079,Invierno
5082079,5,8,2079,Invierno
6082079,6,8,2079,Invierno
7082079,7,8,2079,Invierno
8082079,8,8,2079,Invierno
9082079,9,8,2079,Invierno
10082079,10,8,2079,Invierno
11082079,11,8,2079,Invierno
12082079,12,8,2079,Invierno
13082079,13,8,2079,Invierno
14082079,14,8,2079,Invierno
15082079,15,8,2079,Invierno
16082079,16,8,2079,Invierno
17082079,17,8,2079,Invierno
18082079,18,8,2079,Invierno
19082079,19,8,2079,Invierno
20082079,20,8,2079,Invierno
21082079,21,8,2079,Invierno
22082079,22,8,2079,Invierno
23082079,23,8,2079,Invierno
24082079,24,8,2079,Invierno
25082079,25,8,2079,Invierno
26082079,26,8,2079,Invierno
27082079,27,8,2079,Invierno
28082079,28,8,2079,Invierno
29082079,29,8,2079,Invierno
30082079,30,8,2079,Invierno
31082079,31,8,2079,Invierno
1092079,1,9,2079,Primavera
2092079,2,9,2079,Primavera
3092079,3,9,2079,Primavera
4092079,4,9,2079,Primavera
5092079,5,9,2079,Primavera
6092079,6,9,2079,Primavera
7092079,7,9,2079,Primavera
8092079,8,9,2079,Primavera
9092079,9,9,2079,Primavera
10092079,10,9,2079,Primavera
11092079,11,9,2079,Primavera
12092079,12,9,2079,Primavera
13092079,13,9,2079,Primavera
14092079,14,9,2079,Primavera
15092079,15,9,2079,Primavera
16092079,16,9,2079,Primavera
17092079,17,9,2079,Primavera
18092079,18,9,2079,Primavera
19092079,19,9,2079,Primavera
20092079,20,9,2079,Primavera
21092079,21,9,2079,Primavera
22092079,22,9,2079,Primavera
23092079,23,9,2079,Primavera
24092079,24,9,2079,Primavera
25092079,25,9,2079,Primavera
26092079,26,9,2079,Primavera
27092079,27,9,2079,Primavera
28092079,28,9,2079,Primavera
29092079,29,9,2079,Primavera
30092079,30,9,2079,Primavera
1102079,1,10,2079,Primavera
2102079,2,10,2079,Primavera
3102079,3,10,2079,Primavera
4102079,4,10,2079,Primavera
5102079,5,10,2079,Primavera
6102079,6,10,2079,Primavera
7102079,7,10,2079,Primavera
8102079,8,10,2079,Primavera
9102079,9,10,2079,Primavera
10102079,10,10,2079,Primavera
11102079,11,10,2079,Primavera
12102079,12,10,2079,Primavera
13102079,13,10,2079,Primavera
14102079,14,10,2079,Primavera
15102079,15,10,2079,Primavera
16102079,16,10,2079,Primavera
17102079,17,10,2079,Primavera
18102079,18,10,2079,Primavera
19102079,19,10,2079,Primavera
20102079,20,10,2079,Primavera
21102079,21,10,2079,Primavera
22102079,22,10,2079,Primavera
23102079,23,10,2079,Primavera
24102079,24,10,2079,Primavera
25102079,25,10,2079,Primavera
26102079,26,10,2079,Primavera
27102079,27,10,2079,Primavera
28102079,28,10,2079,Primavera
29102079,29,10,2079,Primavera
30102079,30,10,2079,Primavera
31102079,31,10,2079,Primavera
1112079,1,11,2079,Primavera
2112079,2,11,2079,Primavera
3112079,3,11,2079,Primavera
4112079,4,11,2079,Primavera
5112079,5,11,2079,Primavera
6112079,6,11,2079,Primavera
7112079,7,11,2079,Primavera
8112079,8,11,2079,Primavera
9112079,9,11,2079,Primavera
10112079,10,11,2079,Primavera
11112079,11,11,2079,Primavera
12112079,12,11,2079,Primavera
13112079,13,11,2079,Primavera
14112079,14,11,2079,Primavera
15112079,15,11,2079,Primavera
16112079,16,11,2079,Primavera
17112079,17,11,2079,Primavera
18112079,18,11,2079,Primavera
19112079,19,11,2079,Primavera
20112079,20,11,2079,Primavera
21112079,21,11,2079,Primavera
22112079,22,11,2079,Primavera
23112079,23,11,2079,Primavera
24112079,24,11,2079,Primavera
25112079,25,11,2079,Primavera
26112079,26,11,2079,Primavera
27112079,27,11,2079,Primavera
28112079,28,11,2079,Primavera
29112079,29,11,2079,Primavera
30112079,30,11,2079,Primavera
1122079,1,12,2079,Verano
2122079,2,12,2079,Verano
3122079,3,12,2079,Verano
4122079,4,12,2079,Verano
5122079,5,12,2079,Verano
6122079,6,12,2079,Verano
7122079,7,12,2079,Verano
8122079,8,12,2079,Verano
9122079,9,12,2079,Verano
10122079,10,12,2079,Verano
11122079,11,12,2079,Verano
12122079,12,12,2079,Verano
13122079,13,12,2079,Verano
14122079,14,12,2079,Verano
15122079,15,12,2079,Verano
16122079,16,12,2079,Verano
17122079,17,12,2079,Verano
18122079,18,12,2079,Verano
19122079,19,12,2079,Verano
20122079,20,12,2079,Verano
21122079,21,12,2079,Verano
22122079,22,12,2079,Verano
23122079,23,12,2079,Verano
24122079,24,12,2079,Verano
25122079,25,12,2079,Verano
26122079,26,12,2079,Verano
27122079,27,12,2079,Verano
28122079,28,12,2079,Verano
29122079,29,12,2079,Verano
30122079,30,12,2079,Verano
31122079,31,12,2079,Verano
1012080,1,1,2080,Verano
2012080,2,1,2080,Verano
3012080,3,1,2080,Verano
4012080,4,1,2080,Verano
5012080,5,1,2080,Verano
6012080,6,1,2080,Verano
7012080,7,1,2080,Verano
8012080,8,1,2080,Verano
9012080,9,1,2080,Verano
10012080,10,1,2080,Verano
11012080,11,1,2080,Verano
12012080,12,1,2080,Verano
13012080,13,1,2080,Verano
14012080,14,1,2080,Verano
15012080,15,1,2080,Verano
16012080,16,1,2080,Verano
17012080,17,1,2080,Verano
18012080,18,1,2080,Verano
19012080,19,1,2080,Verano
20012080,20,1,2080,Verano
21012080,21,1,2080,Verano
22012080,22,1,2080,Verano
23012080,23,1,2080,Verano
24012080,24,1,2080,Verano
25012080,25,1,2080,Verano
26012080,26,1,2080,Verano
27012080,27,1,2080,Verano
28012080,28,1,2080,Verano
29012080,29,1,2080,Verano
30012080,30,1,2080,Verano
31012080,31,1,2080,Verano
1022080,1,2,2080,Verano
2022080,2,2,2080,Verano
3022080,3,2,2080,Verano
4022080,4,2,2080,Verano
5022080,5,2,2080,Verano
6022080,6,2,2080,Verano
7022080,7,2,2080,Verano
8022080,8,2,2080,Verano
9022080,9,2,2080,Verano
10022080,10,2,2080,Verano
11022080,11,2,2080,Verano
12022080,12,2,2080,Verano
13022080,13,2,2080,Verano
14022080,14,2,2080,Verano
15022080,15,2,2080,Verano
16022080,16,2,2080,Verano
17022080,17,2,2080,Verano
18022080,18,2,2080,Verano
19022080,19,2,2080,Verano
20022080,20,2,2080,Verano
21022080,21,2,2080,Verano
22022080,22,2,2080,Verano
23022080,23,2,2080,Verano
24022080,24,2,2080,Verano
25022080,25,2,2080,Verano
26022080,26,2,2080,Verano
27022080,27,2,2080,Verano
28022080,28,2,2080,Verano
29022080,29,2,2080,Verano
1032080,1,3,2080,Otoño
2032080,2,3,2080,Otoño
3032080,3,3,2080,Otoño
4032080,4,3,2080,Otoño
5032080,5,3,2080,Otoño
6032080,6,3,2080,Otoño
7032080,7,3,2080,Otoño
8032080,8,3,2080,Otoño
9032080,9,3,2080,Otoño
10032080,10,3,2080,Otoño
11032080,11,3,2080,Otoño
12032080,12,3,2080,Otoño
13032080,13,3,2080,Otoño
14032080,14,3,2080,Otoño
15032080,15,3,2080,Otoño
16032080,16,3,2080,Otoño
17032080,17,3,2080,Otoño
18032080,18,3,2080,Otoño
19032080,19,3,2080,Otoño
20032080,20,3,2080,Otoño
21032080,21,3,2080,Otoño
22032080,22,3,2080,Otoño
23032080,23,3,2080,Otoño
24032080,24,3,2080,Otoño
25032080,25,3,2080,Otoño
26032080,26,3,2080,Otoño
27032080,27,3,2080,Otoño
28032080,28,3,2080,Otoño
29032080,29,3,2080,Otoño
30032080,30,3,2080,Otoño
31032080,31,3,2080,Otoño
1042080,1,4,2080,Otoño
2042080,2,4,2080,Otoño
3042080,3,4,2080,Otoño
4042080,4,4,2080,Otoño
5042080,5,4,2080,Otoño
6042080,6,4,2080,Otoño
7042080,7,4,2080,Otoño
8042080,8,4,2080,Otoño
9042080,9,4,2080,Otoño
10042080,10,4,2080,Otoño
11042080,11,4,2080,Otoño
12042080,12,4,2080,Otoño
13042080,13,4,2080,Otoño
14042080,14,4,2080,Otoño
15042080,15,4,2080,Otoño
16042080,16,4,2080,Otoño
17042080,17,4,2080,Otoño
18042080,18,4,2080,Otoño
19042080,19,4,2080,Otoño
20042080,20,4,2080,Otoño
21042080,21,4,2080,Otoño
22042080,22,4,2080,Otoño
23042080,23,4,2080,Otoño
24042080,24,4,2080,Otoño
25042080,25,4,2080,Otoño
26042080,26,4,2080,Otoño
27042080,27,4,2080,Otoño
28042080,28,4,2080,Otoño
29042080,29,4,2080,Otoño
30042080,30,4,2080,Otoño
1052080,1,5,2080,Otoño
2052080,2,5,2080,Otoño
3052080,3,5,2080,Otoño
4052080,4,5,2080,Otoño
5052080,5,5,2080,Otoño
6052080,6,5,2080,Otoño
7052080,7,5,2080,Otoño
8052080,8,5,2080,Otoño
9052080,9,5,2080,Otoño
10052080,10,5,2080,Otoño
11052080,11,5,2080,Otoño
12052080,12,5,2080,Otoño
13052080,13,5,2080,Otoño
14052080,14,5,2080,Otoño
15052080,15,5,2080,Otoño
16052080,16,5,2080,Otoño
17052080,17,5,2080,Otoño
18052080,18,5,2080,Otoño
19052080,19,5,2080,Otoño
20052080,20,5,2080,Otoño
21052080,21,5,2080,Otoño
22052080,22,5,2080,Otoño
23052080,23,5,2080,Otoño
24052080,24,5,2080,Otoño
25052080,25,5,2080,Otoño
26052080,26,5,2080,Otoño
27052080,27,5,2080,Otoño
28052080,28,5,2080,Otoño
29052080,29,5,2080,Otoño
30052080,30,5,2080,Otoño
31052080,31,5,2080,Otoño
1062080,1,6,2080,Invierno
2062080,2,6,2080,Invierno
3062080,3,6,2080,Invierno
4062080,4,6,2080,Invierno
5062080,5,6,2080,Invierno
6062080,6,6,2080,Invierno
7062080,7,6,2080,Invierno
8062080,8,6,2080,Invierno
9062080,9,6,2080,Invierno
10062080,10,6,2080,Invierno
11062080,11,6,2080,Invierno
12062080,12,6,2080,Invierno
13062080,13,6,2080,Invierno
14062080,14,6,2080,Invierno
15062080,15,6,2080,Invierno
16062080,16,6,2080,Invierno
17062080,17,6,2080,Invierno
18062080,18,6,2080,Invierno
19062080,19,6,2080,Invierno
20062080,20,6,2080,Invierno
21062080,21,6,2080,Invierno
22062080,22,6,2080,Invierno
23062080,23,6,2080,Invierno
24062080,24,6,2080,Invierno
25062080,25,6,2080,Invierno
26062080,26,6,2080,Invierno
27062080,27,6,2080,Invierno
28062080,28,6,2080,Invierno
29062080,29,6,2080,Invierno
30062080,30,6,2080,Invierno
1072080,1,7,2080,Invierno
2072080,2,7,2080,Invierno
3072080,3,7,2080,Invierno
4072080,4,7,2080,Invierno
5072080,5,7,2080,Invierno
6072080,6,7,2080,Invierno
7072080,7,7,2080,Invierno
8072080,8,7,2080,Invierno
9072080,9,7,2080,Invierno
10072080,10,7,2080,Invierno
11072080,11,7,2080,Invierno
12072080,12,7,2080,Invierno
13072080,13,7,2080,Invierno
14072080,14,7,2080,Invierno
15072080,15,7,2080,Invierno
16072080,16,7,2080,Invierno
17072080,17,7,2080,Invierno
18072080,18,7,2080,Invierno
19072080,19,7,2080,Invierno
20072080,20,7,2080,Invierno
21072080,21,7,2080,Invierno
22072080,22,7,2080,Invierno
23072080,23,7,2080,Invierno
24072080,24,7,2080,Invierno
25072080,25,7,2080,Invierno
26072080,26,7,2080,Invierno
27072080,27,7,2080,Invierno
28072080,28,7,2080,Invierno
29072080,29,7,2080,Invierno
30072080,30,7,2080,Invierno
31072080,31,7,2080,Invierno
1082080,1,8,2080,Invierno
2082080,2,8,2080,Invierno
3082080,3,8,2080,Invierno
4082080,4,8,2080,Invierno
5082080,5,8,2080,Invierno
6082080,6,8,2080,Invierno
7082080,7,8,2080,Invierno
8082080,8,8,2080,Invierno
9082080,9,8,2080,Invierno
10082080,10,8,2080,Invierno
11082080,11,8,2080,Invierno
12082080,12,8,2080,Invierno
13082080,13,8,2080,Invierno
14082080,14,8,2080,Invierno
15082080,15,8,2080,Invierno
16082080,16,8,2080,Invierno
17082080,17,8,2080,Invierno
18082080,18,8,2080,Invierno
19082080,19,8,2080,Invierno
20082080,20,8,2080,Invierno
21082080,21,8,2080,Invierno
22082080,22,8,2080,Invierno
23082080,23,8,2080,Invierno
24082080,24,8,2080,Invierno
25082080,25,8,2080,Invierno
26082080,26,8,2080,Invierno
27082080,27,8,2080,Invierno
28082080,28,8,2080,Invierno
29082080,29,8,2080,Invierno
30082080,30,8,2080,Invierno
31082080,31,8,2080,Invierno
1092080,1,9,2080,Primavera
2092080,2,9,2080,Primavera
3092080,3,9,2080,Primavera
4092080,4,9,2080,Primavera
5092080,5,9,2080,Primavera
6092080,6,9,2080,Primavera
7092080,7,9,2080,Primavera
8092080,8,9,2080,Primavera
9092080,9,9,2080,Primavera
10092080,10,9,2080,Primavera
11092080,11,9,2080,Primavera
12092080,12,9,2080,Primavera
13092080,13,9,2080,Primavera
14092080,14,9,2080,Primavera
15092080,15,9,2080,Primavera
16092080,16,9,2080,Primavera
17092080,17,9,2080,Primavera
18092080,18,9,2080,Primavera
19092080,19,9,2080,Primavera
20092080,20,9,2080,Primavera
21092080,21,9,2080,Primavera
22092080,22,9,2080,Primavera
23092080,23,9,2080,Primavera
24092080,24,9,2080,Primavera
25092080,25,9,2080,Primavera
26092080,26,9,2080,Primavera
27092080,27,9,2080,Primavera
28092080,28,9,2080,Primavera
29092080,29,9,2080,Primavera
30092080,30,9,2080,Primavera
1102080,1,10,2080,Primavera
2102080,2,10,2080,Primavera
3102080,3,10,2080,Primavera
4102080,4,10,2080,Primavera
5102080,5,10,2080,Primavera
6102080,6,10,2080,Primavera
7102080,7,10,2080,Primavera
8102080,8,10,2080,Primavera
9102080,9,10,2080,Primavera
10102080,10,10,2080,Primavera
11102080,11,10,2080,Primavera
12102080,12,10,2080,Primavera
13102080,13,10,2080,Primavera
14102080,14,10,2080,Primavera
15102080,15,10,2080,Primavera
16102080,16,10,2080,Primavera
17102080,17,10,2080,Primavera
18102080,18,10,2080,Primavera
19102080,19,10,2080,Primavera
20102080,20,10,2080,Primavera
21102080,21,10,2080,Primavera
22102080,22,10,2080,Primavera
23102080,23,10,2080,Primavera
24102080,24,10,2080,Primavera
25102080,25,10,2080,Primavera
26102080,26,10,2080,Primavera
27102080,27,10,2080,Primavera
28102080,28,10,2080,Primavera
29102080,29,10,2080,Primavera
30102080,30,10,2080,Primavera
31102080,31,10,2080,Primavera
1112080,1,11,2080,Primavera
2112080,2,11,2080,Primavera
3112080,3,11,2080,Primavera
4112080,4,11,2080,Primavera
5112080,5,11,2080,Primavera
6112080,6,11,2080,Primavera
7112080,7,11,2080,Primavera
8112080,8,11,2080,Primavera
9112080,9,11,2080,Primavera
10112080,10,11,2080,Primavera
11112080,11,11,2080,Primavera
12112080,12,11,2080,Primavera
13112080,13,11,2080,Primavera
14112080,14,11,2080,Primavera
15112080,15,11,2080,Primavera
16112080,16,11,2080,Primavera
17112080,17,11,2080,Primavera
18112080,18,11,2080,Primavera
19112080,19,11,2080,Primavera
20112080,20,11,2080,Primavera
21112080,21,11,2080,Primavera
22112080,22,11,2080,Primavera
23112080,23,11,2080,Primavera
24112080,24,11,2080,Primavera
25112080,25,11,2080,Primavera
26112080,26,11,2080,Primavera
27112080,27,11,2080,Primavera
28112080,28,11,2080,Primavera
29112080,29,11,2080,Primavera
30112080,30,11,2080,Primavera
1122080,1,12,2080,Verano
2122080,2,12,2080,Verano
3122080,3,12,2080,Verano
4122080,4,12,2080,Verano
5122080,5,12,2080,Verano
6122080,6,12,2080,Verano
7122080,7,12,2080,Verano
8122080,8,12,2080,Verano
9122080,9,12,2080,Verano
10122080,10,12,2080,Verano
11122080,11,12,2080,Verano
12122080,12,12,2080,Verano
13122080,13,12,2080,Verano
14122080,14,12,2080,Verano
15122080,15,12,2080,Verano
16122080,16,12,2080,Verano
17122080,17,12,2080,Verano
18122080,18,12,2080,Verano
19122080,19,12,2080,Verano
20122080,20,12,2080,Verano
21122080,21,12,2080,Verano
22122080,22,12,2080,Verano
23122080,23,12,2080,Verano
24122080,24,12,2080,Verano
25122080,25,12,2080,Verano
26122080,26,12,2080,Verano
27122080,27,12,2080,Verano
28122080,28,12,2080,Verano
29122080,29,12,2080,Verano
30122080,30,12,2080,Verano
31122080,31,12,2080,Verano
1012081,1,1,2081,Verano
2012081,2,1,2081,Verano
3012081,3,1,2081,Verano
4012081,4,1,2081,Verano
5012081,5,1,2081,Verano
6012081,6,1,2081,Verano
7012081,7,1,2081,Verano
8012081,8,1,2081,Verano
9012081,9,1,2081,Verano
10012081,10,1,2081,Verano
11012081,11,1,2081,Verano
12012081,12,1,2081,Verano
13012081,13,1,2081,Verano
14012081,14,1,2081,Verano
15012081,15,1,2081,Verano
16012081,16,1,2081,Verano
17012081,17,1,2081,Verano
18012081,18,1,2081,Verano
19012081,19,1,2081,Verano
20012081,20,1,2081,Verano
21012081,21,1,2081,Verano
22012081,22,1,2081,Verano
23012081,23,1,2081,Verano
24012081,24,1,2081,Verano
25012081,25,1,2081,Verano
26012081,26,1,2081,Verano
27012081,27,1,2081,Verano
28012081,28,1,2081,Verano
29012081,29,1,2081,Verano
30012081,30,1,2081,Verano
31012081,31,1,2081,Verano
1022081,1,2,2081,Verano
2022081,2,2,2081,Verano
3022081,3,2,2081,Verano
4022081,4,2,2081,Verano
5022081,5,2,2081,Verano
6022081,6,2,2081,Verano
7022081,7,2,2081,Verano
8022081,8,2,2081,Verano
9022081,9,2,2081,Verano
10022081,10,2,2081,Verano
11022081,11,2,2081,Verano
12022081,12,2,2081,Verano
13022081,13,2,2081,Verano
14022081,14,2,2081,Verano
15022081,15,2,2081,Verano
16022081,16,2,2081,Verano
17022081,17,2,2081,Verano
18022081,18,2,2081,Verano
19022081,19,2,2081,Verano
20022081,20,2,2081,Verano
21022081,21,2,2081,Verano
22022081,22,2,2081,Verano
23022081,23,2,2081,Verano
24022081,24,2,2081,Verano
25022081,25,2,2081,Verano
26022081,26,2,2081,Verano
27022081,27,2,2081,Verano
28022081,28,2,2081,Verano
1032081,1,3,2081,Otoño
2032081,2,3,2081,Otoño
3032081,3,3,2081,Otoño
4032081,4,3,2081,Otoño
5032081,5,3,2081,Otoño
6032081,6,3,2081,Otoño
7032081,7,3,2081,Otoño
8032081,8,3,2081,Otoño
9032081,9,3,2081,Otoño
10032081,10,3,2081,Otoño
11032081,11,3,2081,Otoño
12032081,12,3,2081,Otoño
13032081,13,3,2081,Otoño
14032081,14,3,2081,Otoño
15032081,15,3,2081,Otoño
16032081,16,3,2081,Otoño
17032081,17,3,2081,Otoño
18032081,18,3,2081,Otoño
19032081,19,3,2081,Otoño
20032081,20,3,2081,Otoño
21032081,21,3,2081,Otoño
22032081,22,3,2081,Otoño
23032081,23,3,2081,Otoño
24032081,24,3,2081,Otoño
25032081,25,3,2081,Otoño
26032081,26,3,2081,Otoño
27032081,27,3,2081,Otoño
28032081,28,3,2081,Otoño
29032081,29,3,2081,Otoño
30032081,30,3,2081,Otoño
31032081,31,3,2081,Otoño
1042081,1,4,2081,Otoño
2042081,2,4,2081,Otoño
3042081,3,4,2081,Otoño
4042081,4,4,2081,Otoño
5042081,5,4,2081,Otoño
6042081,6,4,2081,Otoño
7042081,7,4,2081,Otoño
8042081,8,4,2081,Otoño
9042081,9,4,2081,Otoño
10042081,10,4,2081,Otoño
11042081,11,4,2081,Otoño
12042081,12,4,2081,Otoño
13042081,13,4,2081,Otoño
14042081,14,4,2081,Otoño
15042081,15,4,2081,Otoño
16042081,16,4,2081,Otoño
17042081,17,4,2081,Otoño
18042081,18,4,2081,Otoño
19042081,19,4,2081,Otoño
20042081,20,4,2081,Otoño
21042081,21,4,2081,Otoño
22042081,22,4,2081,Otoño
23042081,23,4,2081,Otoño
24042081,24,4,2081,Otoño
25042081,25,4,2081,Otoño
26042081,26,4,2081,Otoño
27042081,27,4,2081,Otoño
28042081,28,4,2081,Otoño
29042081,29,4,2081,Otoño
30042081,30,4,2081,Otoño
1052081,1,5,2081,Otoño
2052081,2,5,2081,Otoño
3052081,3,5,2081,Otoño
4052081,4,5,2081,Otoño
5052081,5,5,2081,Otoño
6052081,6,5,2081,Otoño
7052081,7,5,2081,Otoño
8052081,8,5,2081,Otoño
9052081,9,5,2081,Otoño
10052081,10,5,2081,Otoño
11052081,11,5,2081,Otoño
12052081,12,5,2081,Otoño
13052081,13,5,2081,Otoño
14052081,14,5,2081,Otoño
15052081,15,5,2081,Otoño
16052081,16,5,2081,Otoño
17052081,17,5,2081,Otoño
18052081,18,5,2081,Otoño
19052081,19,5,2081,Otoño
20052081,20,5,2081,Otoño
21052081,21,5,2081,Otoño
22052081,22,5,2081,Otoño
23052081,23,5,2081,Otoño
24052081,24,5,2081,Otoño
25052081,25,5,2081,Otoño
26052081,26,5,2081,Otoño
27052081,27,5,2081,Otoño
28052081,28,5,2081,Otoño
29052081,29,5,2081,Otoño
30052081,30,5,2081,Otoño
31052081,31,5,2081,Otoño
1062081,1,6,2081,Invierno
2062081,2,6,2081,Invierno
3062081,3,6,2081,Invierno
4062081,4,6,2081,Invierno
5062081,5,6,2081,Invierno
6062081,6,6,2081,Invierno
7062081,7,6,2081,Invierno
8062081,8,6,2081,Invierno
9062081,9,6,2081,Invierno
10062081,10,6,2081,Invierno
11062081,11,6,2081,Invierno
12062081,12,6,2081,Invierno
13062081,13,6,2081,Invierno
14062081,14,6,2081,Invierno
15062081,15,6,2081,Invierno
16062081,16,6,2081,Invierno
17062081,17,6,2081,Invierno
18062081,18,6,2081,Invierno
19062081,19,6,2081,Invierno
20062081,20,6,2081,Invierno
21062081,21,6,2081,Invierno
22062081,22,6,2081,Invierno
23062081,23,6,2081,Invierno
24062081,24,6,2081,Invierno
25062081,25,6,2081,Invierno
26062081,26,6,2081,Invierno
27062081,27,6,2081,Invierno
28062081,28,6,2081,Invierno
29062081,29,6,2081,Invierno
30062081,30,6,2081,Invierno
1072081,1,7,2081,Invierno
2072081,2,7,2081,Invierno
3072081,3,7,2081,Invierno
4072081,4,7,2081,Invierno
5072081,5,7,2081,Invierno
6072081,6,7,2081,Invierno
7072081,7,7,2081,Invierno
8072081,8,7,2081,Invierno
9072081,9,7,2081,Invierno
10072081,10,7,2081,Invierno
11072081,11,7,2081,Invierno
12072081,12,7,2081,Invierno
13072081,13,7,2081,Invierno
14072081,14,7,2081,Invierno
15072081,15,7,2081,Invierno
16072081,16,7,2081,Invierno
17072081,17,7,2081,Invierno
18072081,18,7,2081,Invierno
19072081,19,7,2081,Invierno
20072081,20,7,2081,Invierno
21072081,21,7,2081,Invierno
22072081,22,7,2081,Invierno
23072081,23,7,2081,Invierno
24072081,24,7,2081,Invierno
25072081,25,7,2081,Invierno
26072081,26,7,2081,Invierno
27072081,27,7,2081,Invierno
28072081,28,7,2081,Invierno
29072081,29,7,2081,Invierno
30072081,30,7,2081,Invierno
31072081,31,7,2081,Invierno
1082081,1,8,2081,Invierno
2082081,2,8,2081,Invierno
3082081,3,8,2081,Invierno
4082081,4,8,2081,Invierno
5082081,5,8,2081,Invierno
6082081,6,8,2081,Invierno
7082081,7,8,2081,Invierno
8082081,8,8,2081,Invierno
9082081,9,8,2081,Invierno
10082081,10,8,2081,Invierno
11082081,11,8,2081,Invierno
12082081,12,8,2081,Invierno
13082081,13,8,2081,Invierno
14082081,14,8,2081,Invierno
15082081,15,8,2081,Invierno
16082081,16,8,2081,Invierno
17082081,17,8,2081,Invierno
18082081,18,8,2081,Invierno
19082081,19,8,2081,Invierno
20082081,20,8,2081,Invierno
21082081,21,8,2081,Invierno
22082081,22,8,2081,Invierno
23082081,23,8,2081,Invierno
24082081,24,8,2081,Invierno
25082081,25,8,2081,Invierno
26082081,26,8,2081,Invierno
27082081,27,8,2081,Invierno
28082081,28,8,2081,Invierno
29082081,29,8,2081,Invierno
30082081,30,8,2081,Invierno
31082081,31,8,2081,Invierno
1092081,1,9,2081,Primavera
2092081,2,9,2081,Primavera
3092081,3,9,2081,Primavera
4092081,4,9,2081,Primavera
5092081,5,9,2081,Primavera
6092081,6,9,2081,Primavera
7092081,7,9,2081,Primavera
8092081,8,9,2081,Primavera
9092081,9,9,2081,Primavera
10092081,10,9,2081,Primavera
11092081,11,9,2081,Primavera
12092081,12,9,2081,Primavera
13092081,13,9,2081,Primavera
14092081,14,9,2081,Primavera
15092081,15,9,2081,Primavera
16092081,16,9,2081,Primavera
17092081,17,9,2081,Primavera
18092081,18,9,2081,Primavera
19092081,19,9,2081,Primavera
20092081,20,9,2081,Primavera
21092081,21,9,2081,Primavera
22092081,22,9,2081,Primavera
23092081,23,9,2081,Primavera
24092081,24,9,2081,Primavera
25092081,25,9,2081,Primavera
26092081,26,9,2081,Primavera
27092081,27,9,2081,Primavera
28092081,28,9,2081,Primavera
29092081,29,9,2081,Primavera
30092081,30,9,2081,Primavera
1102081,1,10,2081,Primavera
2102081,2,10,2081,Primavera
3102081,3,10,2081,Primavera
4102081,4,10,2081,Primavera
5102081,5,10,2081,Primavera
6102081,6,10,2081,Primavera
7102081,7,10,2081,Primavera
8102081,8,10,2081,Primavera
9102081,9,10,2081,Primavera
10102081,10,10,2081,Primavera
11102081,11,10,2081,Primavera
12102081,12,10,2081,Primavera
13102081,13,10,2081,Primavera
14102081,14,10,2081,Primavera
15102081,15,10,2081,Primavera
16102081,16,10,2081,Primavera
17102081,17,10,2081,Primavera
18102081,18,10,2081,Primavera
19102081,19,10,2081,Primavera
20102081,20,10,2081,Primavera
21102081,21,10,2081,Primavera
22102081,22,10,2081,Primavera
23102081,23,10,2081,Primavera
24102081,24,10,2081,Primavera
25102081,25,10,2081,Primavera
26102081,26,10,2081,Primavera
27102081,27,10,2081,Primavera
28102081,28,10,2081,Primavera
29102081,29,10,2081,Primavera
30102081,30,10,2081,Primavera
31102081,31,10,2081,Primavera
1112081,1,11,2081,Primavera
2112081,2,11,2081,Primavera
3112081,3,11,2081,Primavera
4112081,4,11,2081,Primavera
5112081,5,11,2081,Primavera
6112081,6,11,2081,Primavera
7112081,7,11,2081,Primavera
8112081,8,11,2081,Primavera
9112081,9,11,2081,Primavera
10112081,10,11,2081,Primavera
11112081,11,11,2081,Primavera
12112081,12,11,2081,Primavera
13112081,13,11,2081,Primavera
14112081,14,11,2081,Primavera
15112081,15,11,2081,Primavera
16112081,16,11,2081,Primavera
17112081,17,11,2081,Primavera
18112081,18,11,2081,Primavera
19112081,19,11,2081,Primavera
20112081,20,11,2081,Primavera
21112081,21,11,2081,Primavera
22112081,22,11,2081,Primavera
23112081,23,11,2081,Primavera
24112081,24,11,2081,Primavera
25112081,25,11,2081,Primavera
26112081,26,11,2081,Primavera
27112081,27,11,2081,Primavera
28112081,28,11,2081,Primavera
29112081,29,11,2081,Primavera
30112081,30,11,2081,Primavera
1122081,1,12,2081,Verano
2122081,2,12,2081,Verano
3122081,3,12,2081,Verano
4122081,4,12,2081,Verano
5122081,5,12,2081,Verano
6122081,6,12,2081,Verano
7122081,7,12,2081,Verano
8122081,8,12,2081,Verano
9122081,9,12,2081,Verano
10122081,10,12,2081,Verano
11122081,11,12,2081,Verano
12122081,12,12,2081,Verano
13122081,13,12,2081,Verano
14122081,14,12,2081,Verano
15122081,15,12,2081,Verano
16122081,16,12,2081,Verano
17122081,17,12,2081,Verano
18122081,18,12,2081,Verano
19122081,19,12,2081,Verano
20122081,20,12,2081,Verano
21122081,21,12,2081,Verano
22122081,22,12,2081,Verano
23122081,23,12,2081,Verano
24122081,24,12,2081,Verano
25122081,25,12,2081,Verano
26122081,26,12,2081,Verano
27122081,27,12,2081,Verano
28122081,28,12,2081,Verano
29122081,29,12,2081,Verano
30122081,30,12,2081,Verano
31122081,31,12,2081,Verano
1012082,1,1,2082,Verano
2012082,2,1,2082,Verano
3012082,3,1,2082,Verano
4012082,4,1,2082,Verano
5012082,5,1,2082,Verano
6012082,6,1,2082,Verano
7012082,7,1,2082,Verano
8012082,8,1,2082,Verano
9012082,9,1,2082,Verano
10012082,10,1,2082,Verano
11012082,11,1,2082,Verano
12012082,12,1,2082,Verano
13012082,13,1,2082,Verano
14012082,14,1,2082,Verano
15012082,15,1,2082,Verano
16012082,16,1,2082,Verano
17012082,17,1,2082,Verano
18012082,18,1,2082,Verano
19012082,19,1,2082,Verano
20012082,20,1,2082,Verano
21012082,21,1,2082,Verano
22012082,22,1,2082,Verano
23012082,23,1,2082,Verano
24012082,24,1,2082,Verano
25012082,25,1,2082,Verano
26012082,26,1,2082,Verano
27012082,27,1,2082,Verano
28012082,28,1,2082,Verano
29012082,29,1,2082,Verano
30012082,30,1,2082,Verano
31012082,31,1,2082,Verano
1022082,1,2,2082,Verano
2022082,2,2,2082,Verano
3022082,3,2,2082,Verano
4022082,4,2,2082,Verano
5022082,5,2,2082,Verano
6022082,6,2,2082,Verano
7022082,7,2,2082,Verano
8022082,8,2,2082,Verano
9022082,9,2,2082,Verano
10022082,10,2,2082,Verano
11022082,11,2,2082,Verano
12022082,12,2,2082,Verano
13022082,13,2,2082,Verano
14022082,14,2,2082,Verano
15022082,15,2,2082,Verano
16022082,16,2,2082,Verano
17022082,17,2,2082,Verano
18022082,18,2,2082,Verano
19022082,19,2,2082,Verano
20022082,20,2,2082,Verano
21022082,21,2,2082,Verano
22022082,22,2,2082,Verano
23022082,23,2,2082,Verano
24022082,24,2,2082,Verano
25022082,25,2,2082,Verano
26022082,26,2,2082,Verano
27022082,27,2,2082,Verano
28022082,28,2,2082,Verano
1032082,1,3,2082,Otoño
2032082,2,3,2082,Otoño
3032082,3,3,2082,Otoño
4032082,4,3,2082,Otoño
5032082,5,3,2082,Otoño
6032082,6,3,2082,Otoño
7032082,7,3,2082,Otoño
8032082,8,3,2082,Otoño
9032082,9,3,2082,Otoño
10032082,10,3,2082,Otoño
11032082,11,3,2082,Otoño
12032082,12,3,2082,Otoño
13032082,13,3,2082,Otoño
14032082,14,3,2082,Otoño
15032082,15,3,2082,Otoño
16032082,16,3,2082,Otoño
17032082,17,3,2082,Otoño
18032082,18,3,2082,Otoño
19032082,19,3,2082,Otoño
20032082,20,3,2082,Otoño
21032082,21,3,2082,Otoño
22032082,22,3,2082,Otoño
23032082,23,3,2082,Otoño
24032082,24,3,2082,Otoño
25032082,25,3,2082,Otoño
26032082,26,3,2082,Otoño
27032082,27,3,2082,Otoño
28032082,28,3,2082,Otoño
29032082,29,3,2082,Otoño
30032082,30,3,2082,Otoño
31032082,31,3,2082,Otoño
1042082,1,4,2082,Otoño
2042082,2,4,2082,Otoño
3042082,3,4,2082,Otoño
4042082,4,4,2082,Otoño
5042082,5,4,2082,Otoño
6042082,6,4,2082,Otoño
7042082,7,4,2082,Otoño
8042082,8,4,2082,Otoño
9042082,9,4,2082,Otoño
10042082,10,4,2082,Otoño
11042082,11,4,2082,Otoño
12042082,12,4,2082,Otoño
13042082,13,4,2082,Otoño
14042082,14,4,2082,Otoño
15042082,15,4,2082,Otoño
16042082,16,4,2082,Otoño
17042082,17,4,2082,Otoño
18042082,18,4,2082,Otoño
19042082,19,4,2082,Otoño
20042082,20,4,2082,Otoño
21042082,21,4,2082,Otoño
22042082,22,4,2082,Otoño
23042082,23,4,2082,Otoño
24042082,24,4,2082,Otoño
25042082,25,4,2082,Otoño
26042082,26,4,2082,Otoño
27042082,27,4,2082,Otoño
28042082,28,4,2082,Otoño
29042082,29,4,2082,Otoño
30042082,30,4,2082,Otoño
1052082,1,5,2082,Otoño
2052082,2,5,2082,Otoño
3052082,3,5,2082,Otoño
4052082,4,5,2082,Otoño
5052082,5,5,2082,Otoño
6052082,6,5,2082,Otoño
7052082,7,5,2082,Otoño
8052082,8,5,2082,Otoño
9052082,9,5,2082,Otoño
10052082,10,5,2082,Otoño
11052082,11,5,2082,Otoño
12052082,12,5,2082,Otoño
13052082,13,5,2082,Otoño
14052082,14,5,2082,Otoño
15052082,15,5,2082,Otoño
16052082,16,5,2082,Otoño
17052082,17,5,2082,Otoño
18052082,18,5,2082,Otoño
19052082,19,5,2082,Otoño
20052082,20,5,2082,Otoño
21052082,21,5,2082,Otoño
22052082,22,5,2082,Otoño
23052082,23,5,2082,Otoño
24052082,24,5,2082,Otoño
25052082,25,5,2082,Otoño
26052082,26,5,2082,Otoño
27052082,27,5,2082,Otoño
28052082,28,5,2082,Otoño
29052082,29,5,2082,Otoño
30052082,30,5,2082,Otoño
31052082,31,5,2082,Otoño
1062082,1,6,2082,Invierno
2062082,2,6,2082,Invierno
3062082,3,6,2082,Invierno
4062082,4,6,2082,Invierno
5062082,5,6,2082,Invierno
6062082,6,6,2082,Invierno
7062082,7,6,2082,Invierno
8062082,8,6,2082,Invierno
9062082,9,6,2082,Invierno
10062082,10,6,2082,Invierno
11062082,11,6,2082,Invierno
12062082,12,6,2082,Invierno
13062082,13,6,2082,Invierno
14062082,14,6,2082,Invierno
15062082,15,6,2082,Invierno
16062082,16,6,2082,Invierno
17062082,17,6,2082,Invierno
18062082,18,6,2082,Invierno
19062082,19,6,2082,Invierno
20062082,20,6,2082,Invierno
21062082,21,6,2082,Invierno
22062082,22,6,2082,Invierno
23062082,23,6,2082,Invierno
24062082,24,6,2082,Invierno
25062082,25,6,2082,Invierno
26062082,26,6,2082,Invierno
27062082,27,6,2082,Invierno
28062082,28,6,2082,Invierno
29062082,29,6,2082,Invierno
30062082,30,6,2082,Invierno
1072082,1,7,2082,Invierno
2072082,2,7,2082,Invierno
3072082,3,7,2082,Invierno
4072082,4,7,2082,Invierno
5072082,5,7,2082,Invierno
6072082,6,7,2082,Invierno
7072082,7,7,2082,Invierno
8072082,8,7,2082,Invierno
9072082,9,7,2082,Invierno
10072082,10,7,2082,Invierno
11072082,11,7,2082,Invierno
12072082,12,7,2082,Invierno
13072082,13,7,2082,Invierno
14072082,14,7,2082,Invierno
15072082,15,7,2082,Invierno
16072082,16,7,2082,Invierno
17072082,17,7,2082,Invierno
18072082,18,7,2082,Invierno
19072082,19,7,2082,Invierno
20072082,20,7,2082,Invierno
21072082,21,7,2082,Invierno
22072082,22,7,2082,Invierno
23072082,23,7,2082,Invierno
24072082,24,7,2082,Invierno
25072082,25,7,2082,Invierno
26072082,26,7,2082,Invierno
27072082,27,7,2082,Invierno
28072082,28,7,2082,Invierno
29072082,29,7,2082,Invierno
30072082,30,7,2082,Invierno
31072082,31,7,2082,Invierno
1082082,1,8,2082,Invierno
2082082,2,8,2082,Invierno
3082082,3,8,2082,Invierno
4082082,4,8,2082,Invierno
5082082,5,8,2082,Invierno
6082082,6,8,2082,Invierno
7082082,7,8,2082,Invierno
8082082,8,8,2082,Invierno
9082082,9,8,2082,Invierno
10082082,10,8,2082,Invierno
11082082,11,8,2082,Invierno
12082082,12,8,2082,Invierno
13082082,13,8,2082,Invierno
14082082,14,8,2082,Invierno
15082082,15,8,2082,Invierno
16082082,16,8,2082,Invierno
17082082,17,8,2082,Invierno
18082082,18,8,2082,Invierno
19082082,19,8,2082,Invierno
20082082,20,8,2082,Invierno
21082082,21,8,2082,Invierno
22082082,22,8,2082,Invierno
23082082,23,8,2082,Invierno
24082082,24,8,2082,Invierno
25082082,25,8,2082,Invierno
26082082,26,8,2082,Invierno
27082082,27,8,2082,Invierno
28082082,28,8,2082,Invierno
29082082,29,8,2082,Invierno
30082082,30,8,2082,Invierno
31082082,31,8,2082,Invierno
1092082,1,9,2082,Primavera
2092082,2,9,2082,Primavera
3092082,3,9,2082,Primavera
4092082,4,9,2082,Primavera
5092082,5,9,2082,Primavera
6092082,6,9,2082,Primavera
7092082,7,9,2082,Primavera
8092082,8,9,2082,Primavera
9092082,9,9,2082,Primavera
10092082,10,9,2082,Primavera
11092082,11,9,2082,Primavera
12092082,12,9,2082,Primavera
13092082,13,9,2082,Primavera
14092082,14,9,2082,Primavera
15092082,15,9,2082,Primavera
16092082,16,9,2082,Primavera
17092082,17,9,2082,Primavera
18092082,18,9,2082,Primavera
19092082,19,9,2082,Primavera
20092082,20,9,2082,Primavera
21092082,21,9,2082,Primavera
22092082,22,9,2082,Primavera
23092082,23,9,2082,Primavera
24092082,24,9,2082,Primavera
25092082,25,9,2082,Primavera
26092082,26,9,2082,Primavera
27092082,27,9,2082,Primavera
28092082,28,9,2082,Primavera
29092082,29,9,2082,Primavera
30092082,30,9,2082,Primavera
1102082,1,10,2082,Primavera
2102082,2,10,2082,Primavera
3102082,3,10,2082,Primavera
4102082,4,10,2082,Primavera
5102082,5,10,2082,Primavera
6102082,6,10,2082,Primavera
7102082,7,10,2082,Primavera
8102082,8,10,2082,Primavera
9102082,9,10,2082,Primavera
10102082,10,10,2082,Primavera
11102082,11,10,2082,Primavera
12102082,12,10,2082,Primavera
13102082,13,10,2082,Primavera
14102082,14,10,2082,Primavera
15102082,15,10,2082,Primavera
16102082,16,10,2082,Primavera
17102082,17,10,2082,Primavera
18102082,18,10,2082,Primavera
19102082,19,10,2082,Primavera
20102082,20,10,2082,Primavera
21102082,21,10,2082,Primavera
22102082,22,10,2082,Primavera
23102082,23,10,2082,Primavera
24102082,24,10,2082,Primavera
25102082,25,10,2082,Primavera
26102082,26,10,2082,Primavera
27102082,27,10,2082,Primavera
28102082,28,10,2082,Primavera
29102082,29,10,2082,Primavera
30102082,30,10,2082,Primavera
31102082,31,10,2082,Primavera
1112082,1,11,2082,Primavera
2112082,2,11,2082,Primavera
3112082,3,11,2082,Primavera
4112082,4,11,2082,Primavera
5112082,5,11,2082,Primavera
6112082,6,11,2082,Primavera
7112082,7,11,2082,Primavera
8112082,8,11,2082,Primavera
9112082,9,11,2082,Primavera
10112082,10,11,2082,Primavera
11112082,11,11,2082,Primavera
12112082,12,11,2082,Primavera
13112082,13,11,2082,Primavera
14112082,14,11,2082,Primavera
15112082,15,11,2082,Primavera
16112082,16,11,2082,Primavera
17112082,17,11,2082,Primavera
18112082,18,11,2082,Primavera
19112082,19,11,2082,Primavera
20112082,20,11,2082,Primavera
21112082,21,11,2082,Primavera
22112082,22,11,2082,Primavera
23112082,23,11,2082,Primavera
24112082,24,11,2082,Primavera
25112082,25,11,2082,Primavera
26112082,26,11,2082,Primavera
27112082,27,11,2082,Primavera
28112082,28,11,2082,Primavera
29112082,29,11,2082,Primavera
30112082,30,11,2082,Primavera
1122082,1,12,2082,Verano
2122082,2,12,2082,Verano
3122082,3,12,2082,Verano
4122082,4,12,2082,Verano
5122082,5,12,2082,Verano
6122082,6,12,2082,Verano
7122082,7,12,2082,Verano
8122082,8,12,2082,Verano
9122082,9,12,2082,Verano
10122082,10,12,2082,Verano
11122082,11,12,2082,Verano
12122082,12,12,2082,Verano
13122082,13,12,2082,Verano
14122082,14,12,2082,Verano
15122082,15,12,2082,Verano
16122082,16,12,2082,Verano
17122082,17,12,2082,Verano
18122082,18,12,2082,Verano
19122082,19,12,2082,Verano
20122082,20,12,2082,Verano
21122082,21,12,2082,Verano
22122082,22,12,2082,Verano
23122082,23,12,2082,Verano
24122082,24,12,2082,Verano
25122082,25,12,2082,Verano
26122082,26,12,2082,Verano
27122082,27,12,2082,Verano
28122082,28,12,2082,Verano
29122082,29,12,2082,Verano
30122082,30,12,2082,Verano
31122082,31,12,2082,Verano
1012083,1,1,2083,Verano
2012083,2,1,2083,Verano
3012083,3,1,2083,Verano
4012083,4,1,2083,Verano
5012083,5,1,2083,Verano
6012083,6,1,2083,Verano
7012083,7,1,2083,Verano
8012083,8,1,2083,Verano
9012083,9,1,2083,Verano
10012083,10,1,2083,Verano
11012083,11,1,2083,Verano
12012083,12,1,2083,Verano
13012083,13,1,2083,Verano
14012083,14,1,2083,Verano
15012083,15,1,2083,Verano
16012083,16,1,2083,Verano
17012083,17,1,2083,Verano
18012083,18,1,2083,Verano
19012083,19,1,2083,Verano
20012083,20,1,2083,Verano
21012083,21,1,2083,Verano
22012083,22,1,2083,Verano
23012083,23,1,2083,Verano
24012083,24,1,2083,Verano
25012083,25,1,2083,Verano
26012083,26,1,2083,Verano
27012083,27,1,2083,Verano
28012083,28,1,2083,Verano
29012083,29,1,2083,Verano
30012083,30,1,2083,Verano
31012083,31,1,2083,Verano
1022083,1,2,2083,Verano
2022083,2,2,2083,Verano
3022083,3,2,2083,Verano
4022083,4,2,2083,Verano
5022083,5,2,2083,Verano
6022083,6,2,2083,Verano
7022083,7,2,2083,Verano
8022083,8,2,2083,Verano
9022083,9,2,2083,Verano
10022083,10,2,2083,Verano
11022083,11,2,2083,Verano
12022083,12,2,2083,Verano
13022083,13,2,2083,Verano
14022083,14,2,2083,Verano
15022083,15,2,2083,Verano
16022083,16,2,2083,Verano
17022083,17,2,2083,Verano
18022083,18,2,2083,Verano
19022083,19,2,2083,Verano
20022083,20,2,2083,Verano
21022083,21,2,2083,Verano
22022083,22,2,2083,Verano
23022083,23,2,2083,Verano
24022083,24,2,2083,Verano
25022083,25,2,2083,Verano
26022083,26,2,2083,Verano
27022083,27,2,2083,Verano
28022083,28,2,2083,Verano
1032083,1,3,2083,Otoño
2032083,2,3,2083,Otoño
3032083,3,3,2083,Otoño
4032083,4,3,2083,Otoño
5032083,5,3,2083,Otoño
6032083,6,3,2083,Otoño
7032083,7,3,2083,Otoño
8032083,8,3,2083,Otoño
9032083,9,3,2083,Otoño
10032083,10,3,2083,Otoño
11032083,11,3,2083,Otoño
12032083,12,3,2083,Otoño
13032083,13,3,2083,Otoño
14032083,14,3,2083,Otoño
15032083,15,3,2083,Otoño
16032083,16,3,2083,Otoño
17032083,17,3,2083,Otoño
18032083,18,3,2083,Otoño
19032083,19,3,2083,Otoño
20032083,20,3,2083,Otoño
21032083,21,3,2083,Otoño
22032083,22,3,2083,Otoño
23032083,23,3,2083,Otoño
24032083,24,3,2083,Otoño
25032083,25,3,2083,Otoño
26032083,26,3,2083,Otoño
27032083,27,3,2083,Otoño
28032083,28,3,2083,Otoño
29032083,29,3,2083,Otoño
30032083,30,3,2083,Otoño
31032083,31,3,2083,Otoño
1042083,1,4,2083,Otoño
2042083,2,4,2083,Otoño
3042083,3,4,2083,Otoño
4042083,4,4,2083,Otoño
5042083,5,4,2083,Otoño
6042083,6,4,2083,Otoño
7042083,7,4,2083,Otoño
8042083,8,4,2083,Otoño
9042083,9,4,2083,Otoño
10042083,10,4,2083,Otoño
11042083,11,4,2083,Otoño
12042083,12,4,2083,Otoño
13042083,13,4,2083,Otoño
14042083,14,4,2083,Otoño
15042083,15,4,2083,Otoño
16042083,16,4,2083,Otoño
17042083,17,4,2083,Otoño
18042083,18,4,2083,Otoño
19042083,19,4,2083,Otoño
20042083,20,4,2083,Otoño
21042083,21,4,2083,Otoño
22042083,22,4,2083,Otoño
23042083,23,4,2083,Otoño
24042083,24,4,2083,Otoño
25042083,25,4,2083,Otoño
26042083,26,4,2083,Otoño
27042083,27,4,2083,Otoño
28042083,28,4,2083,Otoño
29042083,29,4,2083,Otoño
30042083,30,4,2083,Otoño
1052083,1,5,2083,Otoño
2052083,2,5,2083,Otoño
3052083,3,5,2083,Otoño
4052083,4,5,2083,Otoño
5052083,5,5,2083,Otoño
6052083,6,5,2083,Otoño
7052083,7,5,2083,Otoño
8052083,8,5,2083,Otoño
9052083,9,5,2083,Otoño
10052083,10,5,2083,Otoño
11052083,11,5,2083,Otoño
12052083,12,5,2083,Otoño
13052083,13,5,2083,Otoño
14052083,14,5,2083,Otoño
15052083,15,5,2083,Otoño
16052083,16,5,2083,Otoño
17052083,17,5,2083,Otoño
18052083,18,5,2083,Otoño
19052083,19,5,2083,Otoño
20052083,20,5,2083,Otoño
21052083,21,5,2083,Otoño
22052083,22,5,2083,Otoño
23052083,23,5,2083,Otoño
24052083,24,5,2083,Otoño
25052083,25,5,2083,Otoño
26052083,26,5,2083,Otoño
27052083,27,5,2083,Otoño
28052083,28,5,2083,Otoño
29052083,29,5,2083,Otoño
30052083,30,5,2083,Otoño
31052083,31,5,2083,Otoño
1062083,1,6,2083,Invierno
2062083,2,6,2083,Invierno
3062083,3,6,2083,Invierno
4062083,4,6,2083,Invierno
5062083,5,6,2083,Invierno
6062083,6,6,2083,Invierno
7062083,7,6,2083,Invierno
8062083,8,6,2083,Invierno
9062083,9,6,2083,Invierno
10062083,10,6,2083,Invierno
11062083,11,6,2083,Invierno
12062083,12,6,2083,Invierno
13062083,13,6,2083,Invierno
14062083,14,6,2083,Invierno
15062083,15,6,2083,Invierno
16062083,16,6,2083,Invierno
17062083,17,6,2083,Invierno
18062083,18,6,2083,Invierno
19062083,19,6,2083,Invierno
20062083,20,6,2083,Invierno
21062083,21,6,2083,Invierno
22062083,22,6,2083,Invierno
23062083,23,6,2083,Invierno
24062083,24,6,2083,Invierno
25062083,25,6,2083,Invierno
26062083,26,6,2083,Invierno
27062083,27,6,2083,Invierno
28062083,28,6,2083,Invierno
29062083,29,6,2083,Invierno
30062083,30,6,2083,Invierno
1072083,1,7,2083,Invierno
2072083,2,7,2083,Invierno
3072083,3,7,2083,Invierno
4072083,4,7,2083,Invierno
5072083,5,7,2083,Invierno
6072083,6,7,2083,Invierno
7072083,7,7,2083,Invierno
8072083,8,7,2083,Invierno
9072083,9,7,2083,Invierno
10072083,10,7,2083,Invierno
11072083,11,7,2083,Invierno
12072083,12,7,2083,Invierno
13072083,13,7,2083,Invierno
14072083,14,7,2083,Invierno
15072083,15,7,2083,Invierno
16072083,16,7,2083,Invierno
17072083,17,7,2083,Invierno
18072083,18,7,2083,Invierno
19072083,19,7,2083,Invierno
20072083,20,7,2083,Invierno
21072083,21,7,2083,Invierno
22072083,22,7,2083,Invierno
23072083,23,7,2083,Invierno
24072083,24,7,2083,Invierno
25072083,25,7,2083,Invierno
26072083,26,7,2083,Invierno
27072083,27,7,2083,Invierno
28072083,28,7,2083,Invierno
29072083,29,7,2083,Invierno
30072083,30,7,2083,Invierno
31072083,31,7,2083,Invierno
1082083,1,8,2083,Invierno
2082083,2,8,2083,Invierno
3082083,3,8,2083,Invierno
4082083,4,8,2083,Invierno
5082083,5,8,2083,Invierno
6082083,6,8,2083,Invierno
7082083,7,8,2083,Invierno
8082083,8,8,2083,Invierno
9082083,9,8,2083,Invierno
10082083,10,8,2083,Invierno
11082083,11,8,2083,Invierno
12082083,12,8,2083,Invierno
13082083,13,8,2083,Invierno
14082083,14,8,2083,Invierno
15082083,15,8,2083,Invierno
16082083,16,8,2083,Invierno
17082083,17,8,2083,Invierno
18082083,18,8,2083,Invierno
19082083,19,8,2083,Invierno
20082083,20,8,2083,Invierno
21082083,21,8,2083,Invierno
22082083,22,8,2083,Invierno
23082083,23,8,2083,Invierno
24082083,24,8,2083,Invierno
25082083,25,8,2083,Invierno
26082083,26,8,2083,Invierno
27082083,27,8,2083,Invierno
28082083,28,8,2083,Invierno
29082083,29,8,2083,Invierno
30082083,30,8,2083,Invierno
31082083,31,8,2083,Invierno
1092083,1,9,2083,Primavera
2092083,2,9,2083,Primavera
3092083,3,9,2083,Primavera
4092083,4,9,2083,Primavera
5092083,5,9,2083,Primavera
6092083,6,9,2083,Primavera
7092083,7,9,2083,Primavera
8092083,8,9,2083,Primavera
9092083,9,9,2083,Primavera
10092083,10,9,2083,Primavera
11092083,11,9,2083,Primavera
12092083,12,9,2083,Primavera
13092083,13,9,2083,Primavera
14092083,14,9,2083,Primavera
15092083,15,9,2083,Primavera
16092083,16,9,2083,Primavera
17092083,17,9,2083,Primavera
18092083,18,9,2083,Primavera
19092083,19,9,2083,Primavera
20092083,20,9,2083,Primavera
21092083,21,9,2083,Primavera
22092083,22,9,2083,Primavera
23092083,23,9,2083,Primavera
24092083,24,9,2083,Primavera
25092083,25,9,2083,Primavera
26092083,26,9,2083,Primavera
27092083,27,9,2083,Primavera
28092083,28,9,2083,Primavera
29092083,29,9,2083,Primavera
30092083,30,9,2083,Primavera
1102083,1,10,2083,Primavera
2102083,2,10,2083,Primavera
3102083,3,10,2083,Primavera
4102083,4,10,2083,Primavera
5102083,5,10,2083,Primavera
6102083,6,10,2083,Primavera
7102083,7,10,2083,Primavera
8102083,8,10,2083,Primavera
9102083,9,10,2083,Primavera
10102083,10,10,2083,Primavera
11102083,11,10,2083,Primavera
12102083,12,10,2083,Primavera
13102083,13,10,2083,Primavera
14102083,14,10,2083,Primavera
15102083,15,10,2083,Primavera
16102083,16,10,2083,Primavera
17102083,17,10,2083,Primavera
18102083,18,10,2083,Primavera
19102083,19,10,2083,Primavera
20102083,20,10,2083,Primavera
21102083,21,10,2083,Primavera
22102083,22,10,2083,Primavera
23102083,23,10,2083,Primavera
24102083,24,10,2083,Primavera
25102083,25,10,2083,Primavera
26102083,26,10,2083,Primavera
27102083,27,10,2083,Primavera
28102083,28,10,2083,Primavera
29102083,29,10,2083,Primavera
30102083,30,10,2083,Primavera
31102083,31,10,2083,Primavera
1112083,1,11,2083,Primavera
2112083,2,11,2083,Primavera
3112083,3,11,2083,Primavera
4112083,4,11,2083,Primavera
5112083,5,11,2083,Primavera
6112083,6,11,2083,Primavera
7112083,7,11,2083,Primavera
8112083,8,11,2083,Primavera
9112083,9,11,2083,Primavera
10112083,10,11,2083,Primavera
11112083,11,11,2083,Primavera
12112083,12,11,2083,Primavera
13112083,13,11,2083,Primavera
14112083,14,11,2083,Primavera
15112083,15,11,2083,Primavera
16112083,16,11,2083,Primavera
17112083,17,11,2083,Primavera
18112083,18,11,2083,Primavera
19112083,19,11,2083,Primavera
20112083,20,11,2083,Primavera
21112083,21,11,2083,Primavera
22112083,22,11,2083,Primavera
23112083,23,11,2083,Primavera
24112083,24,11,2083,Primavera
25112083,25,11,2083,Primavera
26112083,26,11,2083,Primavera
27112083,27,11,2083,Primavera
28112083,28,11,2083,Primavera
29112083,29,11,2083,Primavera
30112083,30,11,2083,Primavera
1122083,1,12,2083,Verano
2122083,2,12,2083,Verano
3122083,3,12,2083,Verano
4122083,4,12,2083,Verano
5122083,5,12,2083,Verano
6122083,6,12,2083,Verano
7122083,7,12,2083,Verano
8122083,8,12,2083,Verano
9122083,9,12,2083,Verano
10122083,10,12,2083,Verano
11122083,11,12,2083,Verano
12122083,12,12,2083,Verano
13122083,13,12,2083,Verano
14122083,14,12,2083,Verano
15122083,15,12,2083,Verano
16122083,16,12,2083,Verano
17122083,17,12,2083,Verano
18122083,18,12,2083,Verano
19122083,19,12,2083,Verano
20122083,20,12,2083,Verano
21122083,21,12,2083,Verano
22122083,22,12,2083,Verano
23122083,23,12,2083,Verano
24122083,24,12,2083,Verano
25122083,25,12,2083,Verano
26122083,26,12,2083,Verano
27122083,27,12,2083,Verano
28122083,28,12,2083,Verano
29122083,29,12,2083,Verano
30122083,30,12,2083,Verano
31122083,31,12,2083,Verano
1012084,1,1,2084,Verano
2012084,2,1,2084,Verano
3012084,3,1,2084,Verano
4012084,4,1,2084,Verano
5012084,5,1,2084,Verano
6012084,6,1,2084,Verano
7012084,7,1,2084,Verano
8012084,8,1,2084,Verano
9012084,9,1,2084,Verano
10012084,10,1,2084,Verano
11012084,11,1,2084,Verano
12012084,12,1,2084,Verano
13012084,13,1,2084,Verano
14012084,14,1,2084,Verano
15012084,15,1,2084,Verano
16012084,16,1,2084,Verano
17012084,17,1,2084,Verano
18012084,18,1,2084,Verano
19012084,19,1,2084,Verano
20012084,20,1,2084,Verano
21012084,21,1,2084,Verano
22012084,22,1,2084,Verano
23012084,23,1,2084,Verano
24012084,24,1,2084,Verano
25012084,25,1,2084,Verano
26012084,26,1,2084,Verano
27012084,27,1,2084,Verano
28012084,28,1,2084,Verano
29012084,29,1,2084,Verano
30012084,30,1,2084,Verano
31012084,31,1,2084,Verano
1022084,1,2,2084,Verano
2022084,2,2,2084,Verano
3022084,3,2,2084,Verano
4022084,4,2,2084,Verano
5022084,5,2,2084,Verano
6022084,6,2,2084,Verano
7022084,7,2,2084,Verano
8022084,8,2,2084,Verano
9022084,9,2,2084,Verano
10022084,10,2,2084,Verano
11022084,11,2,2084,Verano
12022084,12,2,2084,Verano
13022084,13,2,2084,Verano
14022084,14,2,2084,Verano
15022084,15,2,2084,Verano
16022084,16,2,2084,Verano
17022084,17,2,2084,Verano
18022084,18,2,2084,Verano
19022084,19,2,2084,Verano
20022084,20,2,2084,Verano
21022084,21,2,2084,Verano
22022084,22,2,2084,Verano
23022084,23,2,2084,Verano
24022084,24,2,2084,Verano
25022084,25,2,2084,Verano
26022084,26,2,2084,Verano
27022084,27,2,2084,Verano
28022084,28,2,2084,Verano
29022084,29,2,2084,Verano
1032084,1,3,2084,Otoño
2032084,2,3,2084,Otoño
3032084,3,3,2084,Otoño
4032084,4,3,2084,Otoño
5032084,5,3,2084,Otoño
6032084,6,3,2084,Otoño
7032084,7,3,2084,Otoño
8032084,8,3,2084,Otoño
9032084,9,3,2084,Otoño
10032084,10,3,2084,Otoño
11032084,11,3,2084,Otoño
12032084,12,3,2084,Otoño
13032084,13,3,2084,Otoño
14032084,14,3,2084,Otoño
15032084,15,3,2084,Otoño
16032084,16,3,2084,Otoño
17032084,17,3,2084,Otoño
18032084,18,3,2084,Otoño
19032084,19,3,2084,Otoño
20032084,20,3,2084,Otoño
21032084,21,3,2084,Otoño
22032084,22,3,2084,Otoño
23032084,23,3,2084,Otoño
24032084,24,3,2084,Otoño
25032084,25,3,2084,Otoño
26032084,26,3,2084,Otoño
27032084,27,3,2084,Otoño
28032084,28,3,2084,Otoño
29032084,29,3,2084,Otoño
30032084,30,3,2084,Otoño
31032084,31,3,2084,Otoño
1042084,1,4,2084,Otoño
2042084,2,4,2084,Otoño
3042084,3,4,2084,Otoño
4042084,4,4,2084,Otoño
5042084,5,4,2084,Otoño
6042084,6,4,2084,Otoño
7042084,7,4,2084,Otoño
8042084,8,4,2084,Otoño
9042084,9,4,2084,Otoño
10042084,10,4,2084,Otoño
11042084,11,4,2084,Otoño
12042084,12,4,2084,Otoño
13042084,13,4,2084,Otoño
14042084,14,4,2084,Otoño
15042084,15,4,2084,Otoño
16042084,16,4,2084,Otoño
17042084,17,4,2084,Otoño
18042084,18,4,2084,Otoño
19042084,19,4,2084,Otoño
20042084,20,4,2084,Otoño
21042084,21,4,2084,Otoño
22042084,22,4,2084,Otoño
23042084,23,4,2084,Otoño
24042084,24,4,2084,Otoño
25042084,25,4,2084,Otoño
26042084,26,4,2084,Otoño
27042084,27,4,2084,Otoño
28042084,28,4,2084,Otoño
29042084,29,4,2084,Otoño
30042084,30,4,2084,Otoño
1052084,1,5,2084,Otoño
2052084,2,5,2084,Otoño
3052084,3,5,2084,Otoño
4052084,4,5,2084,Otoño
5052084,5,5,2084,Otoño
6052084,6,5,2084,Otoño
7052084,7,5,2084,Otoño
8052084,8,5,2084,Otoño
9052084,9,5,2084,Otoño
10052084,10,5,2084,Otoño
11052084,11,5,2084,Otoño
12052084,12,5,2084,Otoño
13052084,13,5,2084,Otoño
14052084,14,5,2084,Otoño
15052084,15,5,2084,Otoño
16052084,16,5,2084,Otoño
17052084,17,5,2084,Otoño
18052084,18,5,2084,Otoño
19052084,19,5,2084,Otoño
20052084,20,5,2084,Otoño
21052084,21,5,2084,Otoño
22052084,22,5,2084,Otoño
23052084,23,5,2084,Otoño
24052084,24,5,2084,Otoño
25052084,25,5,2084,Otoño
26052084,26,5,2084,Otoño
27052084,27,5,2084,Otoño
28052084,28,5,2084,Otoño
29052084,29,5,2084,Otoño
30052084,30,5,2084,Otoño
31052084,31,5,2084,Otoño
1062084,1,6,2084,Invierno
2062084,2,6,2084,Invierno
3062084,3,6,2084,Invierno
4062084,4,6,2084,Invierno
5062084,5,6,2084,Invierno
6062084,6,6,2084,Invierno
7062084,7,6,2084,Invierno
8062084,8,6,2084,Invierno
9062084,9,6,2084,Invierno
10062084,10,6,2084,Invierno
11062084,11,6,2084,Invierno
12062084,12,6,2084,Invierno
13062084,13,6,2084,Invierno
14062084,14,6,2084,Invierno
15062084,15,6,2084,Invierno
16062084,16,6,2084,Invierno
17062084,17,6,2084,Invierno
18062084,18,6,2084,Invierno
19062084,19,6,2084,Invierno
20062084,20,6,2084,Invierno
21062084,21,6,2084,Invierno
22062084,22,6,2084,Invierno
23062084,23,6,2084,Invierno
24062084,24,6,2084,Invierno
25062084,25,6,2084,Invierno
26062084,26,6,2084,Invierno
27062084,27,6,2084,Invierno
28062084,28,6,2084,Invierno
29062084,29,6,2084,Invierno
30062084,30,6,2084,Invierno
1072084,1,7,2084,Invierno
2072084,2,7,2084,Invierno
3072084,3,7,2084,Invierno
4072084,4,7,2084,Invierno
5072084,5,7,2084,Invierno
6072084,6,7,2084,Invierno
7072084,7,7,2084,Invierno
8072084,8,7,2084,Invierno
9072084,9,7,2084,Invierno
10072084,10,7,2084,Invierno
11072084,11,7,2084,Invierno
12072084,12,7,2084,Invierno
13072084,13,7,2084,Invierno
14072084,14,7,2084,Invierno
15072084,15,7,2084,Invierno
16072084,16,7,2084,Invierno
17072084,17,7,2084,Invierno
18072084,18,7,2084,Invierno
19072084,19,7,2084,Invierno
20072084,20,7,2084,Invierno
21072084,21,7,2084,Invierno
22072084,22,7,2084,Invierno
23072084,23,7,2084,Invierno
24072084,24,7,2084,Invierno
25072084,25,7,2084,Invierno
26072084,26,7,2084,Invierno
27072084,27,7,2084,Invierno
28072084,28,7,2084,Invierno
29072084,29,7,2084,Invierno
30072084,30,7,2084,Invierno
31072084,31,7,2084,Invierno
1082084,1,8,2084,Invierno
2082084,2,8,2084,Invierno
3082084,3,8,2084,Invierno
4082084,4,8,2084,Invierno
5082084,5,8,2084,Invierno
6082084,6,8,2084,Invierno
7082084,7,8,2084,Invierno
8082084,8,8,2084,Invierno
9082084,9,8,2084,Invierno
10082084,10,8,2084,Invierno
11082084,11,8,2084,Invierno
12082084,12,8,2084,Invierno
13082084,13,8,2084,Invierno
14082084,14,8,2084,Invierno
15082084,15,8,2084,Invierno
16082084,16,8,2084,Invierno
17082084,17,8,2084,Invierno
18082084,18,8,2084,Invierno
19082084,19,8,2084,Invierno
20082084,20,8,2084,Invierno
21082084,21,8,2084,Invierno
22082084,22,8,2084,Invierno
23082084,23,8,2084,Invierno
24082084,24,8,2084,Invierno
25082084,25,8,2084,Invierno
26082084,26,8,2084,Invierno
27082084,27,8,2084,Invierno
28082084,28,8,2084,Invierno
29082084,29,8,2084,Invierno
30082084,30,8,2084,Invierno
31082084,31,8,2084,Invierno
1092084,1,9,2084,Primavera
2092084,2,9,2084,Primavera
3092084,3,9,2084,Primavera
4092084,4,9,2084,Primavera
5092084,5,9,2084,Primavera
6092084,6,9,2084,Primavera
7092084,7,9,2084,Primavera
8092084,8,9,2084,Primavera
9092084,9,9,2084,Primavera
10092084,10,9,2084,Primavera
11092084,11,9,2084,Primavera
12092084,12,9,2084,Primavera
13092084,13,9,2084,Primavera
14092084,14,9,2084,Primavera
15092084,15,9,2084,Primavera
16092084,16,9,2084,Primavera
17092084,17,9,2084,Primavera
18092084,18,9,2084,Primavera
19092084,19,9,2084,Primavera
20092084,20,9,2084,Primavera
21092084,21,9,2084,Primavera
22092084,22,9,2084,Primavera
23092084,23,9,2084,Primavera
24092084,24,9,2084,Primavera
25092084,25,9,2084,Primavera
26092084,26,9,2084,Primavera
27092084,27,9,2084,Primavera
28092084,28,9,2084,Primavera
29092084,29,9,2084,Primavera
30092084,30,9,2084,Primavera
1102084,1,10,2084,Primavera
2102084,2,10,2084,Primavera
3102084,3,10,2084,Primavera
4102084,4,10,2084,Primavera
5102084,5,10,2084,Primavera
6102084,6,10,2084,Primavera
7102084,7,10,2084,Primavera
8102084,8,10,2084,Primavera
9102084,9,10,2084,Primavera
10102084,10,10,2084,Primavera
11102084,11,10,2084,Primavera
12102084,12,10,2084,Primavera
13102084,13,10,2084,Primavera
14102084,14,10,2084,Primavera
15102084,15,10,2084,Primavera
16102084,16,10,2084,Primavera
17102084,17,10,2084,Primavera
18102084,18,10,2084,Primavera
19102084,19,10,2084,Primavera
20102084,20,10,2084,Primavera
21102084,21,10,2084,Primavera
22102084,22,10,2084,Primavera
23102084,23,10,2084,Primavera
24102084,24,10,2084,Primavera
25102084,25,10,2084,Primavera
26102084,26,10,2084,Primavera
27102084,27,10,2084,Primavera
28102084,28,10,2084,Primavera
29102084,29,10,2084,Primavera
30102084,30,10,2084,Primavera
31102084,31,10,2084,Primavera
1112084,1,11,2084,Primavera
2112084,2,11,2084,Primavera
3112084,3,11,2084,Primavera
4112084,4,11,2084,Primavera
5112084,5,11,2084,Primavera
6112084,6,11,2084,Primavera
7112084,7,11,2084,Primavera
8112084,8,11,2084,Primavera
9112084,9,11,2084,Primavera
10112084,10,11,2084,Primavera
11112084,11,11,2084,Primavera
12112084,12,11,2084,Primavera
13112084,13,11,2084,Primavera
14112084,14,11,2084,Primavera
15112084,15,11,2084,Primavera
16112084,16,11,2084,Primavera
17112084,17,11,2084,Primavera
18112084,18,11,2084,Primavera
19112084,19,11,2084,Primavera
20112084,20,11,2084,Primavera
21112084,21,11,2084,Primavera
22112084,22,11,2084,Primavera
23112084,23,11,2084,Primavera
24112084,24,11,2084,Primavera
25112084,25,11,2084,Primavera
26112084,26,11,2084,Primavera
27112084,27,11,2084,Primavera
28112084,28,11,2084,Primavera
29112084,29,11,2084,Primavera
30112084,30,11,2084,Primavera
1122084,1,12,2084,Verano
2122084,2,12,2084,Verano
3122084,3,12,2084,Verano
4122084,4,12,2084,Verano
5122084,5,12,2084,Verano
6122084,6,12,2084,Verano
7122084,7,12,2084,Verano
8122084,8,12,2084,Verano
9122084,9,12,2084,Verano
10122084,10,12,2084,Verano
11122084,11,12,2084,Verano
12122084,12,12,2084,Verano
13122084,13,12,2084,Verano
14122084,14,12,2084,Verano
15122084,15,12,2084,Verano
16122084,16,12,2084,Verano
17122084,17,12,2084,Verano
18122084,18,12,2084,Verano
19122084,19,12,2084,Verano
20122084,20,12,2084,Verano
21122084,21,12,2084,Verano
22122084,22,12,2084,Verano
23122084,23,12,2084,Verano
24122084,24,12,2084,Verano
25122084,25,12,2084,Verano
26122084,26,12,2084,Verano
27122084,27,12,2084,Verano
28122084,28,12,2084,Verano
29122084,29,12,2084,Verano
30122084,30,12,2084,Verano
31122084,31,12,2084,Verano
1012085,1,1,2085,Verano
2012085,2,1,2085,Verano
3012085,3,1,2085,Verano
4012085,4,1,2085,Verano
5012085,5,1,2085,Verano
6012085,6,1,2085,Verano
7012085,7,1,2085,Verano
8012085,8,1,2085,Verano
9012085,9,1,2085,Verano
10012085,10,1,2085,Verano
11012085,11,1,2085,Verano
12012085,12,1,2085,Verano
13012085,13,1,2085,Verano
14012085,14,1,2085,Verano
15012085,15,1,2085,Verano
16012085,16,1,2085,Verano
17012085,17,1,2085,Verano
18012085,18,1,2085,Verano
19012085,19,1,2085,Verano
20012085,20,1,2085,Verano
21012085,21,1,2085,Verano
22012085,22,1,2085,Verano
23012085,23,1,2085,Verano
24012085,24,1,2085,Verano
25012085,25,1,2085,Verano
26012085,26,1,2085,Verano
27012085,27,1,2085,Verano
28012085,28,1,2085,Verano
29012085,29,1,2085,Verano
30012085,30,1,2085,Verano
31012085,31,1,2085,Verano
1022085,1,2,2085,Verano
2022085,2,2,2085,Verano
3022085,3,2,2085,Verano
4022085,4,2,2085,Verano
5022085,5,2,2085,Verano
6022085,6,2,2085,Verano
7022085,7,2,2085,Verano
8022085,8,2,2085,Verano
9022085,9,2,2085,Verano
10022085,10,2,2085,Verano
11022085,11,2,2085,Verano
12022085,12,2,2085,Verano
13022085,13,2,2085,Verano
14022085,14,2,2085,Verano
15022085,15,2,2085,Verano
16022085,16,2,2085,Verano
17022085,17,2,2085,Verano
18022085,18,2,2085,Verano
19022085,19,2,2085,Verano
20022085,20,2,2085,Verano
21022085,21,2,2085,Verano
22022085,22,2,2085,Verano
23022085,23,2,2085,Verano
24022085,24,2,2085,Verano
25022085,25,2,2085,Verano
26022085,26,2,2085,Verano
27022085,27,2,2085,Verano
28022085,28,2,2085,Verano
1032085,1,3,2085,Otoño
2032085,2,3,2085,Otoño
3032085,3,3,2085,Otoño
4032085,4,3,2085,Otoño
5032085,5,3,2085,Otoño
6032085,6,3,2085,Otoño
7032085,7,3,2085,Otoño
8032085,8,3,2085,Otoño
9032085,9,3,2085,Otoño
10032085,10,3,2085,Otoño
11032085,11,3,2085,Otoño
12032085,12,3,2085,Otoño
13032085,13,3,2085,Otoño
14032085,14,3,2085,Otoño
15032085,15,3,2085,Otoño
16032085,16,3,2085,Otoño
17032085,17,3,2085,Otoño
18032085,18,3,2085,Otoño
19032085,19,3,2085,Otoño
20032085,20,3,2085,Otoño
21032085,21,3,2085,Otoño
22032085,22,3,2085,Otoño
23032085,23,3,2085,Otoño
24032085,24,3,2085,Otoño
25032085,25,3,2085,Otoño
26032085,26,3,2085,Otoño
27032085,27,3,2085,Otoño
28032085,28,3,2085,Otoño
29032085,29,3,2085,Otoño
30032085,30,3,2085,Otoño
31032085,31,3,2085,Otoño
1042085,1,4,2085,Otoño
2042085,2,4,2085,Otoño
3042085,3,4,2085,Otoño
4042085,4,4,2085,Otoño
5042085,5,4,2085,Otoño
6042085,6,4,2085,Otoño
7042085,7,4,2085,Otoño
8042085,8,4,2085,Otoño
9042085,9,4,2085,Otoño
10042085,10,4,2085,Otoño
11042085,11,4,2085,Otoño
12042085,12,4,2085,Otoño
13042085,13,4,2085,Otoño
14042085,14,4,2085,Otoño
15042085,15,4,2085,Otoño
16042085,16,4,2085,Otoño
17042085,17,4,2085,Otoño
18042085,18,4,2085,Otoño
19042085,19,4,2085,Otoño
20042085,20,4,2085,Otoño
21042085,21,4,2085,Otoño
22042085,22,4,2085,Otoño
23042085,23,4,2085,Otoño
24042085,24,4,2085,Otoño
25042085,25,4,2085,Otoño
26042085,26,4,2085,Otoño
27042085,27,4,2085,Otoño
28042085,28,4,2085,Otoño
29042085,29,4,2085,Otoño
30042085,30,4,2085,Otoño
1052085,1,5,2085,Otoño
2052085,2,5,2085,Otoño
3052085,3,5,2085,Otoño
4052085,4,5,2085,Otoño
5052085,5,5,2085,Otoño
6052085,6,5,2085,Otoño
7052085,7,5,2085,Otoño
8052085,8,5,2085,Otoño
9052085,9,5,2085,Otoño
10052085,10,5,2085,Otoño
11052085,11,5,2085,Otoño
12052085,12,5,2085,Otoño
13052085,13,5,2085,Otoño
14052085,14,5,2085,Otoño
15052085,15,5,2085,Otoño
16052085,16,5,2085,Otoño
17052085,17,5,2085,Otoño
18052085,18,5,2085,Otoño
19052085,19,5,2085,Otoño
20052085,20,5,2085,Otoño
21052085,21,5,2085,Otoño
22052085,22,5,2085,Otoño
23052085,23,5,2085,Otoño
24052085,24,5,2085,Otoño
25052085,25,5,2085,Otoño
26052085,26,5,2085,Otoño
27052085,27,5,2085,Otoño
28052085,28,5,2085,Otoño
29052085,29,5,2085,Otoño
30052085,30,5,2085,Otoño
31052085,31,5,2085,Otoño
1062085,1,6,2085,Invierno
2062085,2,6,2085,Invierno
3062085,3,6,2085,Invierno
4062085,4,6,2085,Invierno
5062085,5,6,2085,Invierno
6062085,6,6,2085,Invierno
7062085,7,6,2085,Invierno
8062085,8,6,2085,Invierno
9062085,9,6,2085,Invierno
10062085,10,6,2085,Invierno
11062085,11,6,2085,Invierno
12062085,12,6,2085,Invierno
13062085,13,6,2085,Invierno
14062085,14,6,2085,Invierno
15062085,15,6,2085,Invierno
16062085,16,6,2085,Invierno
17062085,17,6,2085,Invierno
18062085,18,6,2085,Invierno
19062085,19,6,2085,Invierno
20062085,20,6,2085,Invierno
21062085,21,6,2085,Invierno
22062085,22,6,2085,Invierno
23062085,23,6,2085,Invierno
24062085,24,6,2085,Invierno
25062085,25,6,2085,Invierno
26062085,26,6,2085,Invierno
27062085,27,6,2085,Invierno
28062085,28,6,2085,Invierno
29062085,29,6,2085,Invierno
30062085,30,6,2085,Invierno
1072085,1,7,2085,Invierno
2072085,2,7,2085,Invierno
3072085,3,7,2085,Invierno
4072085,4,7,2085,Invierno
5072085,5,7,2085,Invierno
6072085,6,7,2085,Invierno
7072085,7,7,2085,Invierno
8072085,8,7,2085,Invierno
9072085,9,7,2085,Invierno
10072085,10,7,2085,Invierno
11072085,11,7,2085,Invierno
12072085,12,7,2085,Invierno
13072085,13,7,2085,Invierno
14072085,14,7,2085,Invierno
15072085,15,7,2085,Invierno
16072085,16,7,2085,Invierno
17072085,17,7,2085,Invierno
18072085,18,7,2085,Invierno
19072085,19,7,2085,Invierno
20072085,20,7,2085,Invierno
21072085,21,7,2085,Invierno
22072085,22,7,2085,Invierno
23072085,23,7,2085,Invierno
24072085,24,7,2085,Invierno
25072085,25,7,2085,Invierno
26072085,26,7,2085,Invierno
27072085,27,7,2085,Invierno
28072085,28,7,2085,Invierno
29072085,29,7,2085,Invierno
30072085,30,7,2085,Invierno
31072085,31,7,2085,Invierno
1082085,1,8,2085,Invierno
2082085,2,8,2085,Invierno
3082085,3,8,2085,Invierno
4082085,4,8,2085,Invierno
5082085,5,8,2085,Invierno
6082085,6,8,2085,Invierno
7082085,7,8,2085,Invierno
8082085,8,8,2085,Invierno
9082085,9,8,2085,Invierno
10082085,10,8,2085,Invierno
11082085,11,8,2085,Invierno
12082085,12,8,2085,Invierno
13082085,13,8,2085,Invierno
14082085,14,8,2085,Invierno
15082085,15,8,2085,Invierno
16082085,16,8,2085,Invierno
17082085,17,8,2085,Invierno
18082085,18,8,2085,Invierno
19082085,19,8,2085,Invierno
20082085,20,8,2085,Invierno
21082085,21,8,2085,Invierno
22082085,22,8,2085,Invierno
23082085,23,8,2085,Invierno
24082085,24,8,2085,Invierno
25082085,25,8,2085,Invierno
26082085,26,8,2085,Invierno
27082085,27,8,2085,Invierno
28082085,28,8,2085,Invierno
29082085,29,8,2085,Invierno
30082085,30,8,2085,Invierno
31082085,31,8,2085,Invierno
1092085,1,9,2085,Primavera
2092085,2,9,2085,Primavera
3092085,3,9,2085,Primavera
4092085,4,9,2085,Primavera
5092085,5,9,2085,Primavera
6092085,6,9,2085,Primavera
7092085,7,9,2085,Primavera
8092085,8,9,2085,Primavera
9092085,9,9,2085,Primavera
10092085,10,9,2085,Primavera
11092085,11,9,2085,Primavera
12092085,12,9,2085,Primavera
13092085,13,9,2085,Primavera
14092085,14,9,2085,Primavera
15092085,15,9,2085,Primavera
16092085,16,9,2085,Primavera
17092085,17,9,2085,Primavera
18092085,18,9,2085,Primavera
19092085,19,9,2085,Primavera
20092085,20,9,2085,Primavera
21092085,21,9,2085,Primavera
22092085,22,9,2085,Primavera
23092085,23,9,2085,Primavera
24092085,24,9,2085,Primavera
25092085,25,9,2085,Primavera
26092085,26,9,2085,Primavera
27092085,27,9,2085,Primavera
28092085,28,9,2085,Primavera
29092085,29,9,2085,Primavera
30092085,30,9,2085,Primavera
1102085,1,10,2085,Primavera
2102085,2,10,2085,Primavera
3102085,3,10,2085,Primavera
4102085,4,10,2085,Primavera
5102085,5,10,2085,Primavera
6102085,6,10,2085,Primavera
7102085,7,10,2085,Primavera
8102085,8,10,2085,Primavera
9102085,9,10,2085,Primavera
10102085,10,10,2085,Primavera
11102085,11,10,2085,Primavera
12102085,12,10,2085,Primavera
13102085,13,10,2085,Primavera
14102085,14,10,2085,Primavera
15102085,15,10,2085,Primavera
16102085,16,10,2085,Primavera
17102085,17,10,2085,Primavera
18102085,18,10,2085,Primavera
19102085,19,10,2085,Primavera
20102085,20,10,2085,Primavera
21102085,21,10,2085,Primavera
22102085,22,10,2085,Primavera
23102085,23,10,2085,Primavera
24102085,24,10,2085,Primavera
25102085,25,10,2085,Primavera
26102085,26,10,2085,Primavera
27102085,27,10,2085,Primavera
28102085,28,10,2085,Primavera
29102085,29,10,2085,Primavera
30102085,30,10,2085,Primavera
31102085,31,10,2085,Primavera
1112085,1,11,2085,Primavera
2112085,2,11,2085,Primavera
3112085,3,11,2085,Primavera
4112085,4,11,2085,Primavera
5112085,5,11,2085,Primavera
6112085,6,11,2085,Primavera
7112085,7,11,2085,Primavera
8112085,8,11,2085,Primavera
9112085,9,11,2085,Primavera
10112085,10,11,2085,Primavera
11112085,11,11,2085,Primavera
12112085,12,11,2085,Primavera
13112085,13,11,2085,Primavera
14112085,14,11,2085,Primavera
15112085,15,11,2085,Primavera
16112085,16,11,2085,Primavera
17112085,17,11,2085,Primavera
18112085,18,11,2085,Primavera
19112085,19,11,2085,Primavera
20112085,20,11,2085,Primavera
21112085,21,11,2085,Primavera
22112085,22,11,2085,Primavera
23112085,23,11,2085,Primavera
24112085,24,11,2085,Primavera
25112085,25,11,2085,Primavera
26112085,26,11,2085,Primavera
27112085,27,11,2085,Primavera
28112085,28,11,2085,Primavera
29112085,29,11,2085,Primavera
30112085,30,11,2085,Primavera
1122085,1,12,2085,Verano
2122085,2,12,2085,Verano
3122085,3,12,2085,Verano
4122085,4,12,2085,Verano
5122085,5,12,2085,Verano
6122085,6,12,2085,Verano
7122085,7,12,2085,Verano
8122085,8,12,2085,Verano
9122085,9,12,2085,Verano
10122085,10,12,2085,Verano
11122085,11,12,2085,Verano
12122085,12,12,2085,Verano
13122085,13,12,2085,Verano
14122085,14,12,2085,Verano
15122085,15,12,2085,Verano
16122085,16,12,2085,Verano
17122085,17,12,2085,Verano
18122085,18,12,2085,Verano
19122085,19,12,2085,Verano
20122085,20,12,2085,Verano
21122085,21,12,2085,Verano
22122085,22,12,2085,Verano
23122085,23,12,2085,Verano
24122085,24,12,2085,Verano
25122085,25,12,2085,Verano
26122085,26,12,2085,Verano
27122085,27,12,2085,Verano
28122085,28,12,2085,Verano
29122085,29,12,2085,Verano
30122085,30,12,2085,Verano
31122085,31,12,2085,Verano
1012086,1,1,2086,Verano
2012086,2,1,2086,Verano
3012086,3,1,2086,Verano
4012086,4,1,2086,Verano
5012086,5,1,2086,Verano
6012086,6,1,2086,Verano
7012086,7,1,2086,Verano
8012086,8,1,2086,Verano
9012086,9,1,2086,Verano
10012086,10,1,2086,Verano
11012086,11,1,2086,Verano
12012086,12,1,2086,Verano
13012086,13,1,2086,Verano
14012086,14,1,2086,Verano
15012086,15,1,2086,Verano
16012086,16,1,2086,Verano
17012086,17,1,2086,Verano
18012086,18,1,2086,Verano
19012086,19,1,2086,Verano
20012086,20,1,2086,Verano
21012086,21,1,2086,Verano
22012086,22,1,2086,Verano
23012086,23,1,2086,Verano
24012086,24,1,2086,Verano
25012086,25,1,2086,Verano
26012086,26,1,2086,Verano
27012086,27,1,2086,Verano
28012086,28,1,2086,Verano
29012086,29,1,2086,Verano
30012086,30,1,2086,Verano
31012086,31,1,2086,Verano
1022086,1,2,2086,Verano
2022086,2,2,2086,Verano
3022086,3,2,2086,Verano
4022086,4,2,2086,Verano
5022086,5,2,2086,Verano
6022086,6,2,2086,Verano
7022086,7,2,2086,Verano
8022086,8,2,2086,Verano
9022086,9,2,2086,Verano
10022086,10,2,2086,Verano
11022086,11,2,2086,Verano
12022086,12,2,2086,Verano
13022086,13,2,2086,Verano
14022086,14,2,2086,Verano
15022086,15,2,2086,Verano
16022086,16,2,2086,Verano
17022086,17,2,2086,Verano
18022086,18,2,2086,Verano
19022086,19,2,2086,Verano
20022086,20,2,2086,Verano
21022086,21,2,2086,Verano
22022086,22,2,2086,Verano
23022086,23,2,2086,Verano
24022086,24,2,2086,Verano
25022086,25,2,2086,Verano
26022086,26,2,2086,Verano
27022086,27,2,2086,Verano
28022086,28,2,2086,Verano
1032086,1,3,2086,Otoño
2032086,2,3,2086,Otoño
3032086,3,3,2086,Otoño
4032086,4,3,2086,Otoño
5032086,5,3,2086,Otoño
6032086,6,3,2086,Otoño
7032086,7,3,2086,Otoño
8032086,8,3,2086,Otoño
9032086,9,3,2086,Otoño
10032086,10,3,2086,Otoño
11032086,11,3,2086,Otoño
12032086,12,3,2086,Otoño
13032086,13,3,2086,Otoño
14032086,14,3,2086,Otoño
15032086,15,3,2086,Otoño
16032086,16,3,2086,Otoño
17032086,17,3,2086,Otoño
18032086,18,3,2086,Otoño
19032086,19,3,2086,Otoño
20032086,20,3,2086,Otoño
21032086,21,3,2086,Otoño
22032086,22,3,2086,Otoño
23032086,23,3,2086,Otoño
24032086,24,3,2086,Otoño
25032086,25,3,2086,Otoño
26032086,26,3,2086,Otoño
27032086,27,3,2086,Otoño
28032086,28,3,2086,Otoño
29032086,29,3,2086,Otoño
30032086,30,3,2086,Otoño
31032086,31,3,2086,Otoño
1042086,1,4,2086,Otoño
2042086,2,4,2086,Otoño
3042086,3,4,2086,Otoño
4042086,4,4,2086,Otoño
5042086,5,4,2086,Otoño
6042086,6,4,2086,Otoño
7042086,7,4,2086,Otoño
8042086,8,4,2086,Otoño
9042086,9,4,2086,Otoño
10042086,10,4,2086,Otoño
11042086,11,4,2086,Otoño
12042086,12,4,2086,Otoño
13042086,13,4,2086,Otoño
14042086,14,4,2086,Otoño
15042086,15,4,2086,Otoño
16042086,16,4,2086,Otoño
17042086,17,4,2086,Otoño
18042086,18,4,2086,Otoño
19042086,19,4,2086,Otoño
20042086,20,4,2086,Otoño
21042086,21,4,2086,Otoño
22042086,22,4,2086,Otoño
23042086,23,4,2086,Otoño
24042086,24,4,2086,Otoño
25042086,25,4,2086,Otoño
26042086,26,4,2086,Otoño
27042086,27,4,2086,Otoño
28042086,28,4,2086,Otoño
29042086,29,4,2086,Otoño
30042086,30,4,2086,Otoño
1052086,1,5,2086,Otoño
2052086,2,5,2086,Otoño
3052086,3,5,2086,Otoño
4052086,4,5,2086,Otoño
5052086,5,5,2086,Otoño
6052086,6,5,2086,Otoño
7052086,7,5,2086,Otoño
8052086,8,5,2086,Otoño
9052086,9,5,2086,Otoño
10052086,10,5,2086,Otoño
11052086,11,5,2086,Otoño
12052086,12,5,2086,Otoño
13052086,13,5,2086,Otoño
14052086,14,5,2086,Otoño
15052086,15,5,2086,Otoño
16052086,16,5,2086,Otoño
17052086,17,5,2086,Otoño
18052086,18,5,2086,Otoño
19052086,19,5,2086,Otoño
20052086,20,5,2086,Otoño
21052086,21,5,2086,Otoño
22052086,22,5,2086,Otoño
23052086,23,5,2086,Otoño
24052086,24,5,2086,Otoño
25052086,25,5,2086,Otoño
26052086,26,5,2086,Otoño
27052086,27,5,2086,Otoño
28052086,28,5,2086,Otoño
29052086,29,5,2086,Otoño
30052086,30,5,2086,Otoño
31052086,31,5,2086,Otoño
1062086,1,6,2086,Invierno
2062086,2,6,2086,Invierno
3062086,3,6,2086,Invierno
4062086,4,6,2086,Invierno
5062086,5,6,2086,Invierno
6062086,6,6,2086,Invierno
7062086,7,6,2086,Invierno
8062086,8,6,2086,Invierno
9062086,9,6,2086,Invierno
10062086,10,6,2086,Invierno
11062086,11,6,2086,Invierno
12062086,12,6,2086,Invierno
13062086,13,6,2086,Invierno
14062086,14,6,2086,Invierno
15062086,15,6,2086,Invierno
16062086,16,6,2086,Invierno
17062086,17,6,2086,Invierno
18062086,18,6,2086,Invierno
19062086,19,6,2086,Invierno
20062086,20,6,2086,Invierno
21062086,21,6,2086,Invierno
22062086,22,6,2086,Invierno
23062086,23,6,2086,Invierno
24062086,24,6,2086,Invierno
25062086,25,6,2086,Invierno
26062086,26,6,2086,Invierno
27062086,27,6,2086,Invierno
28062086,28,6,2086,Invierno
29062086,29,6,2086,Invierno
30062086,30,6,2086,Invierno
1072086,1,7,2086,Invierno
2072086,2,7,2086,Invierno
3072086,3,7,2086,Invierno
4072086,4,7,2086,Invierno
5072086,5,7,2086,Invierno
6072086,6,7,2086,Invierno
7072086,7,7,2086,Invierno
8072086,8,7,2086,Invierno
9072086,9,7,2086,Invierno
10072086,10,7,2086,Invierno
11072086,11,7,2086,Invierno
12072086,12,7,2086,Invierno
13072086,13,7,2086,Invierno
14072086,14,7,2086,Invierno
15072086,15,7,2086,Invierno
16072086,16,7,2086,Invierno
17072086,17,7,2086,Invierno
18072086,18,7,2086,Invierno
19072086,19,7,2086,Invierno
20072086,20,7,2086,Invierno
21072086,21,7,2086,Invierno
22072086,22,7,2086,Invierno
23072086,23,7,2086,Invierno
24072086,24,7,2086,Invierno
25072086,25,7,2086,Invierno
26072086,26,7,2086,Invierno
27072086,27,7,2086,Invierno
28072086,28,7,2086,Invierno
29072086,29,7,2086,Invierno
30072086,30,7,2086,Invierno
31072086,31,7,2086,Invierno
1082086,1,8,2086,Invierno
2082086,2,8,2086,Invierno
3082086,3,8,2086,Invierno
4082086,4,8,2086,Invierno
5082086,5,8,2086,Invierno
6082086,6,8,2086,Invierno
7082086,7,8,2086,Invierno
8082086,8,8,2086,Invierno
9082086,9,8,2086,Invierno
10082086,10,8,2086,Invierno
11082086,11,8,2086,Invierno
12082086,12,8,2086,Invierno
13082086,13,8,2086,Invierno
14082086,14,8,2086,Invierno
15082086,15,8,2086,Invierno
16082086,16,8,2086,Invierno
17082086,17,8,2086,Invierno
18082086,18,8,2086,Invierno
19082086,19,8,2086,Invierno
20082086,20,8,2086,Invierno
21082086,21,8,2086,Invierno
22082086,22,8,2086,Invierno
23082086,23,8,2086,Invierno
24082086,24,8,2086,Invierno
25082086,25,8,2086,Invierno
26082086,26,8,2086,Invierno
27082086,27,8,2086,Invierno
28082086,28,8,2086,Invierno
29082086,29,8,2086,Invierno
30082086,30,8,2086,Invierno
31082086,31,8,2086,Invierno
1092086,1,9,2086,Primavera
2092086,2,9,2086,Primavera
3092086,3,9,2086,Primavera
4092086,4,9,2086,Primavera
5092086,5,9,2086,Primavera
6092086,6,9,2086,Primavera
7092086,7,9,2086,Primavera
8092086,8,9,2086,Primavera
9092086,9,9,2086,Primavera
10092086,10,9,2086,Primavera
11092086,11,9,2086,Primavera
12092086,12,9,2086,Primavera
13092086,13,9,2086,Primavera
14092086,14,9,2086,Primavera
15092086,15,9,2086,Primavera
16092086,16,9,2086,Primavera
17092086,17,9,2086,Primavera
18092086,18,9,2086,Primavera
19092086,19,9,2086,Primavera
20092086,20,9,2086,Primavera
21092086,21,9,2086,Primavera
22092086,22,9,2086,Primavera
23092086,23,9,2086,Primavera
24092086,24,9,2086,Primavera
25092086,25,9,2086,Primavera
26092086,26,9,2086,Primavera
27092086,27,9,2086,Primavera
28092086,28,9,2086,Primavera
29092086,29,9,2086,Primavera
30092086,30,9,2086,Primavera
1102086,1,10,2086,Primavera
2102086,2,10,2086,Primavera
3102086,3,10,2086,Primavera
4102086,4,10,2086,Primavera
5102086,5,10,2086,Primavera
6102086,6,10,2086,Primavera
7102086,7,10,2086,Primavera
8102086,8,10,2086,Primavera
9102086,9,10,2086,Primavera
10102086,10,10,2086,Primavera
11102086,11,10,2086,Primavera
12102086,12,10,2086,Primavera
13102086,13,10,2086,Primavera
14102086,14,10,2086,Primavera
15102086,15,10,2086,Primavera
16102086,16,10,2086,Primavera
17102086,17,10,2086,Primavera
18102086,18,10,2086,Primavera
19102086,19,10,2086,Primavera
20102086,20,10,2086,Primavera
21102086,21,10,2086,Primavera
22102086,22,10,2086,Primavera
23102086,23,10,2086,Primavera
24102086,24,10,2086,Primavera
25102086,25,10,2086,Primavera
26102086,26,10,2086,Primavera
27102086,27,10,2086,Primavera
28102086,28,10,2086,Primavera
29102086,29,10,2086,Primavera
30102086,30,10,2086,Primavera
31102086,31,10,2086,Primavera
1112086,1,11,2086,Primavera
2112086,2,11,2086,Primavera
3112086,3,11,2086,Primavera
4112086,4,11,2086,Primavera
5112086,5,11,2086,Primavera
6112086,6,11,2086,Primavera
7112086,7,11,2086,Primavera
8112086,8,11,2086,Primavera
9112086,9,11,2086,Primavera
10112086,10,11,2086,Primavera
11112086,11,11,2086,Primavera
12112086,12,11,2086,Primavera
13112086,13,11,2086,Primavera
14112086,14,11,2086,Primavera
15112086,15,11,2086,Primavera
16112086,16,11,2086,Primavera
17112086,17,11,2086,Primavera
18112086,18,11,2086,Primavera
19112086,19,11,2086,Primavera
20112086,20,11,2086,Primavera
21112086,21,11,2086,Primavera
22112086,22,11,2086,Primavera
23112086,23,11,2086,Primavera
24112086,24,11,2086,Primavera
25112086,25,11,2086,Primavera
26112086,26,11,2086,Primavera
27112086,27,11,2086,Primavera
28112086,28,11,2086,Primavera
29112086,29,11,2086,Primavera
30112086,30,11,2086,Primavera
1122086,1,12,2086,Verano
2122086,2,12,2086,Verano
3122086,3,12,2086,Verano
4122086,4,12,2086,Verano
5122086,5,12,2086,Verano
6122086,6,12,2086,Verano
7122086,7,12,2086,Verano
8122086,8,12,2086,Verano
9122086,9,12,2086,Verano
10122086,10,12,2086,Verano
11122086,11,12,2086,Verano
12122086,12,12,2086,Verano
13122086,13,12,2086,Verano
14122086,14,12,2086,Verano
15122086,15,12,2086,Verano
16122086,16,12,2086,Verano
17122086,17,12,2086,Verano
18122086,18,12,2086,Verano
19122086,19,12,2086,Verano
20122086,20,12,2086,Verano
21122086,21,12,2086,Verano
22122086,22,12,2086,Verano
23122086,23,12,2086,Verano
24122086,24,12,2086,Verano
25122086,25,12,2086,Verano
26122086,26,12,2086,Verano
27122086,27,12,2086,Verano
28122086,28,12,2086,Verano
29122086,29,12,2086,Verano
30122086,30,12,2086,Verano
31122086,31,12,2086,Verano
1012087,1,1,2087,Verano
2012087,2,1,2087,Verano
3012087,3,1,2087,Verano
4012087,4,1,2087,Verano
5012087,5,1,2087,Verano
6012087,6,1,2087,Verano
7012087,7,1,2087,Verano
8012087,8,1,2087,Verano
9012087,9,1,2087,Verano
10012087,10,1,2087,Verano
11012087,11,1,2087,Verano
12012087,12,1,2087,Verano
13012087,13,1,2087,Verano
14012087,14,1,2087,Verano
15012087,15,1,2087,Verano
16012087,16,1,2087,Verano
17012087,17,1,2087,Verano
18012087,18,1,2087,Verano
19012087,19,1,2087,Verano
20012087,20,1,2087,Verano
21012087,21,1,2087,Verano
22012087,22,1,2087,Verano
23012087,23,1,2087,Verano
24012087,24,1,2087,Verano
25012087,25,1,2087,Verano
26012087,26,1,2087,Verano
27012087,27,1,2087,Verano
28012087,28,1,2087,Verano
29012087,29,1,2087,Verano
30012087,30,1,2087,Verano
31012087,31,1,2087,Verano
1022087,1,2,2087,Verano
2022087,2,2,2087,Verano
3022087,3,2,2087,Verano
4022087,4,2,2087,Verano
5022087,5,2,2087,Verano
6022087,6,2,2087,Verano
7022087,7,2,2087,Verano
8022087,8,2,2087,Verano
9022087,9,2,2087,Verano
10022087,10,2,2087,Verano
11022087,11,2,2087,Verano
12022087,12,2,2087,Verano
13022087,13,2,2087,Verano
14022087,14,2,2087,Verano
15022087,15,2,2087,Verano
16022087,16,2,2087,Verano
17022087,17,2,2087,Verano
18022087,18,2,2087,Verano
19022087,19,2,2087,Verano
20022087,20,2,2087,Verano
21022087,21,2,2087,Verano
22022087,22,2,2087,Verano
23022087,23,2,2087,Verano
24022087,24,2,2087,Verano
25022087,25,2,2087,Verano
26022087,26,2,2087,Verano
27022087,27,2,2087,Verano
28022087,28,2,2087,Verano
1032087,1,3,2087,Otoño
2032087,2,3,2087,Otoño
3032087,3,3,2087,Otoño
4032087,4,3,2087,Otoño
5032087,5,3,2087,Otoño
6032087,6,3,2087,Otoño
7032087,7,3,2087,Otoño
8032087,8,3,2087,Otoño
9032087,9,3,2087,Otoño
10032087,10,3,2087,Otoño
11032087,11,3,2087,Otoño
12032087,12,3,2087,Otoño
13032087,13,3,2087,Otoño
14032087,14,3,2087,Otoño
15032087,15,3,2087,Otoño
16032087,16,3,2087,Otoño
17032087,17,3,2087,Otoño
18032087,18,3,2087,Otoño
19032087,19,3,2087,Otoño
20032087,20,3,2087,Otoño
21032087,21,3,2087,Otoño
22032087,22,3,2087,Otoño
23032087,23,3,2087,Otoño
24032087,24,3,2087,Otoño
25032087,25,3,2087,Otoño
26032087,26,3,2087,Otoño
27032087,27,3,2087,Otoño
28032087,28,3,2087,Otoño
29032087,29,3,2087,Otoño
30032087,30,3,2087,Otoño
31032087,31,3,2087,Otoño
1042087,1,4,2087,Otoño
2042087,2,4,2087,Otoño
3042087,3,4,2087,Otoño
4042087,4,4,2087,Otoño
5042087,5,4,2087,Otoño
6042087,6,4,2087,Otoño
7042087,7,4,2087,Otoño
8042087,8,4,2087,Otoño
9042087,9,4,2087,Otoño
10042087,10,4,2087,Otoño
11042087,11,4,2087,Otoño
12042087,12,4,2087,Otoño
13042087,13,4,2087,Otoño
14042087,14,4,2087,Otoño
15042087,15,4,2087,Otoño
16042087,16,4,2087,Otoño
17042087,17,4,2087,Otoño
18042087,18,4,2087,Otoño
19042087,19,4,2087,Otoño
20042087,20,4,2087,Otoño
21042087,21,4,2087,Otoño
22042087,22,4,2087,Otoño
23042087,23,4,2087,Otoño
24042087,24,4,2087,Otoño
25042087,25,4,2087,Otoño
26042087,26,4,2087,Otoño
27042087,27,4,2087,Otoño
28042087,28,4,2087,Otoño
29042087,29,4,2087,Otoño
30042087,30,4,2087,Otoño
1052087,1,5,2087,Otoño
2052087,2,5,2087,Otoño
3052087,3,5,2087,Otoño
4052087,4,5,2087,Otoño
5052087,5,5,2087,Otoño
6052087,6,5,2087,Otoño
7052087,7,5,2087,Otoño
8052087,8,5,2087,Otoño
9052087,9,5,2087,Otoño
10052087,10,5,2087,Otoño
11052087,11,5,2087,Otoño
12052087,12,5,2087,Otoño
13052087,13,5,2087,Otoño
14052087,14,5,2087,Otoño
15052087,15,5,2087,Otoño
16052087,16,5,2087,Otoño
17052087,17,5,2087,Otoño
18052087,18,5,2087,Otoño
19052087,19,5,2087,Otoño
20052087,20,5,2087,Otoño
21052087,21,5,2087,Otoño
22052087,22,5,2087,Otoño
23052087,23,5,2087,Otoño
24052087,24,5,2087,Otoño
25052087,25,5,2087,Otoño
26052087,26,5,2087,Otoño
27052087,27,5,2087,Otoño
28052087,28,5,2087,Otoño
29052087,29,5,2087,Otoño
30052087,30,5,2087,Otoño
31052087,31,5,2087,Otoño
1062087,1,6,2087,Invierno
2062087,2,6,2087,Invierno
3062087,3,6,2087,Invierno
4062087,4,6,2087,Invierno
5062087,5,6,2087,Invierno
6062087,6,6,2087,Invierno
7062087,7,6,2087,Invierno
8062087,8,6,2087,Invierno
9062087,9,6,2087,Invierno
10062087,10,6,2087,Invierno
11062087,11,6,2087,Invierno
12062087,12,6,2087,Invierno
13062087,13,6,2087,Invierno
14062087,14,6,2087,Invierno
15062087,15,6,2087,Invierno
16062087,16,6,2087,Invierno
17062087,17,6,2087,Invierno
18062087,18,6,2087,Invierno
19062087,19,6,2087,Invierno
20062087,20,6,2087,Invierno
21062087,21,6,2087,Invierno
22062087,22,6,2087,Invierno
23062087,23,6,2087,Invierno
24062087,24,6,2087,Invierno
25062087,25,6,2087,Invierno
26062087,26,6,2087,Invierno
27062087,27,6,2087,Invierno
28062087,28,6,2087,Invierno
29062087,29,6,2087,Invierno
30062087,30,6,2087,Invierno
1072087,1,7,2087,Invierno
2072087,2,7,2087,Invierno
3072087,3,7,2087,Invierno
4072087,4,7,2087,Invierno
5072087,5,7,2087,Invierno
6072087,6,7,2087,Invierno
7072087,7,7,2087,Invierno
8072087,8,7,2087,Invierno
9072087,9,7,2087,Invierno
10072087,10,7,2087,Invierno
11072087,11,7,2087,Invierno
12072087,12,7,2087,Invierno
13072087,13,7,2087,Invierno
14072087,14,7,2087,Invierno
15072087,15,7,2087,Invierno
16072087,16,7,2087,Invierno
17072087,17,7,2087,Invierno
18072087,18,7,2087,Invierno
19072087,19,7,2087,Invierno
20072087,20,7,2087,Invierno
21072087,21,7,2087,Invierno
22072087,22,7,2087,Invierno
23072087,23,7,2087,Invierno
24072087,24,7,2087,Invierno
25072087,25,7,2087,Invierno
26072087,26,7,2087,Invierno
27072087,27,7,2087,Invierno
28072087,28,7,2087,Invierno
29072087,29,7,2087,Invierno
30072087,30,7,2087,Invierno
31072087,31,7,2087,Invierno
1082087,1,8,2087,Invierno
2082087,2,8,2087,Invierno
3082087,3,8,2087,Invierno
4082087,4,8,2087,Invierno
5082087,5,8,2087,Invierno
6082087,6,8,2087,Invierno
7082087,7,8,2087,Invierno
8082087,8,8,2087,Invierno
9082087,9,8,2087,Invierno
10082087,10,8,2087,Invierno
11082087,11,8,2087,Invierno
12082087,12,8,2087,Invierno
13082087,13,8,2087,Invierno
14082087,14,8,2087,Invierno
15082087,15,8,2087,Invierno
16082087,16,8,2087,Invierno
17082087,17,8,2087,Invierno
18082087,18,8,2087,Invierno
19082087,19,8,2087,Invierno
20082087,20,8,2087,Invierno
21082087,21,8,2087,Invierno
22082087,22,8,2087,Invierno
23082087,23,8,2087,Invierno
24082087,24,8,2087,Invierno
25082087,25,8,2087,Invierno
26082087,26,8,2087,Invierno
27082087,27,8,2087,Invierno
28082087,28,8,2087,Invierno
29082087,29,8,2087,Invierno
30082087,30,8,2087,Invierno
31082087,31,8,2087,Invierno
1092087,1,9,2087,Primavera
2092087,2,9,2087,Primavera
3092087,3,9,2087,Primavera
4092087,4,9,2087,Primavera
5092087,5,9,2087,Primavera
6092087,6,9,2087,Primavera
7092087,7,9,2087,Primavera
8092087,8,9,2087,Primavera
9092087,9,9,2087,Primavera
10092087,10,9,2087,Primavera
11092087,11,9,2087,Primavera
12092087,12,9,2087,Primavera
13092087,13,9,2087,Primavera
14092087,14,9,2087,Primavera
15092087,15,9,2087,Primavera
16092087,16,9,2087,Primavera
17092087,17,9,2087,Primavera
18092087,18,9,2087,Primavera
19092087,19,9,2087,Primavera
20092087,20,9,2087,Primavera
21092087,21,9,2087,Primavera
22092087,22,9,2087,Primavera
23092087,23,9,2087,Primavera
24092087,24,9,2087,Primavera
25092087,25,9,2087,Primavera
26092087,26,9,2087,Primavera
27092087,27,9,2087,Primavera
28092087,28,9,2087,Primavera
29092087,29,9,2087,Primavera
30092087,30,9,2087,Primavera
1102087,1,10,2087,Primavera
2102087,2,10,2087,Primavera
3102087,3,10,2087,Primavera
4102087,4,10,2087,Primavera
5102087,5,10,2087,Primavera
6102087,6,10,2087,Primavera
7102087,7,10,2087,Primavera
8102087,8,10,2087,Primavera
9102087,9,10,2087,Primavera
10102087,10,10,2087,Primavera
11102087,11,10,2087,Primavera
12102087,12,10,2087,Primavera
13102087,13,10,2087,Primavera
14102087,14,10,2087,Primavera
15102087,15,10,2087,Primavera
16102087,16,10,2087,Primavera
17102087,17,10,2087,Primavera
18102087,18,10,2087,Primavera
19102087,19,10,2087,Primavera
20102087,20,10,2087,Primavera
21102087,21,10,2087,Primavera
22102087,22,10,2087,Primavera
23102087,23,10,2087,Primavera
24102087,24,10,2087,Primavera
25102087,25,10,2087,Primavera
26102087,26,10,2087,Primavera
27102087,27,10,2087,Primavera
28102087,28,10,2087,Primavera
29102087,29,10,2087,Primavera
30102087,30,10,2087,Primavera
31102087,31,10,2087,Primavera
1112087,1,11,2087,Primavera
2112087,2,11,2087,Primavera
3112087,3,11,2087,Primavera
4112087,4,11,2087,Primavera
5112087,5,11,2087,Primavera
6112087,6,11,2087,Primavera
7112087,7,11,2087,Primavera
8112087,8,11,2087,Primavera
9112087,9,11,2087,Primavera
10112087,10,11,2087,Primavera
11112087,11,11,2087,Primavera
12112087,12,11,2087,Primavera
13112087,13,11,2087,Primavera
14112087,14,11,2087,Primavera
15112087,15,11,2087,Primavera
16112087,16,11,2087,Primavera
17112087,17,11,2087,Primavera
18112087,18,11,2087,Primavera
19112087,19,11,2087,Primavera
20112087,20,11,2087,Primavera
21112087,21,11,2087,Primavera
22112087,22,11,2087,Primavera
23112087,23,11,2087,Primavera
24112087,24,11,2087,Primavera
25112087,25,11,2087,Primavera
26112087,26,11,2087,Primavera
27112087,27,11,2087,Primavera
28112087,28,11,2087,Primavera
29112087,29,11,2087,Primavera
30112087,30,11,2087,Primavera
1122087,1,12,2087,Verano
2122087,2,12,2087,Verano
3122087,3,12,2087,Verano
4122087,4,12,2087,Verano
5122087,5,12,2087,Verano
6122087,6,12,2087,Verano
7122087,7,12,2087,Verano
8122087,8,12,2087,Verano
9122087,9,12,2087,Verano
10122087,10,12,2087,Verano
11122087,11,12,2087,Verano
12122087,12,12,2087,Verano
13122087,13,12,2087,Verano
14122087,14,12,2087,Verano
15122087,15,12,2087,Verano
16122087,16,12,2087,Verano
17122087,17,12,2087,Verano
18122087,18,12,2087,Verano
19122087,19,12,2087,Verano
20122087,20,12,2087,Verano
21122087,21,12,2087,Verano
22122087,22,12,2087,Verano
23122087,23,12,2087,Verano
24122087,24,12,2087,Verano
25122087,25,12,2087,Verano
26122087,26,12,2087,Verano
27122087,27,12,2087,Verano
28122087,28,12,2087,Verano
29122087,29,12,2087,Verano
30122087,30,12,2087,Verano
31122087,31,12,2087,Verano
1012088,1,1,2088,Verano
2012088,2,1,2088,Verano
3012088,3,1,2088,Verano
4012088,4,1,2088,Verano
5012088,5,1,2088,Verano
6012088,6,1,2088,Verano
7012088,7,1,2088,Verano
8012088,8,1,2088,Verano
9012088,9,1,2088,Verano
10012088,10,1,2088,Verano
11012088,11,1,2088,Verano
12012088,12,1,2088,Verano
13012088,13,1,2088,Verano
14012088,14,1,2088,Verano
15012088,15,1,2088,Verano
16012088,16,1,2088,Verano
17012088,17,1,2088,Verano
18012088,18,1,2088,Verano
19012088,19,1,2088,Verano
20012088,20,1,2088,Verano
21012088,21,1,2088,Verano
22012088,22,1,2088,Verano
23012088,23,1,2088,Verano
24012088,24,1,2088,Verano
25012088,25,1,2088,Verano
26012088,26,1,2088,Verano
27012088,27,1,2088,Verano
28012088,28,1,2088,Verano
29012088,29,1,2088,Verano
30012088,30,1,2088,Verano
31012088,31,1,2088,Verano
1022088,1,2,2088,Verano
2022088,2,2,2088,Verano
3022088,3,2,2088,Verano
4022088,4,2,2088,Verano
5022088,5,2,2088,Verano
6022088,6,2,2088,Verano
7022088,7,2,2088,Verano
8022088,8,2,2088,Verano
9022088,9,2,2088,Verano
10022088,10,2,2088,Verano
11022088,11,2,2088,Verano
12022088,12,2,2088,Verano
13022088,13,2,2088,Verano
14022088,14,2,2088,Verano
15022088,15,2,2088,Verano
16022088,16,2,2088,Verano
17022088,17,2,2088,Verano
18022088,18,2,2088,Verano
19022088,19,2,2088,Verano
20022088,20,2,2088,Verano
21022088,21,2,2088,Verano
22022088,22,2,2088,Verano
23022088,23,2,2088,Verano
24022088,24,2,2088,Verano
25022088,25,2,2088,Verano
26022088,26,2,2088,Verano
27022088,27,2,2088,Verano
28022088,28,2,2088,Verano
29022088,29,2,2088,Verano
1032088,1,3,2088,Otoño
2032088,2,3,2088,Otoño
3032088,3,3,2088,Otoño
4032088,4,3,2088,Otoño
5032088,5,3,2088,Otoño
6032088,6,3,2088,Otoño
7032088,7,3,2088,Otoño
8032088,8,3,2088,Otoño
9032088,9,3,2088,Otoño
10032088,10,3,2088,Otoño
11032088,11,3,2088,Otoño
12032088,12,3,2088,Otoño
13032088,13,3,2088,Otoño
14032088,14,3,2088,Otoño
15032088,15,3,2088,Otoño
16032088,16,3,2088,Otoño
17032088,17,3,2088,Otoño
18032088,18,3,2088,Otoño
19032088,19,3,2088,Otoño
20032088,20,3,2088,Otoño
21032088,21,3,2088,Otoño
22032088,22,3,2088,Otoño
23032088,23,3,2088,Otoño
24032088,24,3,2088,Otoño
25032088,25,3,2088,Otoño
26032088,26,3,2088,Otoño
27032088,27,3,2088,Otoño
28032088,28,3,2088,Otoño
29032088,29,3,2088,Otoño
30032088,30,3,2088,Otoño
31032088,31,3,2088,Otoño
1042088,1,4,2088,Otoño
2042088,2,4,2088,Otoño
3042088,3,4,2088,Otoño
4042088,4,4,2088,Otoño
5042088,5,4,2088,Otoño
6042088,6,4,2088,Otoño
7042088,7,4,2088,Otoño
8042088,8,4,2088,Otoño
9042088,9,4,2088,Otoño
10042088,10,4,2088,Otoño
11042088,11,4,2088,Otoño
12042088,12,4,2088,Otoño
13042088,13,4,2088,Otoño
14042088,14,4,2088,Otoño
15042088,15,4,2088,Otoño
16042088,16,4,2088,Otoño
17042088,17,4,2088,Otoño
18042088,18,4,2088,Otoño
19042088,19,4,2088,Otoño
20042088,20,4,2088,Otoño
21042088,21,4,2088,Otoño
22042088,22,4,2088,Otoño
23042088,23,4,2088,Otoño
24042088,24,4,2088,Otoño
25042088,25,4,2088,Otoño
26042088,26,4,2088,Otoño
27042088,27,4,2088,Otoño
28042088,28,4,2088,Otoño
29042088,29,4,2088,Otoño
30042088,30,4,2088,Otoño
1052088,1,5,2088,Otoño
2052088,2,5,2088,Otoño
3052088,3,5,2088,Otoño
4052088,4,5,2088,Otoño
5052088,5,5,2088,Otoño
6052088,6,5,2088,Otoño
7052088,7,5,2088,Otoño
8052088,8,5,2088,Otoño
9052088,9,5,2088,Otoño
10052088,10,5,2088,Otoño
11052088,11,5,2088,Otoño
12052088,12,5,2088,Otoño
13052088,13,5,2088,Otoño
14052088,14,5,2088,Otoño
15052088,15,5,2088,Otoño
16052088,16,5,2088,Otoño
17052088,17,5,2088,Otoño
18052088,18,5,2088,Otoño
19052088,19,5,2088,Otoño
20052088,20,5,2088,Otoño
21052088,21,5,2088,Otoño
22052088,22,5,2088,Otoño
23052088,23,5,2088,Otoño
24052088,24,5,2088,Otoño
25052088,25,5,2088,Otoño
26052088,26,5,2088,Otoño
27052088,27,5,2088,Otoño
28052088,28,5,2088,Otoño
29052088,29,5,2088,Otoño
30052088,30,5,2088,Otoño
31052088,31,5,2088,Otoño
1062088,1,6,2088,Invierno
2062088,2,6,2088,Invierno
3062088,3,6,2088,Invierno
4062088,4,6,2088,Invierno
5062088,5,6,2088,Invierno
6062088,6,6,2088,Invierno
7062088,7,6,2088,Invierno
8062088,8,6,2088,Invierno
9062088,9,6,2088,Invierno
10062088,10,6,2088,Invierno
11062088,11,6,2088,Invierno
12062088,12,6,2088,Invierno
13062088,13,6,2088,Invierno
14062088,14,6,2088,Invierno
15062088,15,6,2088,Invierno
16062088,16,6,2088,Invierno
17062088,17,6,2088,Invierno
18062088,18,6,2088,Invierno
19062088,19,6,2088,Invierno
20062088,20,6,2088,Invierno
21062088,21,6,2088,Invierno
22062088,22,6,2088,Invierno
23062088,23,6,2088,Invierno
24062088,24,6,2088,Invierno
25062088,25,6,2088,Invierno
26062088,26,6,2088,Invierno
27062088,27,6,2088,Invierno
28062088,28,6,2088,Invierno
29062088,29,6,2088,Invierno
30062088,30,6,2088,Invierno
1072088,1,7,2088,Invierno
2072088,2,7,2088,Invierno
3072088,3,7,2088,Invierno
4072088,4,7,2088,Invierno
5072088,5,7,2088,Invierno
6072088,6,7,2088,Invierno
7072088,7,7,2088,Invierno
8072088,8,7,2088,Invierno
9072088,9,7,2088,Invierno
10072088,10,7,2088,Invierno
11072088,11,7,2088,Invierno
12072088,12,7,2088,Invierno
13072088,13,7,2088,Invierno
14072088,14,7,2088,Invierno
15072088,15,7,2088,Invierno
16072088,16,7,2088,Invierno
17072088,17,7,2088,Invierno
18072088,18,7,2088,Invierno
19072088,19,7,2088,Invierno
20072088,20,7,2088,Invierno
21072088,21,7,2088,Invierno
22072088,22,7,2088,Invierno
23072088,23,7,2088,Invierno
24072088,24,7,2088,Invierno
25072088,25,7,2088,Invierno
26072088,26,7,2088,Invierno
27072088,27,7,2088,Invierno
28072088,28,7,2088,Invierno
29072088,29,7,2088,Invierno
30072088,30,7,2088,Invierno
31072088,31,7,2088,Invierno
1082088,1,8,2088,Invierno
2082088,2,8,2088,Invierno
3082088,3,8,2088,Invierno
4082088,4,8,2088,Invierno
5082088,5,8,2088,Invierno
6082088,6,8,2088,Invierno
7082088,7,8,2088,Invierno
8082088,8,8,2088,Invierno
9082088,9,8,2088,Invierno
10082088,10,8,2088,Invierno
11082088,11,8,2088,Invierno
12082088,12,8,2088,Invierno
13082088,13,8,2088,Invierno
14082088,14,8,2088,Invierno
15082088,15,8,2088,Invierno
16082088,16,8,2088,Invierno
17082088,17,8,2088,Invierno
18082088,18,8,2088,Invierno
19082088,19,8,2088,Invierno
20082088,20,8,2088,Invierno
21082088,21,8,2088,Invierno
22082088,22,8,2088,Invierno
23082088,23,8,2088,Invierno
24082088,24,8,2088,Invierno
25082088,25,8,2088,Invierno
26082088,26,8,2088,Invierno
27082088,27,8,2088,Invierno
28082088,28,8,2088,Invierno
29082088,29,8,2088,Invierno
30082088,30,8,2088,Invierno
31082088,31,8,2088,Invierno
1092088,1,9,2088,Primavera
2092088,2,9,2088,Primavera
3092088,3,9,2088,Primavera
4092088,4,9,2088,Primavera
5092088,5,9,2088,Primavera
6092088,6,9,2088,Primavera
7092088,7,9,2088,Primavera
8092088,8,9,2088,Primavera
9092088,9,9,2088,Primavera
10092088,10,9,2088,Primavera
11092088,11,9,2088,Primavera
12092088,12,9,2088,Primavera
13092088,13,9,2088,Primavera
14092088,14,9,2088,Primavera
15092088,15,9,2088,Primavera
16092088,16,9,2088,Primavera
17092088,17,9,2088,Primavera
18092088,18,9,2088,Primavera
19092088,19,9,2088,Primavera
20092088,20,9,2088,Primavera
21092088,21,9,2088,Primavera
22092088,22,9,2088,Primavera
23092088,23,9,2088,Primavera
24092088,24,9,2088,Primavera
25092088,25,9,2088,Primavera
26092088,26,9,2088,Primavera
27092088,27,9,2088,Primavera
28092088,28,9,2088,Primavera
29092088,29,9,2088,Primavera
30092088,30,9,2088,Primavera
1102088,1,10,2088,Primavera
2102088,2,10,2088,Primavera
3102088,3,10,2088,Primavera
4102088,4,10,2088,Primavera
5102088,5,10,2088,Primavera
6102088,6,10,2088,Primavera
7102088,7,10,2088,Primavera
8102088,8,10,2088,Primavera
9102088,9,10,2088,Primavera
10102088,10,10,2088,Primavera
11102088,11,10,2088,Primavera
12102088,12,10,2088,Primavera
13102088,13,10,2088,Primavera
14102088,14,10,2088,Primavera
15102088,15,10,2088,Primavera
16102088,16,10,2088,Primavera
17102088,17,10,2088,Primavera
18102088,18,10,2088,Primavera
19102088,19,10,2088,Primavera
20102088,20,10,2088,Primavera
21102088,21,10,2088,Primavera
22102088,22,10,2088,Primavera
23102088,23,10,2088,Primavera
24102088,24,10,2088,Primavera
25102088,25,10,2088,Primavera
26102088,26,10,2088,Primavera
27102088,27,10,2088,Primavera
28102088,28,10,2088,Primavera
29102088,29,10,2088,Primavera
30102088,30,10,2088,Primavera
31102088,31,10,2088,Primavera
1112088,1,11,2088,Primavera
2112088,2,11,2088,Primavera
3112088,3,11,2088,Primavera
4112088,4,11,2088,Primavera
5112088,5,11,2088,Primavera
6112088,6,11,2088,Primavera
7112088,7,11,2088,Primavera
8112088,8,11,2088,Primavera
9112088,9,11,2088,Primavera
10112088,10,11,2088,Primavera
11112088,11,11,2088,Primavera
12112088,12,11,2088,Primavera
13112088,13,11,2088,Primavera
14112088,14,11,2088,Primavera
15112088,15,11,2088,Primavera
16112088,16,11,2088,Primavera
17112088,17,11,2088,Primavera
18112088,18,11,2088,Primavera
19112088,19,11,2088,Primavera
20112088,20,11,2088,Primavera
21112088,21,11,2088,Primavera
22112088,22,11,2088,Primavera
23112088,23,11,2088,Primavera
24112088,24,11,2088,Primavera
25112088,25,11,2088,Primavera
26112088,26,11,2088,Primavera
27112088,27,11,2088,Primavera
28112088,28,11,2088,Primavera
29112088,29,11,2088,Primavera
30112088,30,11,2088,Primavera
1122088,1,12,2088,Verano
2122088,2,12,2088,Verano
3122088,3,12,2088,Verano
4122088,4,12,2088,Verano
5122088,5,12,2088,Verano
6122088,6,12,2088,Verano
7122088,7,12,2088,Verano
8122088,8,12,2088,Verano
9122088,9,12,2088,Verano
10122088,10,12,2088,Verano
11122088,11,12,2088,Verano
12122088,12,12,2088,Verano
13122088,13,12,2088,Verano
14122088,14,12,2088,Verano
15122088,15,12,2088,Verano
16122088,16,12,2088,Verano
17122088,17,12,2088,Verano
18122088,18,12,2088,Verano
19122088,19,12,2088,Verano
20122088,20,12,2088,Verano
21122088,21,12,2088,Verano
22122088,22,12,2088,Verano
23122088,23,12,2088,Verano
24122088,24,12,2088,Verano
25122088,25,12,2088,Verano
26122088,26,12,2088,Verano
27122088,27,12,2088,Verano
28122088,28,12,2088,Verano
29122088,29,12,2088,Verano
30122088,30,12,2088,Verano
31122088,31,12,2088,Verano
1012089,1,1,2089,Verano
2012089,2,1,2089,Verano
3012089,3,1,2089,Verano
4012089,4,1,2089,Verano
5012089,5,1,2089,Verano
6012089,6,1,2089,Verano
7012089,7,1,2089,Verano
8012089,8,1,2089,Verano
9012089,9,1,2089,Verano
10012089,10,1,2089,Verano
11012089,11,1,2089,Verano
12012089,12,1,2089,Verano
13012089,13,1,2089,Verano
14012089,14,1,2089,Verano
15012089,15,1,2089,Verano
16012089,16,1,2089,Verano
17012089,17,1,2089,Verano
18012089,18,1,2089,Verano
19012089,19,1,2089,Verano
20012089,20,1,2089,Verano
21012089,21,1,2089,Verano
22012089,22,1,2089,Verano
23012089,23,1,2089,Verano
24012089,24,1,2089,Verano
25012089,25,1,2089,Verano
26012089,26,1,2089,Verano
27012089,27,1,2089,Verano
28012089,28,1,2089,Verano
29012089,29,1,2089,Verano
30012089,30,1,2089,Verano
31012089,31,1,2089,Verano
1022089,1,2,2089,Verano
2022089,2,2,2089,Verano
3022089,3,2,2089,Verano
4022089,4,2,2089,Verano
5022089,5,2,2089,Verano
6022089,6,2,2089,Verano
7022089,7,2,2089,Verano
8022089,8,2,2089,Verano
9022089,9,2,2089,Verano
10022089,10,2,2089,Verano
11022089,11,2,2089,Verano
12022089,12,2,2089,Verano
13022089,13,2,2089,Verano
14022089,14,2,2089,Verano
15022089,15,2,2089,Verano
16022089,16,2,2089,Verano
17022089,17,2,2089,Verano
18022089,18,2,2089,Verano
19022089,19,2,2089,Verano
20022089,20,2,2089,Verano
21022089,21,2,2089,Verano
22022089,22,2,2089,Verano
23022089,23,2,2089,Verano
24022089,24,2,2089,Verano
25022089,25,2,2089,Verano
26022089,26,2,2089,Verano
27022089,27,2,2089,Verano
28022089,28,2,2089,Verano
1032089,1,3,2089,Otoño
2032089,2,3,2089,Otoño
3032089,3,3,2089,Otoño
4032089,4,3,2089,Otoño
5032089,5,3,2089,Otoño
6032089,6,3,2089,Otoño
7032089,7,3,2089,Otoño
8032089,8,3,2089,Otoño
9032089,9,3,2089,Otoño
10032089,10,3,2089,Otoño
11032089,11,3,2089,Otoño
12032089,12,3,2089,Otoño
13032089,13,3,2089,Otoño
14032089,14,3,2089,Otoño
15032089,15,3,2089,Otoño
16032089,16,3,2089,Otoño
17032089,17,3,2089,Otoño
18032089,18,3,2089,Otoño
19032089,19,3,2089,Otoño
20032089,20,3,2089,Otoño
21032089,21,3,2089,Otoño
22032089,22,3,2089,Otoño
23032089,23,3,2089,Otoño
24032089,24,3,2089,Otoño
25032089,25,3,2089,Otoño
26032089,26,3,2089,Otoño
27032089,27,3,2089,Otoño
28032089,28,3,2089,Otoño
29032089,29,3,2089,Otoño
30032089,30,3,2089,Otoño
31032089,31,3,2089,Otoño
1042089,1,4,2089,Otoño
2042089,2,4,2089,Otoño
3042089,3,4,2089,Otoño
4042089,4,4,2089,Otoño
5042089,5,4,2089,Otoño
6042089,6,4,2089,Otoño
7042089,7,4,2089,Otoño
8042089,8,4,2089,Otoño
9042089,9,4,2089,Otoño
10042089,10,4,2089,Otoño
11042089,11,4,2089,Otoño
12042089,12,4,2089,Otoño
13042089,13,4,2089,Otoño
14042089,14,4,2089,Otoño
15042089,15,4,2089,Otoño
16042089,16,4,2089,Otoño
17042089,17,4,2089,Otoño
18042089,18,4,2089,Otoño
19042089,19,4,2089,Otoño
20042089,20,4,2089,Otoño
21042089,21,4,2089,Otoño
22042089,22,4,2089,Otoño
23042089,23,4,2089,Otoño
24042089,24,4,2089,Otoño
25042089,25,4,2089,Otoño
26042089,26,4,2089,Otoño
27042089,27,4,2089,Otoño
28042089,28,4,2089,Otoño
29042089,29,4,2089,Otoño
30042089,30,4,2089,Otoño
1052089,1,5,2089,Otoño
2052089,2,5,2089,Otoño
3052089,3,5,2089,Otoño
4052089,4,5,2089,Otoño
5052089,5,5,2089,Otoño
6052089,6,5,2089,Otoño
7052089,7,5,2089,Otoño
8052089,8,5,2089,Otoño
9052089,9,5,2089,Otoño
10052089,10,5,2089,Otoño
11052089,11,5,2089,Otoño
12052089,12,5,2089,Otoño
13052089,13,5,2089,Otoño
14052089,14,5,2089,Otoño
15052089,15,5,2089,Otoño
16052089,16,5,2089,Otoño
17052089,17,5,2089,Otoño
18052089,18,5,2089,Otoño
19052089,19,5,2089,Otoño
20052089,20,5,2089,Otoño
21052089,21,5,2089,Otoño
22052089,22,5,2089,Otoño
23052089,23,5,2089,Otoño
24052089,24,5,2089,Otoño
25052089,25,5,2089,Otoño
26052089,26,5,2089,Otoño
27052089,27,5,2089,Otoño
28052089,28,5,2089,Otoño
29052089,29,5,2089,Otoño
30052089,30,5,2089,Otoño
31052089,31,5,2089,Otoño
1062089,1,6,2089,Invierno
2062089,2,6,2089,Invierno
3062089,3,6,2089,Invierno
4062089,4,6,2089,Invierno
5062089,5,6,2089,Invierno
6062089,6,6,2089,Invierno
7062089,7,6,2089,Invierno
8062089,8,6,2089,Invierno
9062089,9,6,2089,Invierno
10062089,10,6,2089,Invierno
11062089,11,6,2089,Invierno
12062089,12,6,2089,Invierno
13062089,13,6,2089,Invierno
14062089,14,6,2089,Invierno
15062089,15,6,2089,Invierno
16062089,16,6,2089,Invierno
17062089,17,6,2089,Invierno
18062089,18,6,2089,Invierno
19062089,19,6,2089,Invierno
20062089,20,6,2089,Invierno
21062089,21,6,2089,Invierno
22062089,22,6,2089,Invierno
23062089,23,6,2089,Invierno
24062089,24,6,2089,Invierno
25062089,25,6,2089,Invierno
26062089,26,6,2089,Invierno
27062089,27,6,2089,Invierno
28062089,28,6,2089,Invierno
29062089,29,6,2089,Invierno
30062089,30,6,2089,Invierno
1072089,1,7,2089,Invierno
2072089,2,7,2089,Invierno
3072089,3,7,2089,Invierno
4072089,4,7,2089,Invierno
5072089,5,7,2089,Invierno
6072089,6,7,2089,Invierno
7072089,7,7,2089,Invierno
8072089,8,7,2089,Invierno
9072089,9,7,2089,Invierno
10072089,10,7,2089,Invierno
11072089,11,7,2089,Invierno
12072089,12,7,2089,Invierno
13072089,13,7,2089,Invierno
14072089,14,7,2089,Invierno
15072089,15,7,2089,Invierno
16072089,16,7,2089,Invierno
17072089,17,7,2089,Invierno
18072089,18,7,2089,Invierno
19072089,19,7,2089,Invierno
20072089,20,7,2089,Invierno
21072089,21,7,2089,Invierno
22072089,22,7,2089,Invierno
23072089,23,7,2089,Invierno
24072089,24,7,2089,Invierno
25072089,25,7,2089,Invierno
26072089,26,7,2089,Invierno
27072089,27,7,2089,Invierno
28072089,28,7,2089,Invierno
29072089,29,7,2089,Invierno
30072089,30,7,2089,Invierno
31072089,31,7,2089,Invierno
1082089,1,8,2089,Invierno
2082089,2,8,2089,Invierno
3082089,3,8,2089,Invierno
4082089,4,8,2089,Invierno
5082089,5,8,2089,Invierno
6082089,6,8,2089,Invierno
7082089,7,8,2089,Invierno
8082089,8,8,2089,Invierno
9082089,9,8,2089,Invierno
10082089,10,8,2089,Invierno
11082089,11,8,2089,Invierno
12082089,12,8,2089,Invierno
13082089,13,8,2089,Invierno
14082089,14,8,2089,Invierno
15082089,15,8,2089,Invierno
16082089,16,8,2089,Invierno
17082089,17,8,2089,Invierno
18082089,18,8,2089,Invierno
19082089,19,8,2089,Invierno
20082089,20,8,2089,Invierno
21082089,21,8,2089,Invierno
22082089,22,8,2089,Invierno
23082089,23,8,2089,Invierno
24082089,24,8,2089,Invierno
25082089,25,8,2089,Invierno
26082089,26,8,2089,Invierno
27082089,27,8,2089,Invierno
28082089,28,8,2089,Invierno
29082089,29,8,2089,Invierno
30082089,30,8,2089,Invierno
31082089,31,8,2089,Invierno
1092089,1,9,2089,Primavera
2092089,2,9,2089,Primavera
3092089,3,9,2089,Primavera
4092089,4,9,2089,Primavera
5092089,5,9,2089,Primavera
6092089,6,9,2089,Primavera
7092089,7,9,2089,Primavera
8092089,8,9,2089,Primavera
9092089,9,9,2089,Primavera
10092089,10,9,2089,Primavera
11092089,11,9,2089,Primavera
12092089,12,9,2089,Primavera
13092089,13,9,2089,Primavera
14092089,14,9,2089,Primavera
15092089,15,9,2089,Primavera
16092089,16,9,2089,Primavera
17092089,17,9,2089,Primavera
18092089,18,9,2089,Primavera
19092089,19,9,2089,Primavera
20092089,20,9,2089,Primavera
21092089,21,9,2089,Primavera
22092089,22,9,2089,Primavera
23092089,23,9,2089,Primavera
24092089,24,9,2089,Primavera
25092089,25,9,2089,Primavera
26092089,26,9,2089,Primavera
27092089,27,9,2089,Primavera
28092089,28,9,2089,Primavera
29092089,29,9,2089,Primavera
30092089,30,9,2089,Primavera
1102089,1,10,2089,Primavera
2102089,2,10,2089,Primavera
3102089,3,10,2089,Primavera
4102089,4,10,2089,Primavera
5102089,5,10,2089,Primavera
6102089,6,10,2089,Primavera
7102089,7,10,2089,Primavera
8102089,8,10,2089,Primavera
9102089,9,10,2089,Primavera
10102089,10,10,2089,Primavera
11102089,11,10,2089,Primavera
12102089,12,10,2089,Primavera
13102089,13,10,2089,Primavera
14102089,14,10,2089,Primavera
15102089,15,10,2089,Primavera
16102089,16,10,2089,Primavera
17102089,17,10,2089,Primavera
18102089,18,10,2089,Primavera
19102089,19,10,2089,Primavera
20102089,20,10,2089,Primavera
21102089,21,10,2089,Primavera
22102089,22,10,2089,Primavera
23102089,23,10,2089,Primavera
24102089,24,10,2089,Primavera
25102089,25,10,2089,Primavera
26102089,26,10,2089,Primavera
27102089,27,10,2089,Primavera
28102089,28,10,2089,Primavera
29102089,29,10,2089,Primavera
30102089,30,10,2089,Primavera
31102089,31,10,2089,Primavera
1112089,1,11,2089,Primavera
2112089,2,11,2089,Primavera
3112089,3,11,2089,Primavera
4112089,4,11,2089,Primavera
5112089,5,11,2089,Primavera
6112089,6,11,2089,Primavera
7112089,7,11,2089,Primavera
8112089,8,11,2089,Primavera
9112089,9,11,2089,Primavera
10112089,10,11,2089,Primavera
11112089,11,11,2089,Primavera
12112089,12,11,2089,Primavera
13112089,13,11,2089,Primavera
14112089,14,11,2089,Primavera
15112089,15,11,2089,Primavera
16112089,16,11,2089,Primavera
17112089,17,11,2089,Primavera
18112089,18,11,2089,Primavera
19112089,19,11,2089,Primavera
20112089,20,11,2089,Primavera
21112089,21,11,2089,Primavera
22112089,22,11,2089,Primavera
23112089,23,11,2089,Primavera
24112089,24,11,2089,Primavera
25112089,25,11,2089,Primavera
26112089,26,11,2089,Primavera
27112089,27,11,2089,Primavera
28112089,28,11,2089,Primavera
29112089,29,11,2089,Primavera
30112089,30,11,2089,Primavera
1122089,1,12,2089,Verano
2122089,2,12,2089,Verano
3122089,3,12,2089,Verano
4122089,4,12,2089,Verano
5122089,5,12,2089,Verano
6122089,6,12,2089,Verano
7122089,7,12,2089,Verano
8122089,8,12,2089,Verano
9122089,9,12,2089,Verano
10122089,10,12,2089,Verano
11122089,11,12,2089,Verano
12122089,12,12,2089,Verano
13122089,13,12,2089,Verano
14122089,14,12,2089,Verano
15122089,15,12,2089,Verano
16122089,16,12,2089,Verano
17122089,17,12,2089,Verano
18122089,18,12,2089,Verano
19122089,19,12,2089,Verano
20122089,20,12,2089,Verano
21122089,21,12,2089,Verano
22122089,22,12,2089,Verano
23122089,23,12,2089,Verano
24122089,24,12,2089,Verano
25122089,25,12,2089,Verano
26122089,26,12,2089,Verano
27122089,27,12,2089,Verano
28122089,28,12,2089,Verano
29122089,29,12,2089,Verano
30122089,30,12,2089,Verano
31122089,31,12,2089,Verano
1012090,1,1,2090,Verano
2012090,2,1,2090,Verano
3012090,3,1,2090,Verano
4012090,4,1,2090,Verano
5012090,5,1,2090,Verano
6012090,6,1,2090,Verano
7012090,7,1,2090,Verano
8012090,8,1,2090,Verano
9012090,9,1,2090,Verano
10012090,10,1,2090,Verano
11012090,11,1,2090,Verano
12012090,12,1,2090,Verano
13012090,13,1,2090,Verano
14012090,14,1,2090,Verano
15012090,15,1,2090,Verano
16012090,16,1,2090,Verano
17012090,17,1,2090,Verano
18012090,18,1,2090,Verano
19012090,19,1,2090,Verano
20012090,20,1,2090,Verano
21012090,21,1,2090,Verano
22012090,22,1,2090,Verano
23012090,23,1,2090,Verano
24012090,24,1,2090,Verano
25012090,25,1,2090,Verano
26012090,26,1,2090,Verano
27012090,27,1,2090,Verano
28012090,28,1,2090,Verano
29012090,29,1,2090,Verano
30012090,30,1,2090,Verano
31012090,31,1,2090,Verano
1022090,1,2,2090,Verano
2022090,2,2,2090,Verano
3022090,3,2,2090,Verano
4022090,4,2,2090,Verano
5022090,5,2,2090,Verano
6022090,6,2,2090,Verano
7022090,7,2,2090,Verano
8022090,8,2,2090,Verano
9022090,9,2,2090,Verano
10022090,10,2,2090,Verano
11022090,11,2,2090,Verano
12022090,12,2,2090,Verano
13022090,13,2,2090,Verano
14022090,14,2,2090,Verano
15022090,15,2,2090,Verano
16022090,16,2,2090,Verano
17022090,17,2,2090,Verano
18022090,18,2,2090,Verano
19022090,19,2,2090,Verano
20022090,20,2,2090,Verano
21022090,21,2,2090,Verano
22022090,22,2,2090,Verano
23022090,23,2,2090,Verano
24022090,24,2,2090,Verano
25022090,25,2,2090,Verano
26022090,26,2,2090,Verano
27022090,27,2,2090,Verano
28022090,28,2,2090,Verano
1032090,1,3,2090,Otoño
2032090,2,3,2090,Otoño
3032090,3,3,2090,Otoño
4032090,4,3,2090,Otoño
5032090,5,3,2090,Otoño
6032090,6,3,2090,Otoño
7032090,7,3,2090,Otoño
8032090,8,3,2090,Otoño
9032090,9,3,2090,Otoño
10032090,10,3,2090,Otoño
11032090,11,3,2090,Otoño
12032090,12,3,2090,Otoño
13032090,13,3,2090,Otoño
14032090,14,3,2090,Otoño
15032090,15,3,2090,Otoño
16032090,16,3,2090,Otoño
17032090,17,3,2090,Otoño
18032090,18,3,2090,Otoño
19032090,19,3,2090,Otoño
20032090,20,3,2090,Otoño
21032090,21,3,2090,Otoño
22032090,22,3,2090,Otoño
23032090,23,3,2090,Otoño
24032090,24,3,2090,Otoño
25032090,25,3,2090,Otoño
26032090,26,3,2090,Otoño
27032090,27,3,2090,Otoño
28032090,28,3,2090,Otoño
29032090,29,3,2090,Otoño
30032090,30,3,2090,Otoño
31032090,31,3,2090,Otoño
1042090,1,4,2090,Otoño
2042090,2,4,2090,Otoño
3042090,3,4,2090,Otoño
4042090,4,4,2090,Otoño
5042090,5,4,2090,Otoño
6042090,6,4,2090,Otoño
7042090,7,4,2090,Otoño
8042090,8,4,2090,Otoño
9042090,9,4,2090,Otoño
10042090,10,4,2090,Otoño
11042090,11,4,2090,Otoño
12042090,12,4,2090,Otoño
13042090,13,4,2090,Otoño
14042090,14,4,2090,Otoño
15042090,15,4,2090,Otoño
16042090,16,4,2090,Otoño
17042090,17,4,2090,Otoño
18042090,18,4,2090,Otoño
19042090,19,4,2090,Otoño
20042090,20,4,2090,Otoño
21042090,21,4,2090,Otoño
22042090,22,4,2090,Otoño
23042090,23,4,2090,Otoño
24042090,24,4,2090,Otoño
25042090,25,4,2090,Otoño
26042090,26,4,2090,Otoño
27042090,27,4,2090,Otoño
28042090,28,4,2090,Otoño
29042090,29,4,2090,Otoño
30042090,30,4,2090,Otoño
1052090,1,5,2090,Otoño
2052090,2,5,2090,Otoño
3052090,3,5,2090,Otoño
4052090,4,5,2090,Otoño
5052090,5,5,2090,Otoño
6052090,6,5,2090,Otoño
7052090,7,5,2090,Otoño
8052090,8,5,2090,Otoño
9052090,9,5,2090,Otoño
10052090,10,5,2090,Otoño
11052090,11,5,2090,Otoño
12052090,12,5,2090,Otoño
13052090,13,5,2090,Otoño
14052090,14,5,2090,Otoño
15052090,15,5,2090,Otoño
16052090,16,5,2090,Otoño
17052090,17,5,2090,Otoño
18052090,18,5,2090,Otoño
19052090,19,5,2090,Otoño
20052090,20,5,2090,Otoño
21052090,21,5,2090,Otoño
22052090,22,5,2090,Otoño
23052090,23,5,2090,Otoño
24052090,24,5,2090,Otoño
25052090,25,5,2090,Otoño
26052090,26,5,2090,Otoño
27052090,27,5,2090,Otoño
28052090,28,5,2090,Otoño
29052090,29,5,2090,Otoño
30052090,30,5,2090,Otoño
31052090,31,5,2090,Otoño
1062090,1,6,2090,Invierno
2062090,2,6,2090,Invierno
3062090,3,6,2090,Invierno
4062090,4,6,2090,Invierno
5062090,5,6,2090,Invierno
6062090,6,6,2090,Invierno
7062090,7,6,2090,Invierno
8062090,8,6,2090,Invierno
9062090,9,6,2090,Invierno
10062090,10,6,2090,Invierno
11062090,11,6,2090,Invierno
12062090,12,6,2090,Invierno
13062090,13,6,2090,Invierno
14062090,14,6,2090,Invierno
15062090,15,6,2090,Invierno
16062090,16,6,2090,Invierno
17062090,17,6,2090,Invierno
18062090,18,6,2090,Invierno
19062090,19,6,2090,Invierno
20062090,20,6,2090,Invierno
21062090,21,6,2090,Invierno
22062090,22,6,2090,Invierno
23062090,23,6,2090,Invierno
24062090,24,6,2090,Invierno
25062090,25,6,2090,Invierno
26062090,26,6,2090,Invierno
27062090,27,6,2090,Invierno
28062090,28,6,2090,Invierno
29062090,29,6,2090,Invierno
30062090,30,6,2090,Invierno
1072090,1,7,2090,Invierno
2072090,2,7,2090,Invierno
3072090,3,7,2090,Invierno
4072090,4,7,2090,Invierno
5072090,5,7,2090,Invierno
6072090,6,7,2090,Invierno
7072090,7,7,2090,Invierno
8072090,8,7,2090,Invierno
9072090,9,7,2090,Invierno
10072090,10,7,2090,Invierno
11072090,11,7,2090,Invierno
12072090,12,7,2090,Invierno
13072090,13,7,2090,Invierno
14072090,14,7,2090,Invierno
15072090,15,7,2090,Invierno
16072090,16,7,2090,Invierno
17072090,17,7,2090,Invierno
18072090,18,7,2090,Invierno
19072090,19,7,2090,Invierno
20072090,20,7,2090,Invierno
21072090,21,7,2090,Invierno
22072090,22,7,2090,Invierno
23072090,23,7,2090,Invierno
24072090,24,7,2090,Invierno
25072090,25,7,2090,Invierno
26072090,26,7,2090,Invierno
27072090,27,7,2090,Invierno
28072090,28,7,2090,Invierno
29072090,29,7,2090,Invierno
30072090,30,7,2090,Invierno
31072090,31,7,2090,Invierno
1082090,1,8,2090,Invierno
2082090,2,8,2090,Invierno
3082090,3,8,2090,Invierno
4082090,4,8,2090,Invierno
5082090,5,8,2090,Invierno
6082090,6,8,2090,Invierno
7082090,7,8,2090,Invierno
8082090,8,8,2090,Invierno
9082090,9,8,2090,Invierno
10082090,10,8,2090,Invierno
11082090,11,8,2090,Invierno
12082090,12,8,2090,Invierno
13082090,13,8,2090,Invierno
14082090,14,8,2090,Invierno
15082090,15,8,2090,Invierno
16082090,16,8,2090,Invierno
17082090,17,8,2090,Invierno
18082090,18,8,2090,Invierno
19082090,19,8,2090,Invierno
20082090,20,8,2090,Invierno
21082090,21,8,2090,Invierno
22082090,22,8,2090,Invierno
23082090,23,8,2090,Invierno
24082090,24,8,2090,Invierno
25082090,25,8,2090,Invierno
26082090,26,8,2090,Invierno
27082090,27,8,2090,Invierno
28082090,28,8,2090,Invierno
29082090,29,8,2090,Invierno
30082090,30,8,2090,Invierno
31082090,31,8,2090,Invierno
1092090,1,9,2090,Primavera
2092090,2,9,2090,Primavera
3092090,3,9,2090,Primavera
4092090,4,9,2090,Primavera
5092090,5,9,2090,Primavera
6092090,6,9,2090,Primavera
7092090,7,9,2090,Primavera
8092090,8,9,2090,Primavera
9092090,9,9,2090,Primavera
10092090,10,9,2090,Primavera
11092090,11,9,2090,Primavera
12092090,12,9,2090,Primavera
13092090,13,9,2090,Primavera
14092090,14,9,2090,Primavera
15092090,15,9,2090,Primavera
16092090,16,9,2090,Primavera
17092090,17,9,2090,Primavera
18092090,18,9,2090,Primavera
19092090,19,9,2090,Primavera
20092090,20,9,2090,Primavera
21092090,21,9,2090,Primavera
22092090,22,9,2090,Primavera
23092090,23,9,2090,Primavera
24092090,24,9,2090,Primavera
25092090,25,9,2090,Primavera
26092090,26,9,2090,Primavera
27092090,27,9,2090,Primavera
28092090,28,9,2090,Primavera
29092090,29,9,2090,Primavera
30092090,30,9,2090,Primavera
1102090,1,10,2090,Primavera
2102090,2,10,2090,Primavera
3102090,3,10,2090,Primavera
4102090,4,10,2090,Primavera
5102090,5,10,2090,Primavera
6102090,6,10,2090,Primavera
7102090,7,10,2090,Primavera
8102090,8,10,2090,Primavera
9102090,9,10,2090,Primavera
10102090,10,10,2090,Primavera
11102090,11,10,2090,Primavera
12102090,12,10,2090,Primavera
13102090,13,10,2090,Primavera
14102090,14,10,2090,Primavera
15102090,15,10,2090,Primavera
16102090,16,10,2090,Primavera
17102090,17,10,2090,Primavera
18102090,18,10,2090,Primavera
19102090,19,10,2090,Primavera
20102090,20,10,2090,Primavera
21102090,21,10,2090,Primavera
22102090,22,10,2090,Primavera
23102090,23,10,2090,Primavera
24102090,24,10,2090,Primavera
25102090,25,10,2090,Primavera
26102090,26,10,2090,Primavera
27102090,27,10,2090,Primavera
28102090,28,10,2090,Primavera
29102090,29,10,2090,Primavera
30102090,30,10,2090,Primavera
31102090,31,10,2090,Primavera
1112090,1,11,2090,Primavera
2112090,2,11,2090,Primavera
3112090,3,11,2090,Primavera
4112090,4,11,2090,Primavera
5112090,5,11,2090,Primavera
6112090,6,11,2090,Primavera
7112090,7,11,2090,Primavera
8112090,8,11,2090,Primavera
9112090,9,11,2090,Primavera
10112090,10,11,2090,Primavera
11112090,11,11,2090,Primavera
12112090,12,11,2090,Primavera
13112090,13,11,2090,Primavera
14112090,14,11,2090,Primavera
15112090,15,11,2090,Primavera
16112090,16,11,2090,Primavera
17112090,17,11,2090,Primavera
18112090,18,11,2090,Primavera
19112090,19,11,2090,Primavera
20112090,20,11,2090,Primavera
21112090,21,11,2090,Primavera
22112090,22,11,2090,Primavera
23112090,23,11,2090,Primavera
24112090,24,11,2090,Primavera
25112090,25,11,2090,Primavera
26112090,26,11,2090,Primavera
27112090,27,11,2090,Primavera
28112090,28,11,2090,Primavera
29112090,29,11,2090,Primavera
30112090,30,11,2090,Primavera
1122090,1,12,2090,Verano
2122090,2,12,2090,Verano
3122090,3,12,2090,Verano
4122090,4,12,2090,Verano
5122090,5,12,2090,Verano
6122090,6,12,2090,Verano
7122090,7,12,2090,Verano
8122090,8,12,2090,Verano
9122090,9,12,2090,Verano
10122090,10,12,2090,Verano
11122090,11,12,2090,Verano
12122090,12,12,2090,Verano
13122090,13,12,2090,Verano
14122090,14,12,2090,Verano
15122090,15,12,2090,Verano
16122090,16,12,2090,Verano
17122090,17,12,2090,Verano
18122090,18,12,2090,Verano
19122090,19,12,2090,Verano
20122090,20,12,2090,Verano
21122090,21,12,2090,Verano
22122090,22,12,2090,Verano
23122090,23,12,2090,Verano
24122090,24,12,2090,Verano
25122090,25,12,2090,Verano
26122090,26,12,2090,Verano
27122090,27,12,2090,Verano
28122090,28,12,2090,Verano
29122090,29,12,2090,Verano
30122090,30,12,2090,Verano
31122090,31,12,2090,Verano
1012091,1,1,2091,Verano
2012091,2,1,2091,Verano
3012091,3,1,2091,Verano
4012091,4,1,2091,Verano
5012091,5,1,2091,Verano
6012091,6,1,2091,Verano
7012091,7,1,2091,Verano
8012091,8,1,2091,Verano
9012091,9,1,2091,Verano
10012091,10,1,2091,Verano
11012091,11,1,2091,Verano
12012091,12,1,2091,Verano
13012091,13,1,2091,Verano
14012091,14,1,2091,Verano
15012091,15,1,2091,Verano
16012091,16,1,2091,Verano
17012091,17,1,2091,Verano
18012091,18,1,2091,Verano
19012091,19,1,2091,Verano
20012091,20,1,2091,Verano
21012091,21,1,2091,Verano
22012091,22,1,2091,Verano
23012091,23,1,2091,Verano
24012091,24,1,2091,Verano
25012091,25,1,2091,Verano
26012091,26,1,2091,Verano
27012091,27,1,2091,Verano
28012091,28,1,2091,Verano
29012091,29,1,2091,Verano
30012091,30,1,2091,Verano
31012091,31,1,2091,Verano
1022091,1,2,2091,Verano
2022091,2,2,2091,Verano
3022091,3,2,2091,Verano
4022091,4,2,2091,Verano
5022091,5,2,2091,Verano
6022091,6,2,2091,Verano
7022091,7,2,2091,Verano
8022091,8,2,2091,Verano
9022091,9,2,2091,Verano
10022091,10,2,2091,Verano
11022091,11,2,2091,Verano
12022091,12,2,2091,Verano
13022091,13,2,2091,Verano
14022091,14,2,2091,Verano
15022091,15,2,2091,Verano
16022091,16,2,2091,Verano
17022091,17,2,2091,Verano
18022091,18,2,2091,Verano
19022091,19,2,2091,Verano
20022091,20,2,2091,Verano
21022091,21,2,2091,Verano
22022091,22,2,2091,Verano
23022091,23,2,2091,Verano
24022091,24,2,2091,Verano
25022091,25,2,2091,Verano
26022091,26,2,2091,Verano
27022091,27,2,2091,Verano
28022091,28,2,2091,Verano
1032091,1,3,2091,Otoño
2032091,2,3,2091,Otoño
3032091,3,3,2091,Otoño
4032091,4,3,2091,Otoño
5032091,5,3,2091,Otoño
6032091,6,3,2091,Otoño
7032091,7,3,2091,Otoño
8032091,8,3,2091,Otoño
9032091,9,3,2091,Otoño
10032091,10,3,2091,Otoño
11032091,11,3,2091,Otoño
12032091,12,3,2091,Otoño
13032091,13,3,2091,Otoño
14032091,14,3,2091,Otoño
15032091,15,3,2091,Otoño
16032091,16,3,2091,Otoño
17032091,17,3,2091,Otoño
18032091,18,3,2091,Otoño
19032091,19,3,2091,Otoño
20032091,20,3,2091,Otoño
21032091,21,3,2091,Otoño
22032091,22,3,2091,Otoño
23032091,23,3,2091,Otoño
24032091,24,3,2091,Otoño
25032091,25,3,2091,Otoño
26032091,26,3,2091,Otoño
27032091,27,3,2091,Otoño
28032091,28,3,2091,Otoño
29032091,29,3,2091,Otoño
30032091,30,3,2091,Otoño
31032091,31,3,2091,Otoño
1042091,1,4,2091,Otoño
2042091,2,4,2091,Otoño
3042091,3,4,2091,Otoño
4042091,4,4,2091,Otoño
5042091,5,4,2091,Otoño
6042091,6,4,2091,Otoño
7042091,7,4,2091,Otoño
8042091,8,4,2091,Otoño
9042091,9,4,2091,Otoño
10042091,10,4,2091,Otoño
11042091,11,4,2091,Otoño
12042091,12,4,2091,Otoño
13042091,13,4,2091,Otoño
14042091,14,4,2091,Otoño
15042091,15,4,2091,Otoño
16042091,16,4,2091,Otoño
17042091,17,4,2091,Otoño
18042091,18,4,2091,Otoño
19042091,19,4,2091,Otoño
20042091,20,4,2091,Otoño
21042091,21,4,2091,Otoño
22042091,22,4,2091,Otoño
23042091,23,4,2091,Otoño
24042091,24,4,2091,Otoño
25042091,25,4,2091,Otoño
26042091,26,4,2091,Otoño
27042091,27,4,2091,Otoño
28042091,28,4,2091,Otoño
29042091,29,4,2091,Otoño
30042091,30,4,2091,Otoño
1052091,1,5,2091,Otoño
2052091,2,5,2091,Otoño
3052091,3,5,2091,Otoño
4052091,4,5,2091,Otoño
5052091,5,5,2091,Otoño
6052091,6,5,2091,Otoño
7052091,7,5,2091,Otoño
8052091,8,5,2091,Otoño
9052091,9,5,2091,Otoño
10052091,10,5,2091,Otoño
11052091,11,5,2091,Otoño
12052091,12,5,2091,Otoño
13052091,13,5,2091,Otoño
14052091,14,5,2091,Otoño
15052091,15,5,2091,Otoño
16052091,16,5,2091,Otoño
17052091,17,5,2091,Otoño
18052091,18,5,2091,Otoño
19052091,19,5,2091,Otoño
20052091,20,5,2091,Otoño
21052091,21,5,2091,Otoño
22052091,22,5,2091,Otoño
23052091,23,5,2091,Otoño
24052091,24,5,2091,Otoño
25052091,25,5,2091,Otoño
26052091,26,5,2091,Otoño
27052091,27,5,2091,Otoño
28052091,28,5,2091,Otoño
29052091,29,5,2091,Otoño
30052091,30,5,2091,Otoño
31052091,31,5,2091,Otoño
1062091,1,6,2091,Invierno
2062091,2,6,2091,Invierno
3062091,3,6,2091,Invierno
4062091,4,6,2091,Invierno
5062091,5,6,2091,Invierno
6062091,6,6,2091,Invierno
7062091,7,6,2091,Invierno
8062091,8,6,2091,Invierno
9062091,9,6,2091,Invierno
10062091,10,6,2091,Invierno
11062091,11,6,2091,Invierno
12062091,12,6,2091,Invierno
13062091,13,6,2091,Invierno
14062091,14,6,2091,Invierno
15062091,15,6,2091,Invierno
16062091,16,6,2091,Invierno
17062091,17,6,2091,Invierno
18062091,18,6,2091,Invierno
19062091,19,6,2091,Invierno
20062091,20,6,2091,Invierno
21062091,21,6,2091,Invierno
22062091,22,6,2091,Invierno
23062091,23,6,2091,Invierno
24062091,24,6,2091,Invierno
25062091,25,6,2091,Invierno
26062091,26,6,2091,Invierno
27062091,27,6,2091,Invierno
28062091,28,6,2091,Invierno
29062091,29,6,2091,Invierno
30062091,30,6,2091,Invierno
1072091,1,7,2091,Invierno
2072091,2,7,2091,Invierno
3072091,3,7,2091,Invierno
4072091,4,7,2091,Invierno
5072091,5,7,2091,Invierno
6072091,6,7,2091,Invierno
7072091,7,7,2091,Invierno
8072091,8,7,2091,Invierno
9072091,9,7,2091,Invierno
10072091,10,7,2091,Invierno
11072091,11,7,2091,Invierno
12072091,12,7,2091,Invierno
13072091,13,7,2091,Invierno
14072091,14,7,2091,Invierno
15072091,15,7,2091,Invierno
16072091,16,7,2091,Invierno
17072091,17,7,2091,Invierno
18072091,18,7,2091,Invierno
19072091,19,7,2091,Invierno
20072091,20,7,2091,Invierno
21072091,21,7,2091,Invierno
22072091,22,7,2091,Invierno
23072091,23,7,2091,Invierno
24072091,24,7,2091,Invierno
25072091,25,7,2091,Invierno
26072091,26,7,2091,Invierno
27072091,27,7,2091,Invierno
28072091,28,7,2091,Invierno
29072091,29,7,2091,Invierno
30072091,30,7,2091,Invierno
31072091,31,7,2091,Invierno
1082091,1,8,2091,Invierno
2082091,2,8,2091,Invierno
3082091,3,8,2091,Invierno
4082091,4,8,2091,Invierno
5082091,5,8,2091,Invierno
6082091,6,8,2091,Invierno
7082091,7,8,2091,Invierno
8082091,8,8,2091,Invierno
9082091,9,8,2091,Invierno
10082091,10,8,2091,Invierno
11082091,11,8,2091,Invierno
12082091,12,8,2091,Invierno
13082091,13,8,2091,Invierno
14082091,14,8,2091,Invierno
15082091,15,8,2091,Invierno
16082091,16,8,2091,Invierno
17082091,17,8,2091,Invierno
18082091,18,8,2091,Invierno
19082091,19,8,2091,Invierno
20082091,20,8,2091,Invierno
21082091,21,8,2091,Invierno
22082091,22,8,2091,Invierno
23082091,23,8,2091,Invierno
24082091,24,8,2091,Invierno
25082091,25,8,2091,Invierno
26082091,26,8,2091,Invierno
27082091,27,8,2091,Invierno
28082091,28,8,2091,Invierno
29082091,29,8,2091,Invierno
30082091,30,8,2091,Invierno
31082091,31,8,2091,Invierno
1092091,1,9,2091,Primavera
2092091,2,9,2091,Primavera
3092091,3,9,2091,Primavera
4092091,4,9,2091,Primavera
5092091,5,9,2091,Primavera
6092091,6,9,2091,Primavera
7092091,7,9,2091,Primavera
8092091,8,9,2091,Primavera
9092091,9,9,2091,Primavera
10092091,10,9,2091,Primavera
11092091,11,9,2091,Primavera
12092091,12,9,2091,Primavera
13092091,13,9,2091,Primavera
14092091,14,9,2091,Primavera
15092091,15,9,2091,Primavera
16092091,16,9,2091,Primavera
17092091,17,9,2091,Primavera
18092091,18,9,2091,Primavera
19092091,19,9,2091,Primavera
20092091,20,9,2091,Primavera
21092091,21,9,2091,Primavera
22092091,22,9,2091,Primavera
23092091,23,9,2091,Primavera
24092091,24,9,2091,Primavera
25092091,25,9,2091,Primavera
26092091,26,9,2091,Primavera
27092091,27,9,2091,Primavera
28092091,28,9,2091,Primavera
29092091,29,9,2091,Primavera
30092091,30,9,2091,Primavera
1102091,1,10,2091,Primavera
2102091,2,10,2091,Primavera
3102091,3,10,2091,Primavera
4102091,4,10,2091,Primavera
5102091,5,10,2091,Primavera
6102091,6,10,2091,Primavera
7102091,7,10,2091,Primavera
8102091,8,10,2091,Primavera
9102091,9,10,2091,Primavera
10102091,10,10,2091,Primavera
11102091,11,10,2091,Primavera
12102091,12,10,2091,Primavera
13102091,13,10,2091,Primavera
14102091,14,10,2091,Primavera
15102091,15,10,2091,Primavera
16102091,16,10,2091,Primavera
17102091,17,10,2091,Primavera
18102091,18,10,2091,Primavera
19102091,19,10,2091,Primavera
20102091,20,10,2091,Primavera
21102091,21,10,2091,Primavera
22102091,22,10,2091,Primavera
23102091,23,10,2091,Primavera
24102091,24,10,2091,Primavera
25102091,25,10,2091,Primavera
26102091,26,10,2091,Primavera
27102091,27,10,2091,Primavera
28102091,28,10,2091,Primavera
29102091,29,10,2091,Primavera
30102091,30,10,2091,Primavera
31102091,31,10,2091,Primavera
1112091,1,11,2091,Primavera
2112091,2,11,2091,Primavera
3112091,3,11,2091,Primavera
4112091,4,11,2091,Primavera
5112091,5,11,2091,Primavera
6112091,6,11,2091,Primavera
7112091,7,11,2091,Primavera
8112091,8,11,2091,Primavera
9112091,9,11,2091,Primavera
10112091,10,11,2091,Primavera
11112091,11,11,2091,Primavera
12112091,12,11,2091,Primavera
13112091,13,11,2091,Primavera
14112091,14,11,2091,Primavera
15112091,15,11,2091,Primavera
16112091,16,11,2091,Primavera
17112091,17,11,2091,Primavera
18112091,18,11,2091,Primavera
19112091,19,11,2091,Primavera
20112091,20,11,2091,Primavera
21112091,21,11,2091,Primavera
22112091,22,11,2091,Primavera
23112091,23,11,2091,Primavera
24112091,24,11,2091,Primavera
25112091,25,11,2091,Primavera
26112091,26,11,2091,Primavera
27112091,27,11,2091,Primavera
28112091,28,11,2091,Primavera
29112091,29,11,2091,Primavera
30112091,30,11,2091,Primavera
1122091,1,12,2091,Verano
2122091,2,12,2091,Verano
3122091,3,12,2091,Verano
4122091,4,12,2091,Verano
5122091,5,12,2091,Verano
6122091,6,12,2091,Verano
7122091,7,12,2091,Verano
8122091,8,12,2091,Verano
9122091,9,12,2091,Verano
10122091,10,12,2091,Verano
11122091,11,12,2091,Verano
12122091,12,12,2091,Verano
13122091,13,12,2091,Verano
14122091,14,12,2091,Verano
15122091,15,12,2091,Verano
16122091,16,12,2091,Verano
17122091,17,12,2091,Verano
18122091,18,12,2091,Verano
19122091,19,12,2091,Verano
20122091,20,12,2091,Verano
21122091,21,12,2091,Verano
22122091,22,12,2091,Verano
23122091,23,12,2091,Verano
24122091,24,12,2091,Verano
25122091,25,12,2091,Verano
26122091,26,12,2091,Verano
27122091,27,12,2091,Verano
28122091,28,12,2091,Verano
29122091,29,12,2091,Verano
30122091,30,12,2091,Verano
31122091,31,12,2091,Verano
1012092,1,1,2092,Verano
2012092,2,1,2092,Verano
3012092,3,1,2092,Verano
4012092,4,1,2092,Verano
5012092,5,1,2092,Verano
6012092,6,1,2092,Verano
7012092,7,1,2092,Verano
8012092,8,1,2092,Verano
9012092,9,1,2092,Verano
10012092,10,1,2092,Verano
11012092,11,1,2092,Verano
12012092,12,1,2092,Verano
13012092,13,1,2092,Verano
14012092,14,1,2092,Verano
15012092,15,1,2092,Verano
16012092,16,1,2092,Verano
17012092,17,1,2092,Verano
18012092,18,1,2092,Verano
19012092,19,1,2092,Verano
20012092,20,1,2092,Verano
21012092,21,1,2092,Verano
22012092,22,1,2092,Verano
23012092,23,1,2092,Verano
24012092,24,1,2092,Verano
25012092,25,1,2092,Verano
26012092,26,1,2092,Verano
27012092,27,1,2092,Verano
28012092,28,1,2092,Verano
29012092,29,1,2092,Verano
30012092,30,1,2092,Verano
31012092,31,1,2092,Verano
1022092,1,2,2092,Verano
2022092,2,2,2092,Verano
3022092,3,2,2092,Verano
4022092,4,2,2092,Verano
5022092,5,2,2092,Verano
6022092,6,2,2092,Verano
7022092,7,2,2092,Verano
8022092,8,2,2092,Verano
9022092,9,2,2092,Verano
10022092,10,2,2092,Verano
11022092,11,2,2092,Verano
12022092,12,2,2092,Verano
13022092,13,2,2092,Verano
14022092,14,2,2092,Verano
15022092,15,2,2092,Verano
16022092,16,2,2092,Verano
17022092,17,2,2092,Verano
18022092,18,2,2092,Verano
19022092,19,2,2092,Verano
20022092,20,2,2092,Verano
21022092,21,2,2092,Verano
22022092,22,2,2092,Verano
23022092,23,2,2092,Verano
24022092,24,2,2092,Verano
25022092,25,2,2092,Verano
26022092,26,2,2092,Verano
27022092,27,2,2092,Verano
28022092,28,2,2092,Verano
29022092,29,2,2092,Verano
1032092,1,3,2092,Otoño
2032092,2,3,2092,Otoño
3032092,3,3,2092,Otoño
4032092,4,3,2092,Otoño
5032092,5,3,2092,Otoño
6032092,6,3,2092,Otoño
7032092,7,3,2092,Otoño
8032092,8,3,2092,Otoño
9032092,9,3,2092,Otoño
10032092,10,3,2092,Otoño
11032092,11,3,2092,Otoño
12032092,12,3,2092,Otoño
13032092,13,3,2092,Otoño
14032092,14,3,2092,Otoño
15032092,15,3,2092,Otoño
16032092,16,3,2092,Otoño
17032092,17,3,2092,Otoño
18032092,18,3,2092,Otoño
19032092,19,3,2092,Otoño
20032092,20,3,2092,Otoño
21032092,21,3,2092,Otoño
22032092,22,3,2092,Otoño
23032092,23,3,2092,Otoño
24032092,24,3,2092,Otoño
25032092,25,3,2092,Otoño
26032092,26,3,2092,Otoño
27032092,27,3,2092,Otoño
28032092,28,3,2092,Otoño
29032092,29,3,2092,Otoño
30032092,30,3,2092,Otoño
31032092,31,3,2092,Otoño
1042092,1,4,2092,Otoño
2042092,2,4,2092,Otoño
3042092,3,4,2092,Otoño
4042092,4,4,2092,Otoño
5042092,5,4,2092,Otoño
6042092,6,4,2092,Otoño
7042092,7,4,2092,Otoño
8042092,8,4,2092,Otoño
9042092,9,4,2092,Otoño
10042092,10,4,2092,Otoño
11042092,11,4,2092,Otoño
12042092,12,4,2092,Otoño
13042092,13,4,2092,Otoño
14042092,14,4,2092,Otoño
15042092,15,4,2092,Otoño
16042092,16,4,2092,Otoño
17042092,17,4,2092,Otoño
18042092,18,4,2092,Otoño
19042092,19,4,2092,Otoño
20042092,20,4,2092,Otoño
21042092,21,4,2092,Otoño
22042092,22,4,2092,Otoño
23042092,23,4,2092,Otoño
24042092,24,4,2092,Otoño
25042092,25,4,2092,Otoño
26042092,26,4,2092,Otoño
27042092,27,4,2092,Otoño
28042092,28,4,2092,Otoño
29042092,29,4,2092,Otoño
30042092,30,4,2092,Otoño
1052092,1,5,2092,Otoño
2052092,2,5,2092,Otoño
3052092,3,5,2092,Otoño
4052092,4,5,2092,Otoño
5052092,5,5,2092,Otoño
6052092,6,5,2092,Otoño
7052092,7,5,2092,Otoño
8052092,8,5,2092,Otoño
9052092,9,5,2092,Otoño
10052092,10,5,2092,Otoño
11052092,11,5,2092,Otoño
12052092,12,5,2092,Otoño
13052092,13,5,2092,Otoño
14052092,14,5,2092,Otoño
15052092,15,5,2092,Otoño
16052092,16,5,2092,Otoño
17052092,17,5,2092,Otoño
18052092,18,5,2092,Otoño
19052092,19,5,2092,Otoño
20052092,20,5,2092,Otoño
21052092,21,5,2092,Otoño
22052092,22,5,2092,Otoño
23052092,23,5,2092,Otoño
24052092,24,5,2092,Otoño
25052092,25,5,2092,Otoño
26052092,26,5,2092,Otoño
27052092,27,5,2092,Otoño
28052092,28,5,2092,Otoño
29052092,29,5,2092,Otoño
30052092,30,5,2092,Otoño
31052092,31,5,2092,Otoño
1062092,1,6,2092,Invierno
2062092,2,6,2092,Invierno
3062092,3,6,2092,Invierno
4062092,4,6,2092,Invierno
5062092,5,6,2092,Invierno
6062092,6,6,2092,Invierno
7062092,7,6,2092,Invierno
8062092,8,6,2092,Invierno
9062092,9,6,2092,Invierno
10062092,10,6,2092,Invierno
11062092,11,6,2092,Invierno
12062092,12,6,2092,Invierno
13062092,13,6,2092,Invierno
14062092,14,6,2092,Invierno
15062092,15,6,2092,Invierno
16062092,16,6,2092,Invierno
17062092,17,6,2092,Invierno
18062092,18,6,2092,Invierno
19062092,19,6,2092,Invierno
20062092,20,6,2092,Invierno
21062092,21,6,2092,Invierno
22062092,22,6,2092,Invierno
23062092,23,6,2092,Invierno
24062092,24,6,2092,Invierno
25062092,25,6,2092,Invierno
26062092,26,6,2092,Invierno
27062092,27,6,2092,Invierno
28062092,28,6,2092,Invierno
29062092,29,6,2092,Invierno
30062092,30,6,2092,Invierno
1072092,1,7,2092,Invierno
2072092,2,7,2092,Invierno
3072092,3,7,2092,Invierno
4072092,4,7,2092,Invierno
5072092,5,7,2092,Invierno
6072092,6,7,2092,Invierno
7072092,7,7,2092,Invierno
8072092,8,7,2092,Invierno
9072092,9,7,2092,Invierno
10072092,10,7,2092,Invierno
11072092,11,7,2092,Invierno
12072092,12,7,2092,Invierno
13072092,13,7,2092,Invierno
14072092,14,7,2092,Invierno
15072092,15,7,2092,Invierno
16072092,16,7,2092,Invierno
17072092,17,7,2092,Invierno
18072092,18,7,2092,Invierno
19072092,19,7,2092,Invierno
20072092,20,7,2092,Invierno
21072092,21,7,2092,Invierno
22072092,22,7,2092,Invierno
23072092,23,7,2092,Invierno
24072092,24,7,2092,Invierno
25072092,25,7,2092,Invierno
26072092,26,7,2092,Invierno
27072092,27,7,2092,Invierno
28072092,28,7,2092,Invierno
29072092,29,7,2092,Invierno
30072092,30,7,2092,Invierno
31072092,31,7,2092,Invierno
1082092,1,8,2092,Invierno
2082092,2,8,2092,Invierno
3082092,3,8,2092,Invierno
4082092,4,8,2092,Invierno
5082092,5,8,2092,Invierno
6082092,6,8,2092,Invierno
7082092,7,8,2092,Invierno
8082092,8,8,2092,Invierno
9082092,9,8,2092,Invierno
10082092,10,8,2092,Invierno
11082092,11,8,2092,Invierno
12082092,12,8,2092,Invierno
13082092,13,8,2092,Invierno
14082092,14,8,2092,Invierno
15082092,15,8,2092,Invierno
16082092,16,8,2092,Invierno
17082092,17,8,2092,Invierno
18082092,18,8,2092,Invierno
19082092,19,8,2092,Invierno
20082092,20,8,2092,Invierno
21082092,21,8,2092,Invierno
22082092,22,8,2092,Invierno
23082092,23,8,2092,Invierno
24082092,24,8,2092,Invierno
25082092,25,8,2092,Invierno
26082092,26,8,2092,Invierno
27082092,27,8,2092,Invierno
28082092,28,8,2092,Invierno
29082092,29,8,2092,Invierno
30082092,30,8,2092,Invierno
31082092,31,8,2092,Invierno
1092092,1,9,2092,Primavera
2092092,2,9,2092,Primavera
3092092,3,9,2092,Primavera
4092092,4,9,2092,Primavera
5092092,5,9,2092,Primavera
6092092,6,9,2092,Primavera
7092092,7,9,2092,Primavera
8092092,8,9,2092,Primavera
9092092,9,9,2092,Primavera
10092092,10,9,2092,Primavera
11092092,11,9,2092,Primavera
12092092,12,9,2092,Primavera
13092092,13,9,2092,Primavera
14092092,14,9,2092,Primavera
15092092,15,9,2092,Primavera
16092092,16,9,2092,Primavera
17092092,17,9,2092,Primavera
18092092,18,9,2092,Primavera
19092092,19,9,2092,Primavera
20092092,20,9,2092,Primavera
21092092,21,9,2092,Primavera
22092092,22,9,2092,Primavera
23092092,23,9,2092,Primavera
24092092,24,9,2092,Primavera
25092092,25,9,2092,Primavera
26092092,26,9,2092,Primavera
27092092,27,9,2092,Primavera
28092092,28,9,2092,Primavera
29092092,29,9,2092,Primavera
30092092,30,9,2092,Primavera
1102092,1,10,2092,Primavera
2102092,2,10,2092,Primavera
3102092,3,10,2092,Primavera
4102092,4,10,2092,Primavera
5102092,5,10,2092,Primavera
6102092,6,10,2092,Primavera
7102092,7,10,2092,Primavera
8102092,8,10,2092,Primavera
9102092,9,10,2092,Primavera
10102092,10,10,2092,Primavera
11102092,11,10,2092,Primavera
12102092,12,10,2092,Primavera
13102092,13,10,2092,Primavera
14102092,14,10,2092,Primavera
15102092,15,10,2092,Primavera
16102092,16,10,2092,Primavera
17102092,17,10,2092,Primavera
18102092,18,10,2092,Primavera
19102092,19,10,2092,Primavera
20102092,20,10,2092,Primavera
21102092,21,10,2092,Primavera
22102092,22,10,2092,Primavera
23102092,23,10,2092,Primavera
24102092,24,10,2092,Primavera
25102092,25,10,2092,Primavera
26102092,26,10,2092,Primavera
27102092,27,10,2092,Primavera
28102092,28,10,2092,Primavera
29102092,29,10,2092,Primavera
30102092,30,10,2092,Primavera
31102092,31,10,2092,Primavera
1112092,1,11,2092,Primavera
2112092,2,11,2092,Primavera
3112092,3,11,2092,Primavera
4112092,4,11,2092,Primavera
5112092,5,11,2092,Primavera
6112092,6,11,2092,Primavera
7112092,7,11,2092,Primavera
8112092,8,11,2092,Primavera
9112092,9,11,2092,Primavera
10112092,10,11,2092,Primavera
11112092,11,11,2092,Primavera
12112092,12,11,2092,Primavera
13112092,13,11,2092,Primavera
14112092,14,11,2092,Primavera
15112092,15,11,2092,Primavera
16112092,16,11,2092,Primavera
17112092,17,11,2092,Primavera
18112092,18,11,2092,Primavera
19112092,19,11,2092,Primavera
20112092,20,11,2092,Primavera
21112092,21,11,2092,Primavera
22112092,22,11,2092,Primavera
23112092,23,11,2092,Primavera
24112092,24,11,2092,Primavera
25112092,25,11,2092,Primavera
26112092,26,11,2092,Primavera
27112092,27,11,2092,Primavera
28112092,28,11,2092,Primavera
29112092,29,11,2092,Primavera
30112092,30,11,2092,Primavera
1122092,1,12,2092,Verano
2122092,2,12,2092,Verano
3122092,3,12,2092,Verano
4122092,4,12,2092,Verano
5122092,5,12,2092,Verano
6122092,6,12,2092,Verano
7122092,7,12,2092,Verano
8122092,8,12,2092,Verano
9122092,9,12,2092,Verano
10122092,10,12,2092,Verano
11122092,11,12,2092,Verano
12122092,12,12,2092,Verano
13122092,13,12,2092,Verano
14122092,14,12,2092,Verano
15122092,15,12,2092,Verano
16122092,16,12,2092,Verano
17122092,17,12,2092,Verano
18122092,18,12,2092,Verano
19122092,19,12,2092,Verano
20122092,20,12,2092,Verano
21122092,21,12,2092,Verano
22122092,22,12,2092,Verano
23122092,23,12,2092,Verano
24122092,24,12,2092,Verano
25122092,25,12,2092,Verano
26122092,26,12,2092,Verano
27122092,27,12,2092,Verano
28122092,28,12,2092,Verano
29122092,29,12,2092,Verano
30122092,30,12,2092,Verano
31122092,31,12,2092,Verano
1012093,1,1,2093,Verano
2012093,2,1,2093,Verano
3012093,3,1,2093,Verano
4012093,4,1,2093,Verano
5012093,5,1,2093,Verano
6012093,6,1,2093,Verano
7012093,7,1,2093,Verano
8012093,8,1,2093,Verano
9012093,9,1,2093,Verano
10012093,10,1,2093,Verano
11012093,11,1,2093,Verano
12012093,12,1,2093,Verano
13012093,13,1,2093,Verano
14012093,14,1,2093,Verano
15012093,15,1,2093,Verano
16012093,16,1,2093,Verano
17012093,17,1,2093,Verano
18012093,18,1,2093,Verano
19012093,19,1,2093,Verano
20012093,20,1,2093,Verano
21012093,21,1,2093,Verano
22012093,22,1,2093,Verano
23012093,23,1,2093,Verano
24012093,24,1,2093,Verano
25012093,25,1,2093,Verano
26012093,26,1,2093,Verano
27012093,27,1,2093,Verano
28012093,28,1,2093,Verano
29012093,29,1,2093,Verano
30012093,30,1,2093,Verano
31012093,31,1,2093,Verano
1022093,1,2,2093,Verano
2022093,2,2,2093,Verano
3022093,3,2,2093,Verano
4022093,4,2,2093,Verano
5022093,5,2,2093,Verano
6022093,6,2,2093,Verano
7022093,7,2,2093,Verano
8022093,8,2,2093,Verano
9022093,9,2,2093,Verano
10022093,10,2,2093,Verano
11022093,11,2,2093,Verano
12022093,12,2,2093,Verano
13022093,13,2,2093,Verano
14022093,14,2,2093,Verano
15022093,15,2,2093,Verano
16022093,16,2,2093,Verano
17022093,17,2,2093,Verano
18022093,18,2,2093,Verano
19022093,19,2,2093,Verano
20022093,20,2,2093,Verano
21022093,21,2,2093,Verano
22022093,22,2,2093,Verano
23022093,23,2,2093,Verano
24022093,24,2,2093,Verano
25022093,25,2,2093,Verano
26022093,26,2,2093,Verano
27022093,27,2,2093,Verano
28022093,28,2,2093,Verano
1032093,1,3,2093,Otoño
2032093,2,3,2093,Otoño
3032093,3,3,2093,Otoño
4032093,4,3,2093,Otoño
5032093,5,3,2093,Otoño
6032093,6,3,2093,Otoño
7032093,7,3,2093,Otoño
8032093,8,3,2093,Otoño
9032093,9,3,2093,Otoño
10032093,10,3,2093,Otoño
11032093,11,3,2093,Otoño
12032093,12,3,2093,Otoño
13032093,13,3,2093,Otoño
14032093,14,3,2093,Otoño
15032093,15,3,2093,Otoño
16032093,16,3,2093,Otoño
17032093,17,3,2093,Otoño
18032093,18,3,2093,Otoño
19032093,19,3,2093,Otoño
20032093,20,3,2093,Otoño
21032093,21,3,2093,Otoño
22032093,22,3,2093,Otoño
23032093,23,3,2093,Otoño
24032093,24,3,2093,Otoño
25032093,25,3,2093,Otoño
26032093,26,3,2093,Otoño
27032093,27,3,2093,Otoño
28032093,28,3,2093,Otoño
29032093,29,3,2093,Otoño
30032093,30,3,2093,Otoño
31032093,31,3,2093,Otoño
1042093,1,4,2093,Otoño
2042093,2,4,2093,Otoño
3042093,3,4,2093,Otoño
4042093,4,4,2093,Otoño
5042093,5,4,2093,Otoño
6042093,6,4,2093,Otoño
7042093,7,4,2093,Otoño
8042093,8,4,2093,Otoño
9042093,9,4,2093,Otoño
10042093,10,4,2093,Otoño
11042093,11,4,2093,Otoño
12042093,12,4,2093,Otoño
13042093,13,4,2093,Otoño
14042093,14,4,2093,Otoño
15042093,15,4,2093,Otoño
16042093,16,4,2093,Otoño
17042093,17,4,2093,Otoño
18042093,18,4,2093,Otoño
19042093,19,4,2093,Otoño
20042093,20,4,2093,Otoño
21042093,21,4,2093,Otoño
22042093,22,4,2093,Otoño
23042093,23,4,2093,Otoño
24042093,24,4,2093,Otoño
25042093,25,4,2093,Otoño
26042093,26,4,2093,Otoño
27042093,27,4,2093,Otoño
28042093,28,4,2093,Otoño
29042093,29,4,2093,Otoño
30042093,30,4,2093,Otoño
1052093,1,5,2093,Otoño
2052093,2,5,2093,Otoño
3052093,3,5,2093,Otoño
4052093,4,5,2093,Otoño
5052093,5,5,2093,Otoño
6052093,6,5,2093,Otoño
7052093,7,5,2093,Otoño
8052093,8,5,2093,Otoño
9052093,9,5,2093,Otoño
10052093,10,5,2093,Otoño
11052093,11,5,2093,Otoño
12052093,12,5,2093,Otoño
13052093,13,5,2093,Otoño
14052093,14,5,2093,Otoño
15052093,15,5,2093,Otoño
16052093,16,5,2093,Otoño
17052093,17,5,2093,Otoño
18052093,18,5,2093,Otoño
19052093,19,5,2093,Otoño
20052093,20,5,2093,Otoño
21052093,21,5,2093,Otoño
22052093,22,5,2093,Otoño
23052093,23,5,2093,Otoño
24052093,24,5,2093,Otoño
25052093,25,5,2093,Otoño
26052093,26,5,2093,Otoño
27052093,27,5,2093,Otoño
28052093,28,5,2093,Otoño
29052093,29,5,2093,Otoño
30052093,30,5,2093,Otoño
31052093,31,5,2093,Otoño
1062093,1,6,2093,Invierno
2062093,2,6,2093,Invierno
3062093,3,6,2093,Invierno
4062093,4,6,2093,Invierno
5062093,5,6,2093,Invierno
6062093,6,6,2093,Invierno
7062093,7,6,2093,Invierno
8062093,8,6,2093,Invierno
9062093,9,6,2093,Invierno
10062093,10,6,2093,Invierno
11062093,11,6,2093,Invierno
12062093,12,6,2093,Invierno
13062093,13,6,2093,Invierno
14062093,14,6,2093,Invierno
15062093,15,6,2093,Invierno
16062093,16,6,2093,Invierno
17062093,17,6,2093,Invierno
18062093,18,6,2093,Invierno
19062093,19,6,2093,Invierno
20062093,20,6,2093,Invierno
21062093,21,6,2093,Invierno
22062093,22,6,2093,Invierno
23062093,23,6,2093,Invierno
24062093,24,6,2093,Invierno
25062093,25,6,2093,Invierno
26062093,26,6,2093,Invierno
27062093,27,6,2093,Invierno
28062093,28,6,2093,Invierno
29062093,29,6,2093,Invierno
30062093,30,6,2093,Invierno
1072093,1,7,2093,Invierno
2072093,2,7,2093,Invierno
3072093,3,7,2093,Invierno
4072093,4,7,2093,Invierno
5072093,5,7,2093,Invierno
6072093,6,7,2093,Invierno
7072093,7,7,2093,Invierno
8072093,8,7,2093,Invierno
9072093,9,7,2093,Invierno
10072093,10,7,2093,Invierno
11072093,11,7,2093,Invierno
12072093,12,7,2093,Invierno
13072093,13,7,2093,Invierno
14072093,14,7,2093,Invierno
15072093,15,7,2093,Invierno
16072093,16,7,2093,Invierno
17072093,17,7,2093,Invierno
18072093,18,7,2093,Invierno
19072093,19,7,2093,Invierno
20072093,20,7,2093,Invierno
21072093,21,7,2093,Invierno
22072093,22,7,2093,Invierno
23072093,23,7,2093,Invierno
24072093,24,7,2093,Invierno
25072093,25,7,2093,Invierno
26072093,26,7,2093,Invierno
27072093,27,7,2093,Invierno
28072093,28,7,2093,Invierno
29072093,29,7,2093,Invierno
30072093,30,7,2093,Invierno
31072093,31,7,2093,Invierno
1082093,1,8,2093,Invierno
2082093,2,8,2093,Invierno
3082093,3,8,2093,Invierno
4082093,4,8,2093,Invierno
5082093,5,8,2093,Invierno
6082093,6,8,2093,Invierno
7082093,7,8,2093,Invierno
8082093,8,8,2093,Invierno
9082093,9,8,2093,Invierno
10082093,10,8,2093,Invierno
11082093,11,8,2093,Invierno
12082093,12,8,2093,Invierno
13082093,13,8,2093,Invierno
14082093,14,8,2093,Invierno
15082093,15,8,2093,Invierno
16082093,16,8,2093,Invierno
17082093,17,8,2093,Invierno
18082093,18,8,2093,Invierno
19082093,19,8,2093,Invierno
20082093,20,8,2093,Invierno
21082093,21,8,2093,Invierno
22082093,22,8,2093,Invierno
23082093,23,8,2093,Invierno
24082093,24,8,2093,Invierno
25082093,25,8,2093,Invierno
26082093,26,8,2093,Invierno
27082093,27,8,2093,Invierno
28082093,28,8,2093,Invierno
29082093,29,8,2093,Invierno
30082093,30,8,2093,Invierno
31082093,31,8,2093,Invierno
1092093,1,9,2093,Primavera
2092093,2,9,2093,Primavera
3092093,3,9,2093,Primavera
4092093,4,9,2093,Primavera
5092093,5,9,2093,Primavera
6092093,6,9,2093,Primavera
7092093,7,9,2093,Primavera
8092093,8,9,2093,Primavera
9092093,9,9,2093,Primavera
10092093,10,9,2093,Primavera
11092093,11,9,2093,Primavera
12092093,12,9,2093,Primavera
13092093,13,9,2093,Primavera
14092093,14,9,2093,Primavera
15092093,15,9,2093,Primavera
16092093,16,9,2093,Primavera
17092093,17,9,2093,Primavera
18092093,18,9,2093,Primavera
19092093,19,9,2093,Primavera
20092093,20,9,2093,Primavera
21092093,21,9,2093,Primavera
22092093,22,9,2093,Primavera
23092093,23,9,2093,Primavera
24092093,24,9,2093,Primavera
25092093,25,9,2093,Primavera
26092093,26,9,2093,Primavera
27092093,27,9,2093,Primavera
28092093,28,9,2093,Primavera
29092093,29,9,2093,Primavera
30092093,30,9,2093,Primavera
1102093,1,10,2093,Primavera
2102093,2,10,2093,Primavera
3102093,3,10,2093,Primavera
4102093,4,10,2093,Primavera
5102093,5,10,2093,Primavera
6102093,6,10,2093,Primavera
7102093,7,10,2093,Primavera
8102093,8,10,2093,Primavera
9102093,9,10,2093,Primavera
10102093,10,10,2093,Primavera
11102093,11,10,2093,Primavera
12102093,12,10,2093,Primavera
13102093,13,10,2093,Primavera
14102093,14,10,2093,Primavera
15102093,15,10,2093,Primavera
16102093,16,10,2093,Primavera
17102093,17,10,2093,Primavera
18102093,18,10,2093,Primavera
19102093,19,10,2093,Primavera
20102093,20,10,2093,Primavera
21102093,21,10,2093,Primavera
22102093,22,10,2093,Primavera
23102093,23,10,2093,Primavera
24102093,24,10,2093,Primavera
25102093,25,10,2093,Primavera
26102093,26,10,2093,Primavera
27102093,27,10,2093,Primavera
28102093,28,10,2093,Primavera
29102093,29,10,2093,Primavera
30102093,30,10,2093,Primavera
31102093,31,10,2093,Primavera
1112093,1,11,2093,Primavera
2112093,2,11,2093,Primavera
3112093,3,11,2093,Primavera
4112093,4,11,2093,Primavera
5112093,5,11,2093,Primavera
6112093,6,11,2093,Primavera
7112093,7,11,2093,Primavera
8112093,8,11,2093,Primavera
9112093,9,11,2093,Primavera
10112093,10,11,2093,Primavera
11112093,11,11,2093,Primavera
12112093,12,11,2093,Primavera
13112093,13,11,2093,Primavera
14112093,14,11,2093,Primavera
15112093,15,11,2093,Primavera
16112093,16,11,2093,Primavera
17112093,17,11,2093,Primavera
18112093,18,11,2093,Primavera
19112093,19,11,2093,Primavera
20112093,20,11,2093,Primavera
21112093,21,11,2093,Primavera
22112093,22,11,2093,Primavera
23112093,23,11,2093,Primavera
24112093,24,11,2093,Primavera
25112093,25,11,2093,Primavera
26112093,26,11,2093,Primavera
27112093,27,11,2093,Primavera
28112093,28,11,2093,Primavera
29112093,29,11,2093,Primavera
30112093,30,11,2093,Primavera
1122093,1,12,2093,Verano
2122093,2,12,2093,Verano
3122093,3,12,2093,Verano
4122093,4,12,2093,Verano
5122093,5,12,2093,Verano
6122093,6,12,2093,Verano
7122093,7,12,2093,Verano
8122093,8,12,2093,Verano
9122093,9,12,2093,Verano
10122093,10,12,2093,Verano
11122093,11,12,2093,Verano
12122093,12,12,2093,Verano
13122093,13,12,2093,Verano
14122093,14,12,2093,Verano
15122093,15,12,2093,Verano
16122093,16,12,2093,Verano
17122093,17,12,2093,Verano
18122093,18,12,2093,Verano
19122093,19,12,2093,Verano
20122093,20,12,2093,Verano
21122093,21,12,2093,Verano
22122093,22,12,2093,Verano
23122093,23,12,2093,Verano
24122093,24,12,2093,Verano
25122093,25,12,2093,Verano
26122093,26,12,2093,Verano
27122093,27,12,2093,Verano
28122093,28,12,2093,Verano
29122093,29,12,2093,Verano
30122093,30,12,2093,Verano
31122093,31,12,2093,Verano
1012094,1,1,2094,Verano
2012094,2,1,2094,Verano
3012094,3,1,2094,Verano
4012094,4,1,2094,Verano
5012094,5,1,2094,Verano
6012094,6,1,2094,Verano
7012094,7,1,2094,Verano
8012094,8,1,2094,Verano
9012094,9,1,2094,Verano
10012094,10,1,2094,Verano
11012094,11,1,2094,Verano
12012094,12,1,2094,Verano
13012094,13,1,2094,Verano
14012094,14,1,2094,Verano
15012094,15,1,2094,Verano
16012094,16,1,2094,Verano
17012094,17,1,2094,Verano
18012094,18,1,2094,Verano
19012094,19,1,2094,Verano
20012094,20,1,2094,Verano
21012094,21,1,2094,Verano
22012094,22,1,2094,Verano
23012094,23,1,2094,Verano
24012094,24,1,2094,Verano
25012094,25,1,2094,Verano
26012094,26,1,2094,Verano
27012094,27,1,2094,Verano
28012094,28,1,2094,Verano
29012094,29,1,2094,Verano
30012094,30,1,2094,Verano
31012094,31,1,2094,Verano
1022094,1,2,2094,Verano
2022094,2,2,2094,Verano
3022094,3,2,2094,Verano
4022094,4,2,2094,Verano
5022094,5,2,2094,Verano
6022094,6,2,2094,Verano
7022094,7,2,2094,Verano
8022094,8,2,2094,Verano
9022094,9,2,2094,Verano
10022094,10,2,2094,Verano
11022094,11,2,2094,Verano
12022094,12,2,2094,Verano
13022094,13,2,2094,Verano
14022094,14,2,2094,Verano
15022094,15,2,2094,Verano
16022094,16,2,2094,Verano
17022094,17,2,2094,Verano
18022094,18,2,2094,Verano
19022094,19,2,2094,Verano
20022094,20,2,2094,Verano
21022094,21,2,2094,Verano
22022094,22,2,2094,Verano
23022094,23,2,2094,Verano
24022094,24,2,2094,Verano
25022094,25,2,2094,Verano
26022094,26,2,2094,Verano
27022094,27,2,2094,Verano
28022094,28,2,2094,Verano
1032094,1,3,2094,Otoño
2032094,2,3,2094,Otoño
3032094,3,3,2094,Otoño
4032094,4,3,2094,Otoño
5032094,5,3,2094,Otoño
6032094,6,3,2094,Otoño
7032094,7,3,2094,Otoño
8032094,8,3,2094,Otoño
9032094,9,3,2094,Otoño
10032094,10,3,2094,Otoño
11032094,11,3,2094,Otoño
12032094,12,3,2094,Otoño
13032094,13,3,2094,Otoño
14032094,14,3,2094,Otoño
15032094,15,3,2094,Otoño
16032094,16,3,2094,Otoño
17032094,17,3,2094,Otoño
18032094,18,3,2094,Otoño
19032094,19,3,2094,Otoño
20032094,20,3,2094,Otoño
21032094,21,3,2094,Otoño
22032094,22,3,2094,Otoño
23032094,23,3,2094,Otoño
24032094,24,3,2094,Otoño
25032094,25,3,2094,Otoño
26032094,26,3,2094,Otoño
27032094,27,3,2094,Otoño
28032094,28,3,2094,Otoño
29032094,29,3,2094,Otoño
30032094,30,3,2094,Otoño
31032094,31,3,2094,Otoño
1042094,1,4,2094,Otoño
2042094,2,4,2094,Otoño
3042094,3,4,2094,Otoño
4042094,4,4,2094,Otoño
5042094,5,4,2094,Otoño
6042094,6,4,2094,Otoño
7042094,7,4,2094,Otoño
8042094,8,4,2094,Otoño
9042094,9,4,2094,Otoño
10042094,10,4,2094,Otoño
11042094,11,4,2094,Otoño
12042094,12,4,2094,Otoño
13042094,13,4,2094,Otoño
14042094,14,4,2094,Otoño
15042094,15,4,2094,Otoño
16042094,16,4,2094,Otoño
17042094,17,4,2094,Otoño
18042094,18,4,2094,Otoño
19042094,19,4,2094,Otoño
20042094,20,4,2094,Otoño
21042094,21,4,2094,Otoño
22042094,22,4,2094,Otoño
23042094,23,4,2094,Otoño
24042094,24,4,2094,Otoño
25042094,25,4,2094,Otoño
26042094,26,4,2094,Otoño
27042094,27,4,2094,Otoño
28042094,28,4,2094,Otoño
29042094,29,4,2094,Otoño
30042094,30,4,2094,Otoño
1052094,1,5,2094,Otoño
2052094,2,5,2094,Otoño
3052094,3,5,2094,Otoño
4052094,4,5,2094,Otoño
5052094,5,5,2094,Otoño
6052094,6,5,2094,Otoño
7052094,7,5,2094,Otoño
8052094,8,5,2094,Otoño
9052094,9,5,2094,Otoño
10052094,10,5,2094,Otoño
11052094,11,5,2094,Otoño
12052094,12,5,2094,Otoño
13052094,13,5,2094,Otoño
14052094,14,5,2094,Otoño
15052094,15,5,2094,Otoño
16052094,16,5,2094,Otoño
17052094,17,5,2094,Otoño
18052094,18,5,2094,Otoño
19052094,19,5,2094,Otoño
20052094,20,5,2094,Otoño
21052094,21,5,2094,Otoño
22052094,22,5,2094,Otoño
23052094,23,5,2094,Otoño
24052094,24,5,2094,Otoño
25052094,25,5,2094,Otoño
26052094,26,5,2094,Otoño
27052094,27,5,2094,Otoño
28052094,28,5,2094,Otoño
29052094,29,5,2094,Otoño
30052094,30,5,2094,Otoño
31052094,31,5,2094,Otoño
1062094,1,6,2094,Invierno
2062094,2,6,2094,Invierno
3062094,3,6,2094,Invierno
4062094,4,6,2094,Invierno
5062094,5,6,2094,Invierno
6062094,6,6,2094,Invierno
7062094,7,6,2094,Invierno
8062094,8,6,2094,Invierno
9062094,9,6,2094,Invierno
10062094,10,6,2094,Invierno
11062094,11,6,2094,Invierno
12062094,12,6,2094,Invierno
13062094,13,6,2094,Invierno
14062094,14,6,2094,Invierno
15062094,15,6,2094,Invierno
16062094,16,6,2094,Invierno
17062094,17,6,2094,Invierno
18062094,18,6,2094,Invierno
19062094,19,6,2094,Invierno
20062094,20,6,2094,Invierno
21062094,21,6,2094,Invierno
22062094,22,6,2094,Invierno
23062094,23,6,2094,Invierno
24062094,24,6,2094,Invierno
25062094,25,6,2094,Invierno
26062094,26,6,2094,Invierno
27062094,27,6,2094,Invierno
28062094,28,6,2094,Invierno
29062094,29,6,2094,Invierno
30062094,30,6,2094,Invierno
1072094,1,7,2094,Invierno
2072094,2,7,2094,Invierno
3072094,3,7,2094,Invierno
4072094,4,7,2094,Invierno
5072094,5,7,2094,Invierno
6072094,6,7,2094,Invierno
7072094,7,7,2094,Invierno
8072094,8,7,2094,Invierno
9072094,9,7,2094,Invierno
10072094,10,7,2094,Invierno
11072094,11,7,2094,Invierno
12072094,12,7,2094,Invierno
13072094,13,7,2094,Invierno
14072094,14,7,2094,Invierno
15072094,15,7,2094,Invierno
16072094,16,7,2094,Invierno
17072094,17,7,2094,Invierno
18072094,18,7,2094,Invierno
19072094,19,7,2094,Invierno
20072094,20,7,2094,Invierno
21072094,21,7,2094,Invierno
22072094,22,7,2094,Invierno
23072094,23,7,2094,Invierno
24072094,24,7,2094,Invierno
25072094,25,7,2094,Invierno
26072094,26,7,2094,Invierno
27072094,27,7,2094,Invierno
28072094,28,7,2094,Invierno
29072094,29,7,2094,Invierno
30072094,30,7,2094,Invierno
31072094,31,7,2094,Invierno
1082094,1,8,2094,Invierno
2082094,2,8,2094,Invierno
3082094,3,8,2094,Invierno
4082094,4,8,2094,Invierno
5082094,5,8,2094,Invierno
6082094,6,8,2094,Invierno
7082094,7,8,2094,Invierno
8082094,8,8,2094,Invierno
9082094,9,8,2094,Invierno
10082094,10,8,2094,Invierno
11082094,11,8,2094,Invierno
12082094,12,8,2094,Invierno
13082094,13,8,2094,Invierno
14082094,14,8,2094,Invierno
15082094,15,8,2094,Invierno
16082094,16,8,2094,Invierno
17082094,17,8,2094,Invierno
18082094,18,8,2094,Invierno
19082094,19,8,2094,Invierno
20082094,20,8,2094,Invierno
21082094,21,8,2094,Invierno
22082094,22,8,2094,Invierno
23082094,23,8,2094,Invierno
24082094,24,8,2094,Invierno
25082094,25,8,2094,Invierno
26082094,26,8,2094,Invierno
27082094,27,8,2094,Invierno
28082094,28,8,2094,Invierno
29082094,29,8,2094,Invierno
30082094,30,8,2094,Invierno
31082094,31,8,2094,Invierno
1092094,1,9,2094,Primavera
2092094,2,9,2094,Primavera
3092094,3,9,2094,Primavera
4092094,4,9,2094,Primavera
5092094,5,9,2094,Primavera
6092094,6,9,2094,Primavera
7092094,7,9,2094,Primavera
8092094,8,9,2094,Primavera
9092094,9,9,2094,Primavera
10092094,10,9,2094,Primavera
11092094,11,9,2094,Primavera
12092094,12,9,2094,Primavera
13092094,13,9,2094,Primavera
14092094,14,9,2094,Primavera
15092094,15,9,2094,Primavera
16092094,16,9,2094,Primavera
17092094,17,9,2094,Primavera
18092094,18,9,2094,Primavera
19092094,19,9,2094,Primavera
20092094,20,9,2094,Primavera
21092094,21,9,2094,Primavera
22092094,22,9,2094,Primavera
23092094,23,9,2094,Primavera
24092094,24,9,2094,Primavera
25092094,25,9,2094,Primavera
26092094,26,9,2094,Primavera
27092094,27,9,2094,Primavera
28092094,28,9,2094,Primavera
29092094,29,9,2094,Primavera
30092094,30,9,2094,Primavera
1102094,1,10,2094,Primavera
2102094,2,10,2094,Primavera
3102094,3,10,2094,Primavera
4102094,4,10,2094,Primavera
5102094,5,10,2094,Primavera
6102094,6,10,2094,Primavera
7102094,7,10,2094,Primavera
8102094,8,10,2094,Primavera
9102094,9,10,2094,Primavera
10102094,10,10,2094,Primavera
11102094,11,10,2094,Primavera
12102094,12,10,2094,Primavera
13102094,13,10,2094,Primavera
14102094,14,10,2094,Primavera
15102094,15,10,2094,Primavera
16102094,16,10,2094,Primavera
17102094,17,10,2094,Primavera
18102094,18,10,2094,Primavera
19102094,19,10,2094,Primavera
20102094,20,10,2094,Primavera
21102094,21,10,2094,Primavera
22102094,22,10,2094,Primavera
23102094,23,10,2094,Primavera
24102094,24,10,2094,Primavera
25102094,25,10,2094,Primavera
26102094,26,10,2094,Primavera
27102094,27,10,2094,Primavera
28102094,28,10,2094,Primavera
29102094,29,10,2094,Primavera
30102094,30,10,2094,Primavera
31102094,31,10,2094,Primavera
1112094,1,11,2094,Primavera
2112094,2,11,2094,Primavera
3112094,3,11,2094,Primavera
4112094,4,11,2094,Primavera
5112094,5,11,2094,Primavera
6112094,6,11,2094,Primavera
7112094,7,11,2094,Primavera
8112094,8,11,2094,Primavera
9112094,9,11,2094,Primavera
10112094,10,11,2094,Primavera
11112094,11,11,2094,Primavera
12112094,12,11,2094,Primavera
13112094,13,11,2094,Primavera
14112094,14,11,2094,Primavera
15112094,15,11,2094,Primavera
16112094,16,11,2094,Primavera
17112094,17,11,2094,Primavera
18112094,18,11,2094,Primavera
19112094,19,11,2094,Primavera
20112094,20,11,2094,Primavera
21112094,21,11,2094,Primavera
22112094,22,11,2094,Primavera
23112094,23,11,2094,Primavera
24112094,24,11,2094,Primavera
25112094,25,11,2094,Primavera
26112094,26,11,2094,Primavera
27112094,27,11,2094,Primavera
28112094,28,11,2094,Primavera
29112094,29,11,2094,Primavera
30112094,30,11,2094,Primavera
1122094,1,12,2094,Verano
2122094,2,12,2094,Verano
3122094,3,12,2094,Verano
4122094,4,12,2094,Verano
5122094,5,12,2094,Verano
6122094,6,12,2094,Verano
7122094,7,12,2094,Verano
8122094,8,12,2094,Verano
9122094,9,12,2094,Verano
10122094,10,12,2094,Verano
11122094,11,12,2094,Verano
12122094,12,12,2094,Verano
13122094,13,12,2094,Verano
14122094,14,12,2094,Verano
15122094,15,12,2094,Verano
16122094,16,12,2094,Verano
17122094,17,12,2094,Verano
18122094,18,12,2094,Verano
19122094,19,12,2094,Verano
20122094,20,12,2094,Verano
21122094,21,12,2094,Verano
22122094,22,12,2094,Verano
23122094,23,12,2094,Verano
24122094,24,12,2094,Verano
25122094,25,12,2094,Verano
26122094,26,12,2094,Verano
27122094,27,12,2094,Verano
28122094,28,12,2094,Verano
29122094,29,12,2094,Verano
30122094,30,12,2094,Verano
31122094,31,12,2094,Verano
1012095,1,1,2095,Verano
2012095,2,1,2095,Verano
3012095,3,1,2095,Verano
4012095,4,1,2095,Verano
5012095,5,1,2095,Verano
6012095,6,1,2095,Verano
7012095,7,1,2095,Verano
8012095,8,1,2095,Verano
9012095,9,1,2095,Verano
10012095,10,1,2095,Verano
11012095,11,1,2095,Verano
12012095,12,1,2095,Verano
13012095,13,1,2095,Verano
14012095,14,1,2095,Verano
15012095,15,1,2095,Verano
16012095,16,1,2095,Verano
17012095,17,1,2095,Verano
18012095,18,1,2095,Verano
19012095,19,1,2095,Verano
20012095,20,1,2095,Verano
21012095,21,1,2095,Verano
22012095,22,1,2095,Verano
23012095,23,1,2095,Verano
24012095,24,1,2095,Verano
25012095,25,1,2095,Verano
26012095,26,1,2095,Verano
27012095,27,1,2095,Verano
28012095,28,1,2095,Verano
29012095,29,1,2095,Verano
30012095,30,1,2095,Verano
31012095,31,1,2095,Verano
1022095,1,2,2095,Verano
2022095,2,2,2095,Verano
3022095,3,2,2095,Verano
4022095,4,2,2095,Verano
5022095,5,2,2095,Verano
6022095,6,2,2095,Verano
7022095,7,2,2095,Verano
8022095,8,2,2095,Verano
9022095,9,2,2095,Verano
10022095,10,2,2095,Verano
11022095,11,2,2095,Verano
12022095,12,2,2095,Verano
13022095,13,2,2095,Verano
14022095,14,2,2095,Verano
15022095,15,2,2095,Verano
16022095,16,2,2095,Verano
17022095,17,2,2095,Verano
18022095,18,2,2095,Verano
19022095,19,2,2095,Verano
20022095,20,2,2095,Verano
21022095,21,2,2095,Verano
22022095,22,2,2095,Verano
23022095,23,2,2095,Verano
24022095,24,2,2095,Verano
25022095,25,2,2095,Verano
26022095,26,2,2095,Verano
27022095,27,2,2095,Verano
28022095,28,2,2095,Verano
1032095,1,3,2095,Otoño
2032095,2,3,2095,Otoño
3032095,3,3,2095,Otoño
4032095,4,3,2095,Otoño
5032095,5,3,2095,Otoño
6032095,6,3,2095,Otoño
7032095,7,3,2095,Otoño
8032095,8,3,2095,Otoño
9032095,9,3,2095,Otoño
10032095,10,3,2095,Otoño
11032095,11,3,2095,Otoño
12032095,12,3,2095,Otoño
13032095,13,3,2095,Otoño
14032095,14,3,2095,Otoño
15032095,15,3,2095,Otoño
16032095,16,3,2095,Otoño
17032095,17,3,2095,Otoño
18032095,18,3,2095,Otoño
19032095,19,3,2095,Otoño
20032095,20,3,2095,Otoño
21032095,21,3,2095,Otoño
22032095,22,3,2095,Otoño
23032095,23,3,2095,Otoño
24032095,24,3,2095,Otoño
25032095,25,3,2095,Otoño
26032095,26,3,2095,Otoño
27032095,27,3,2095,Otoño
28032095,28,3,2095,Otoño
29032095,29,3,2095,Otoño
30032095,30,3,2095,Otoño
31032095,31,3,2095,Otoño
1042095,1,4,2095,Otoño
2042095,2,4,2095,Otoño
3042095,3,4,2095,Otoño
4042095,4,4,2095,Otoño
5042095,5,4,2095,Otoño
6042095,6,4,2095,Otoño
7042095,7,4,2095,Otoño
8042095,8,4,2095,Otoño
9042095,9,4,2095,Otoño
10042095,10,4,2095,Otoño
11042095,11,4,2095,Otoño
12042095,12,4,2095,Otoño
13042095,13,4,2095,Otoño
14042095,14,4,2095,Otoño
15042095,15,4,2095,Otoño
16042095,16,4,2095,Otoño
17042095,17,4,2095,Otoño
18042095,18,4,2095,Otoño
19042095,19,4,2095,Otoño
20042095,20,4,2095,Otoño
21042095,21,4,2095,Otoño
22042095,22,4,2095,Otoño
23042095,23,4,2095,Otoño
24042095,24,4,2095,Otoño
25042095,25,4,2095,Otoño
26042095,26,4,2095,Otoño
27042095,27,4,2095,Otoño
28042095,28,4,2095,Otoño
29042095,29,4,2095,Otoño
30042095,30,4,2095,Otoño
1052095,1,5,2095,Otoño
2052095,2,5,2095,Otoño
3052095,3,5,2095,Otoño
4052095,4,5,2095,Otoño
5052095,5,5,2095,Otoño
6052095,6,5,2095,Otoño
7052095,7,5,2095,Otoño
8052095,8,5,2095,Otoño
9052095,9,5,2095,Otoño
10052095,10,5,2095,Otoño
11052095,11,5,2095,Otoño
12052095,12,5,2095,Otoño
13052095,13,5,2095,Otoño
14052095,14,5,2095,Otoño
15052095,15,5,2095,Otoño
16052095,16,5,2095,Otoño
17052095,17,5,2095,Otoño
18052095,18,5,2095,Otoño
19052095,19,5,2095,Otoño
20052095,20,5,2095,Otoño
21052095,21,5,2095,Otoño
22052095,22,5,2095,Otoño
23052095,23,5,2095,Otoño
24052095,24,5,2095,Otoño
25052095,25,5,2095,Otoño
26052095,26,5,2095,Otoño
27052095,27,5,2095,Otoño
28052095,28,5,2095,Otoño
29052095,29,5,2095,Otoño
30052095,30,5,2095,Otoño
31052095,31,5,2095,Otoño
1062095,1,6,2095,Invierno
2062095,2,6,2095,Invierno
3062095,3,6,2095,Invierno
4062095,4,6,2095,Invierno
5062095,5,6,2095,Invierno
6062095,6,6,2095,Invierno
7062095,7,6,2095,Invierno
8062095,8,6,2095,Invierno
9062095,9,6,2095,Invierno
10062095,10,6,2095,Invierno
11062095,11,6,2095,Invierno
12062095,12,6,2095,Invierno
13062095,13,6,2095,Invierno
14062095,14,6,2095,Invierno
15062095,15,6,2095,Invierno
16062095,16,6,2095,Invierno
17062095,17,6,2095,Invierno
18062095,18,6,2095,Invierno
19062095,19,6,2095,Invierno
20062095,20,6,2095,Invierno
21062095,21,6,2095,Invierno
22062095,22,6,2095,Invierno
23062095,23,6,2095,Invierno
24062095,24,6,2095,Invierno
25062095,25,6,2095,Invierno
26062095,26,6,2095,Invierno
27062095,27,6,2095,Invierno
28062095,28,6,2095,Invierno
29062095,29,6,2095,Invierno
30062095,30,6,2095,Invierno
1072095,1,7,2095,Invierno
2072095,2,7,2095,Invierno
3072095,3,7,2095,Invierno
4072095,4,7,2095,Invierno
5072095,5,7,2095,Invierno
6072095,6,7,2095,Invierno
7072095,7,7,2095,Invierno
8072095,8,7,2095,Invierno
9072095,9,7,2095,Invierno
10072095,10,7,2095,Invierno
11072095,11,7,2095,Invierno
12072095,12,7,2095,Invierno
13072095,13,7,2095,Invierno
14072095,14,7,2095,Invierno
15072095,15,7,2095,Invierno
16072095,16,7,2095,Invierno
17072095,17,7,2095,Invierno
18072095,18,7,2095,Invierno
19072095,19,7,2095,Invierno
20072095,20,7,2095,Invierno
21072095,21,7,2095,Invierno
22072095,22,7,2095,Invierno
23072095,23,7,2095,Invierno
24072095,24,7,2095,Invierno
25072095,25,7,2095,Invierno
26072095,26,7,2095,Invierno
27072095,27,7,2095,Invierno
28072095,28,7,2095,Invierno
29072095,29,7,2095,Invierno
30072095,30,7,2095,Invierno
31072095,31,7,2095,Invierno
1082095,1,8,2095,Invierno
2082095,2,8,2095,Invierno
3082095,3,8,2095,Invierno
4082095,4,8,2095,Invierno
5082095,5,8,2095,Invierno
6082095,6,8,2095,Invierno
7082095,7,8,2095,Invierno
8082095,8,8,2095,Invierno
9082095,9,8,2095,Invierno
10082095,10,8,2095,Invierno
11082095,11,8,2095,Invierno
12082095,12,8,2095,Invierno
13082095,13,8,2095,Invierno
14082095,14,8,2095,Invierno
15082095,15,8,2095,Invierno
16082095,16,8,2095,Invierno
17082095,17,8,2095,Invierno
18082095,18,8,2095,Invierno
19082095,19,8,2095,Invierno
20082095,20,8,2095,Invierno
21082095,21,8,2095,Invierno
22082095,22,8,2095,Invierno
23082095,23,8,2095,Invierno
24082095,24,8,2095,Invierno
25082095,25,8,2095,Invierno
26082095,26,8,2095,Invierno
27082095,27,8,2095,Invierno
28082095,28,8,2095,Invierno
29082095,29,8,2095,Invierno
30082095,30,8,2095,Invierno
31082095,31,8,2095,Invierno
1092095,1,9,2095,Primavera
2092095,2,9,2095,Primavera
3092095,3,9,2095,Primavera
4092095,4,9,2095,Primavera
5092095,5,9,2095,Primavera
6092095,6,9,2095,Primavera
7092095,7,9,2095,Primavera
8092095,8,9,2095,Primavera
9092095,9,9,2095,Primavera
10092095,10,9,2095,Primavera
11092095,11,9,2095,Primavera
12092095,12,9,2095,Primavera
13092095,13,9,2095,Primavera
14092095,14,9,2095,Primavera
15092095,15,9,2095,Primavera
16092095,16,9,2095,Primavera
17092095,17,9,2095,Primavera
18092095,18,9,2095,Primavera
19092095,19,9,2095,Primavera
20092095,20,9,2095,Primavera
21092095,21,9,2095,Primavera
22092095,22,9,2095,Primavera
23092095,23,9,2095,Primavera
24092095,24,9,2095,Primavera
25092095,25,9,2095,Primavera
26092095,26,9,2095,Primavera
27092095,27,9,2095,Primavera
28092095,28,9,2095,Primavera
29092095,29,9,2095,Primavera
30092095,30,9,2095,Primavera
1102095,1,10,2095,Primavera
2102095,2,10,2095,Primavera
3102095,3,10,2095,Primavera
4102095,4,10,2095,Primavera
5102095,5,10,2095,Primavera
6102095,6,10,2095,Primavera
7102095,7,10,2095,Primavera
8102095,8,10,2095,Primavera
9102095,9,10,2095,Primavera
10102095,10,10,2095,Primavera
11102095,11,10,2095,Primavera
12102095,12,10,2095,Primavera
13102095,13,10,2095,Primavera
14102095,14,10,2095,Primavera
15102095,15,10,2095,Primavera
16102095,16,10,2095,Primavera
17102095,17,10,2095,Primavera
18102095,18,10,2095,Primavera
19102095,19,10,2095,Primavera
20102095,20,10,2095,Primavera
21102095,21,10,2095,Primavera
22102095,22,10,2095,Primavera
23102095,23,10,2095,Primavera
24102095,24,10,2095,Primavera
25102095,25,10,2095,Primavera
26102095,26,10,2095,Primavera
27102095,27,10,2095,Primavera
28102095,28,10,2095,Primavera
29102095,29,10,2095,Primavera
30102095,30,10,2095,Primavera
31102095,31,10,2095,Primavera
1112095,1,11,2095,Primavera
2112095,2,11,2095,Primavera
3112095,3,11,2095,Primavera
4112095,4,11,2095,Primavera
5112095,5,11,2095,Primavera
6112095,6,11,2095,Primavera
7112095,7,11,2095,Primavera
8112095,8,11,2095,Primavera
9112095,9,11,2095,Primavera
10112095,10,11,2095,Primavera
11112095,11,11,2095,Primavera
12112095,12,11,2095,Primavera
13112095,13,11,2095,Primavera
14112095,14,11,2095,Primavera
15112095,15,11,2095,Primavera
16112095,16,11,2095,Primavera
17112095,17,11,2095,Primavera
18112095,18,11,2095,Primavera
19112095,19,11,2095,Primavera
20112095,20,11,2095,Primavera
21112095,21,11,2095,Primavera
22112095,22,11,2095,Primavera
23112095,23,11,2095,Primavera
24112095,24,11,2095,Primavera
25112095,25,11,2095,Primavera
26112095,26,11,2095,Primavera
27112095,27,11,2095,Primavera
28112095,28,11,2095,Primavera
29112095,29,11,2095,Primavera
30112095,30,11,2095,Primavera
1122095,1,12,2095,Verano
2122095,2,12,2095,Verano
3122095,3,12,2095,Verano
4122095,4,12,2095,Verano
5122095,5,12,2095,Verano
6122095,6,12,2095,Verano
7122095,7,12,2095,Verano
8122095,8,12,2095,Verano
9122095,9,12,2095,Verano
10122095,10,12,2095,Verano
11122095,11,12,2095,Verano
12122095,12,12,2095,Verano
13122095,13,12,2095,Verano
14122095,14,12,2095,Verano
15122095,15,12,2095,Verano
16122095,16,12,2095,Verano
17122095,17,12,2095,Verano
18122095,18,12,2095,Verano
19122095,19,12,2095,Verano
20122095,20,12,2095,Verano
21122095,21,12,2095,Verano
22122095,22,12,2095,Verano
23122095,23,12,2095,Verano
24122095,24,12,2095,Verano
25122095,25,12,2095,Verano
26122095,26,12,2095,Verano
27122095,27,12,2095,Verano
28122095,28,12,2095,Verano
29122095,29,12,2095,Verano
30122095,30,12,2095,Verano
31122095,31,12,2095,Verano
1012096,1,1,2096,Verano
2012096,2,1,2096,Verano
3012096,3,1,2096,Verano
4012096,4,1,2096,Verano
5012096,5,1,2096,Verano
6012096,6,1,2096,Verano
7012096,7,1,2096,Verano
8012096,8,1,2096,Verano
9012096,9,1,2096,Verano
10012096,10,1,2096,Verano
11012096,11,1,2096,Verano
12012096,12,1,2096,Verano
13012096,13,1,2096,Verano
14012096,14,1,2096,Verano
15012096,15,1,2096,Verano
16012096,16,1,2096,Verano
17012096,17,1,2096,Verano
18012096,18,1,2096,Verano
19012096,19,1,2096,Verano
20012096,20,1,2096,Verano
21012096,21,1,2096,Verano
22012096,22,1,2096,Verano
23012096,23,1,2096,Verano
24012096,24,1,2096,Verano
25012096,25,1,2096,Verano
26012096,26,1,2096,Verano
27012096,27,1,2096,Verano
28012096,28,1,2096,Verano
29012096,29,1,2096,Verano
30012096,30,1,2096,Verano
31012096,31,1,2096,Verano
1022096,1,2,2096,Verano
2022096,2,2,2096,Verano
3022096,3,2,2096,Verano
4022096,4,2,2096,Verano
5022096,5,2,2096,Verano
6022096,6,2,2096,Verano
7022096,7,2,2096,Verano
8022096,8,2,2096,Verano
9022096,9,2,2096,Verano
10022096,10,2,2096,Verano
11022096,11,2,2096,Verano
12022096,12,2,2096,Verano
13022096,13,2,2096,Verano
14022096,14,2,2096,Verano
15022096,15,2,2096,Verano
16022096,16,2,2096,Verano
17022096,17,2,2096,Verano
18022096,18,2,2096,Verano
19022096,19,2,2096,Verano
20022096,20,2,2096,Verano
21022096,21,2,2096,Verano
22022096,22,2,2096,Verano
23022096,23,2,2096,Verano
24022096,24,2,2096,Verano
25022096,25,2,2096,Verano
26022096,26,2,2096,Verano
27022096,27,2,2096,Verano
28022096,28,2,2096,Verano
29022096,29,2,2096,Verano
1032096,1,3,2096,Otoño
2032096,2,3,2096,Otoño
3032096,3,3,2096,Otoño
4032096,4,3,2096,Otoño
5032096,5,3,2096,Otoño
6032096,6,3,2096,Otoño
7032096,7,3,2096,Otoño
8032096,8,3,2096,Otoño
9032096,9,3,2096,Otoño
10032096,10,3,2096,Otoño
11032096,11,3,2096,Otoño
12032096,12,3,2096,Otoño
13032096,13,3,2096,Otoño
14032096,14,3,2096,Otoño
15032096,15,3,2096,Otoño
16032096,16,3,2096,Otoño
17032096,17,3,2096,Otoño
18032096,18,3,2096,Otoño
19032096,19,3,2096,Otoño
20032096,20,3,2096,Otoño
21032096,21,3,2096,Otoño
22032096,22,3,2096,Otoño
23032096,23,3,2096,Otoño
24032096,24,3,2096,Otoño
25032096,25,3,2096,Otoño
26032096,26,3,2096,Otoño
27032096,27,3,2096,Otoño
28032096,28,3,2096,Otoño
29032096,29,3,2096,Otoño
30032096,30,3,2096,Otoño
31032096,31,3,2096,Otoño
1042096,1,4,2096,Otoño
2042096,2,4,2096,Otoño
3042096,3,4,2096,Otoño
4042096,4,4,2096,Otoño
5042096,5,4,2096,Otoño
6042096,6,4,2096,Otoño
7042096,7,4,2096,Otoño
8042096,8,4,2096,Otoño
9042096,9,4,2096,Otoño
10042096,10,4,2096,Otoño
11042096,11,4,2096,Otoño
12042096,12,4,2096,Otoño
13042096,13,4,2096,Otoño
14042096,14,4,2096,Otoño
15042096,15,4,2096,Otoño
16042096,16,4,2096,Otoño
17042096,17,4,2096,Otoño
18042096,18,4,2096,Otoño
19042096,19,4,2096,Otoño
20042096,20,4,2096,Otoño
21042096,21,4,2096,Otoño
22042096,22,4,2096,Otoño
23042096,23,4,2096,Otoño
24042096,24,4,2096,Otoño
25042096,25,4,2096,Otoño
26042096,26,4,2096,Otoño
27042096,27,4,2096,Otoño
28042096,28,4,2096,Otoño
29042096,29,4,2096,Otoño
30042096,30,4,2096,Otoño
1052096,1,5,2096,Otoño
2052096,2,5,2096,Otoño
3052096,3,5,2096,Otoño
4052096,4,5,2096,Otoño
5052096,5,5,2096,Otoño
6052096,6,5,2096,Otoño
7052096,7,5,2096,Otoño
8052096,8,5,2096,Otoño
9052096,9,5,2096,Otoño
10052096,10,5,2096,Otoño
11052096,11,5,2096,Otoño
12052096,12,5,2096,Otoño
13052096,13,5,2096,Otoño
14052096,14,5,2096,Otoño
15052096,15,5,2096,Otoño
16052096,16,5,2096,Otoño
17052096,17,5,2096,Otoño
18052096,18,5,2096,Otoño
19052096,19,5,2096,Otoño
20052096,20,5,2096,Otoño
21052096,21,5,2096,Otoño
22052096,22,5,2096,Otoño
23052096,23,5,2096,Otoño
24052096,24,5,2096,Otoño
25052096,25,5,2096,Otoño
26052096,26,5,2096,Otoño
27052096,27,5,2096,Otoño
28052096,28,5,2096,Otoño
29052096,29,5,2096,Otoño
30052096,30,5,2096,Otoño
31052096,31,5,2096,Otoño
1062096,1,6,2096,Invierno
2062096,2,6,2096,Invierno
3062096,3,6,2096,Invierno
4062096,4,6,2096,Invierno
5062096,5,6,2096,Invierno
6062096,6,6,2096,Invierno
7062096,7,6,2096,Invierno
8062096,8,6,2096,Invierno
9062096,9,6,2096,Invierno
10062096,10,6,2096,Invierno
11062096,11,6,2096,Invierno
12062096,12,6,2096,Invierno
13062096,13,6,2096,Invierno
14062096,14,6,2096,Invierno
15062096,15,6,2096,Invierno
16062096,16,6,2096,Invierno
17062096,17,6,2096,Invierno
18062096,18,6,2096,Invierno
19062096,19,6,2096,Invierno
20062096,20,6,2096,Invierno
21062096,21,6,2096,Invierno
22062096,22,6,2096,Invierno
23062096,23,6,2096,Invierno
24062096,24,6,2096,Invierno
25062096,25,6,2096,Invierno
26062096,26,6,2096,Invierno
27062096,27,6,2096,Invierno
28062096,28,6,2096,Invierno
29062096,29,6,2096,Invierno
30062096,30,6,2096,Invierno
1072096,1,7,2096,Invierno
2072096,2,7,2096,Invierno
3072096,3,7,2096,Invierno
4072096,4,7,2096,Invierno
5072096,5,7,2096,Invierno
6072096,6,7,2096,Invierno
7072096,7,7,2096,Invierno
8072096,8,7,2096,Invierno
9072096,9,7,2096,Invierno
10072096,10,7,2096,Invierno
11072096,11,7,2096,Invierno
12072096,12,7,2096,Invierno
13072096,13,7,2096,Invierno
14072096,14,7,2096,Invierno
15072096,15,7,2096,Invierno
16072096,16,7,2096,Invierno
17072096,17,7,2096,Invierno
18072096,18,7,2096,Invierno
19072096,19,7,2096,Invierno
20072096,20,7,2096,Invierno
21072096,21,7,2096,Invierno
22072096,22,7,2096,Invierno
23072096,23,7,2096,Invierno
24072096,24,7,2096,Invierno
25072096,25,7,2096,Invierno
26072096,26,7,2096,Invierno
27072096,27,7,2096,Invierno
28072096,28,7,2096,Invierno
29072096,29,7,2096,Invierno
30072096,30,7,2096,Invierno
31072096,31,7,2096,Invierno
1082096,1,8,2096,Invierno
2082096,2,8,2096,Invierno
3082096,3,8,2096,Invierno
4082096,4,8,2096,Invierno
5082096,5,8,2096,Invierno
6082096,6,8,2096,Invierno
7082096,7,8,2096,Invierno
8082096,8,8,2096,Invierno
9082096,9,8,2096,Invierno
10082096,10,8,2096,Invierno
11082096,11,8,2096,Invierno
12082096,12,8,2096,Invierno
13082096,13,8,2096,Invierno
14082096,14,8,2096,Invierno
15082096,15,8,2096,Invierno
16082096,16,8,2096,Invierno
17082096,17,8,2096,Invierno
18082096,18,8,2096,Invierno
19082096,19,8,2096,Invierno
20082096,20,8,2096,Invierno
21082096,21,8,2096,Invierno
22082096,22,8,2096,Invierno
23082096,23,8,2096,Invierno
24082096,24,8,2096,Invierno
25082096,25,8,2096,Invierno
26082096,26,8,2096,Invierno
27082096,27,8,2096,Invierno
28082096,28,8,2096,Invierno
29082096,29,8,2096,Invierno
30082096,30,8,2096,Invierno
31082096,31,8,2096,Invierno
1092096,1,9,2096,Primavera
2092096,2,9,2096,Primavera
3092096,3,9,2096,Primavera
4092096,4,9,2096,Primavera
5092096,5,9,2096,Primavera
6092096,6,9,2096,Primavera
7092096,7,9,2096,Primavera
8092096,8,9,2096,Primavera
9092096,9,9,2096,Primavera
10092096,10,9,2096,Primavera
11092096,11,9,2096,Primavera
12092096,12,9,2096,Primavera
13092096,13,9,2096,Primavera
14092096,14,9,2096,Primavera
15092096,15,9,2096,Primavera
16092096,16,9,2096,Primavera
17092096,17,9,2096,Primavera
18092096,18,9,2096,Primavera
19092096,19,9,2096,Primavera
20092096,20,9,2096,Primavera
21092096,21,9,2096,Primavera
22092096,22,9,2096,Primavera
23092096,23,9,2096,Primavera
24092096,24,9,2096,Primavera
25092096,25,9,2096,Primavera
26092096,26,9,2096,Primavera
27092096,27,9,2096,Primavera
28092096,28,9,2096,Primavera
29092096,29,9,2096,Primavera
30092096,30,9,2096,Primavera
1102096,1,10,2096,Primavera
2102096,2,10,2096,Primavera
3102096,3,10,2096,Primavera
4102096,4,10,2096,Primavera
5102096,5,10,2096,Primavera
6102096,6,10,2096,Primavera
7102096,7,10,2096,Primavera
8102096,8,10,2096,Primavera
9102096,9,10,2096,Primavera
10102096,10,10,2096,Primavera
11102096,11,10,2096,Primavera
12102096,12,10,2096,Primavera
13102096,13,10,2096,Primavera
14102096,14,10,2096,Primavera
15102096,15,10,2096,Primavera
16102096,16,10,2096,Primavera
17102096,17,10,2096,Primavera
18102096,18,10,2096,Primavera
19102096,19,10,2096,Primavera
20102096,20,10,2096,Primavera
21102096,21,10,2096,Primavera
22102096,22,10,2096,Primavera
23102096,23,10,2096,Primavera
24102096,24,10,2096,Primavera
25102096,25,10,2096,Primavera
26102096,26,10,2096,Primavera
27102096,27,10,2096,Primavera
28102096,28,10,2096,Primavera
29102096,29,10,2096,Primavera
30102096,30,10,2096,Primavera
31102096,31,10,2096,Primavera
1112096,1,11,2096,Primavera
2112096,2,11,2096,Primavera
3112096,3,11,2096,Primavera
4112096,4,11,2096,Primavera
5112096,5,11,2096,Primavera
6112096,6,11,2096,Primavera
7112096,7,11,2096,Primavera
8112096,8,11,2096,Primavera
9112096,9,11,2096,Primavera
10112096,10,11,2096,Primavera
11112096,11,11,2096,Primavera
12112096,12,11,2096,Primavera
13112096,13,11,2096,Primavera
14112096,14,11,2096,Primavera
15112096,15,11,2096,Primavera
16112096,16,11,2096,Primavera
17112096,17,11,2096,Primavera
18112096,18,11,2096,Primavera
19112096,19,11,2096,Primavera
20112096,20,11,2096,Primavera
21112096,21,11,2096,Primavera
22112096,22,11,2096,Primavera
23112096,23,11,2096,Primavera
24112096,24,11,2096,Primavera
25112096,25,11,2096,Primavera
26112096,26,11,2096,Primavera
27112096,27,11,2096,Primavera
28112096,28,11,2096,Primavera
29112096,29,11,2096,Primavera
30112096,30,11,2096,Primavera
1122096,1,12,2096,Verano
2122096,2,12,2096,Verano
3122096,3,12,2096,Verano
4122096,4,12,2096,Verano
5122096,5,12,2096,Verano
6122096,6,12,2096,Verano
7122096,7,12,2096,Verano
8122096,8,12,2096,Verano
9122096,9,12,2096,Verano
10122096,10,12,2096,Verano
11122096,11,12,2096,Verano
12122096,12,12,2096,Verano
13122096,13,12,2096,Verano
14122096,14,12,2096,Verano
15122096,15,12,2096,Verano
16122096,16,12,2096,Verano
17122096,17,12,2096,Verano
18122096,18,12,2096,Verano
19122096,19,12,2096,Verano
20122096,20,12,2096,Verano
21122096,21,12,2096,Verano
22122096,22,12,2096,Verano
23122096,23,12,2096,Verano
24122096,24,12,2096,Verano
25122096,25,12,2096,Verano
26122096,26,12,2096,Verano
27122096,27,12,2096,Verano
28122096,28,12,2096,Verano
29122096,29,12,2096,Verano
30122096,30,12,2096,Verano
31122096,31,12,2096,Verano
1012097,1,1,2097,Verano
2012097,2,1,2097,Verano
3012097,3,1,2097,Verano
4012097,4,1,2097,Verano
5012097,5,1,2097,Verano
6012097,6,1,2097,Verano
7012097,7,1,2097,Verano
8012097,8,1,2097,Verano
9012097,9,1,2097,Verano
10012097,10,1,2097,Verano
11012097,11,1,2097,Verano
12012097,12,1,2097,Verano
13012097,13,1,2097,Verano
14012097,14,1,2097,Verano
15012097,15,1,2097,Verano
16012097,16,1,2097,Verano
17012097,17,1,2097,Verano
18012097,18,1,2097,Verano
19012097,19,1,2097,Verano
20012097,20,1,2097,Verano
21012097,21,1,2097,Verano
22012097,22,1,2097,Verano
23012097,23,1,2097,Verano
24012097,24,1,2097,Verano
25012097,25,1,2097,Verano
26012097,26,1,2097,Verano
27012097,27,1,2097,Verano
28012097,28,1,2097,Verano
29012097,29,1,2097,Verano
30012097,30,1,2097,Verano
31012097,31,1,2097,Verano
1022097,1,2,2097,Verano
2022097,2,2,2097,Verano
3022097,3,2,2097,Verano
4022097,4,2,2097,Verano
5022097,5,2,2097,Verano
6022097,6,2,2097,Verano
7022097,7,2,2097,Verano
8022097,8,2,2097,Verano
9022097,9,2,2097,Verano
10022097,10,2,2097,Verano
11022097,11,2,2097,Verano
12022097,12,2,2097,Verano
13022097,13,2,2097,Verano
14022097,14,2,2097,Verano
15022097,15,2,2097,Verano
16022097,16,2,2097,Verano
17022097,17,2,2097,Verano
18022097,18,2,2097,Verano
19022097,19,2,2097,Verano
20022097,20,2,2097,Verano
21022097,21,2,2097,Verano
22022097,22,2,2097,Verano
23022097,23,2,2097,Verano
24022097,24,2,2097,Verano
25022097,25,2,2097,Verano
26022097,26,2,2097,Verano
27022097,27,2,2097,Verano
28022097,28,2,2097,Verano
1032097,1,3,2097,Otoño
2032097,2,3,2097,Otoño
3032097,3,3,2097,Otoño
4032097,4,3,2097,Otoño
5032097,5,3,2097,Otoño
6032097,6,3,2097,Otoño
7032097,7,3,2097,Otoño
8032097,8,3,2097,Otoño
9032097,9,3,2097,Otoño
10032097,10,3,2097,Otoño
11032097,11,3,2097,Otoño
12032097,12,3,2097,Otoño
13032097,13,3,2097,Otoño
14032097,14,3,2097,Otoño
15032097,15,3,2097,Otoño
16032097,16,3,2097,Otoño
17032097,17,3,2097,Otoño
18032097,18,3,2097,Otoño
19032097,19,3,2097,Otoño
20032097,20,3,2097,Otoño
21032097,21,3,2097,Otoño
22032097,22,3,2097,Otoño
23032097,23,3,2097,Otoño
24032097,24,3,2097,Otoño
25032097,25,3,2097,Otoño
26032097,26,3,2097,Otoño
27032097,27,3,2097,Otoño
28032097,28,3,2097,Otoño
29032097,29,3,2097,Otoño
30032097,30,3,2097,Otoño
31032097,31,3,2097,Otoño
1042097,1,4,2097,Otoño
2042097,2,4,2097,Otoño
3042097,3,4,2097,Otoño
4042097,4,4,2097,Otoño
5042097,5,4,2097,Otoño
6042097,6,4,2097,Otoño
7042097,7,4,2097,Otoño
8042097,8,4,2097,Otoño
9042097,9,4,2097,Otoño
10042097,10,4,2097,Otoño
11042097,11,4,2097,Otoño
12042097,12,4,2097,Otoño
13042097,13,4,2097,Otoño
14042097,14,4,2097,Otoño
15042097,15,4,2097,Otoño
16042097,16,4,2097,Otoño
17042097,17,4,2097,Otoño
18042097,18,4,2097,Otoño
19042097,19,4,2097,Otoño
20042097,20,4,2097,Otoño
21042097,21,4,2097,Otoño
22042097,22,4,2097,Otoño
23042097,23,4,2097,Otoño
24042097,24,4,2097,Otoño
25042097,25,4,2097,Otoño
26042097,26,4,2097,Otoño
27042097,27,4,2097,Otoño
28042097,28,4,2097,Otoño
29042097,29,4,2097,Otoño
30042097,30,4,2097,Otoño
1052097,1,5,2097,Otoño
2052097,2,5,2097,Otoño
3052097,3,5,2097,Otoño
4052097,4,5,2097,Otoño
5052097,5,5,2097,Otoño
6052097,6,5,2097,Otoño
7052097,7,5,2097,Otoño
8052097,8,5,2097,Otoño
9052097,9,5,2097,Otoño
10052097,10,5,2097,Otoño
11052097,11,5,2097,Otoño
12052097,12,5,2097,Otoño
13052097,13,5,2097,Otoño
14052097,14,5,2097,Otoño
15052097,15,5,2097,Otoño
16052097,16,5,2097,Otoño
17052097,17,5,2097,Otoño
18052097,18,5,2097,Otoño
19052097,19,5,2097,Otoño
20052097,20,5,2097,Otoño
21052097,21,5,2097,Otoño
22052097,22,5,2097,Otoño
23052097,23,5,2097,Otoño
24052097,24,5,2097,Otoño
25052097,25,5,2097,Otoño
26052097,26,5,2097,Otoño
27052097,27,5,2097,Otoño
28052097,28,5,2097,Otoño
29052097,29,5,2097,Otoño
30052097,30,5,2097,Otoño
31052097,31,5,2097,Otoño
1062097,1,6,2097,Invierno
2062097,2,6,2097,Invierno
3062097,3,6,2097,Invierno
4062097,4,6,2097,Invierno
5062097,5,6,2097,Invierno
6062097,6,6,2097,Invierno
7062097,7,6,2097,Invierno
8062097,8,6,2097,Invierno
9062097,9,6,2097,Invierno
10062097,10,6,2097,Invierno
11062097,11,6,2097,Invierno
12062097,12,6,2097,Invierno
13062097,13,6,2097,Invierno
14062097,14,6,2097,Invierno
15062097,15,6,2097,Invierno
16062097,16,6,2097,Invierno
17062097,17,6,2097,Invierno
18062097,18,6,2097,Invierno
19062097,19,6,2097,Invierno
20062097,20,6,2097,Invierno
21062097,21,6,2097,Invierno
22062097,22,6,2097,Invierno
23062097,23,6,2097,Invierno
24062097,24,6,2097,Invierno
25062097,25,6,2097,Invierno
26062097,26,6,2097,Invierno
27062097,27,6,2097,Invierno
28062097,28,6,2097,Invierno
29062097,29,6,2097,Invierno
30062097,30,6,2097,Invierno
1072097,1,7,2097,Invierno
2072097,2,7,2097,Invierno
3072097,3,7,2097,Invierno
4072097,4,7,2097,Invierno
5072097,5,7,2097,Invierno
6072097,6,7,2097,Invierno
7072097,7,7,2097,Invierno
8072097,8,7,2097,Invierno
9072097,9,7,2097,Invierno
10072097,10,7,2097,Invierno
11072097,11,7,2097,Invierno
12072097,12,7,2097,Invierno
13072097,13,7,2097,Invierno
14072097,14,7,2097,Invierno
15072097,15,7,2097,Invierno
16072097,16,7,2097,Invierno
17072097,17,7,2097,Invierno
18072097,18,7,2097,Invierno
19072097,19,7,2097,Invierno
20072097,20,7,2097,Invierno
21072097,21,7,2097,Invierno
22072097,22,7,2097,Invierno
23072097,23,7,2097,Invierno
24072097,24,7,2097,Invierno
25072097,25,7,2097,Invierno
26072097,26,7,2097,Invierno
27072097,27,7,2097,Invierno
28072097,28,7,2097,Invierno
29072097,29,7,2097,Invierno
30072097,30,7,2097,Invierno
31072097,31,7,2097,Invierno
1082097,1,8,2097,Invierno
2082097,2,8,2097,Invierno
3082097,3,8,2097,Invierno
4082097,4,8,2097,Invierno
5082097,5,8,2097,Invierno
6082097,6,8,2097,Invierno
7082097,7,8,2097,Invierno
8082097,8,8,2097,Invierno
9082097,9,8,2097,Invierno
10082097,10,8,2097,Invierno
11082097,11,8,2097,Invierno
12082097,12,8,2097,Invierno
13082097,13,8,2097,Invierno
14082097,14,8,2097,Invierno
15082097,15,8,2097,Invierno
16082097,16,8,2097,Invierno
17082097,17,8,2097,Invierno
18082097,18,8,2097,Invierno
19082097,19,8,2097,Invierno
20082097,20,8,2097,Invierno
21082097,21,8,2097,Invierno
22082097,22,8,2097,Invierno
23082097,23,8,2097,Invierno
24082097,24,8,2097,Invierno
25082097,25,8,2097,Invierno
26082097,26,8,2097,Invierno
27082097,27,8,2097,Invierno
28082097,28,8,2097,Invierno
29082097,29,8,2097,Invierno
30082097,30,8,2097,Invierno
31082097,31,8,2097,Invierno
1092097,1,9,2097,Primavera
2092097,2,9,2097,Primavera
3092097,3,9,2097,Primavera
4092097,4,9,2097,Primavera
5092097,5,9,2097,Primavera
6092097,6,9,2097,Primavera
7092097,7,9,2097,Primavera
8092097,8,9,2097,Primavera
9092097,9,9,2097,Primavera
10092097,10,9,2097,Primavera
11092097,11,9,2097,Primavera
12092097,12,9,2097,Primavera
13092097,13,9,2097,Primavera
14092097,14,9,2097,Primavera
15092097,15,9,2097,Primavera
16092097,16,9,2097,Primavera
17092097,17,9,2097,Primavera
18092097,18,9,2097,Primavera
19092097,19,9,2097,Primavera
20092097,20,9,2097,Primavera
21092097,21,9,2097,Primavera
22092097,22,9,2097,Primavera
23092097,23,9,2097,Primavera
24092097,24,9,2097,Primavera
25092097,25,9,2097,Primavera
26092097,26,9,2097,Primavera
27092097,27,9,2097,Primavera
28092097,28,9,2097,Primavera
29092097,29,9,2097,Primavera
30092097,30,9,2097,Primavera
1102097,1,10,2097,Primavera
2102097,2,10,2097,Primavera
3102097,3,10,2097,Primavera
4102097,4,10,2097,Primavera
5102097,5,10,2097,Primavera
6102097,6,10,2097,Primavera
7102097,7,10,2097,Primavera
8102097,8,10,2097,Primavera
9102097,9,10,2097,Primavera
10102097,10,10,2097,Primavera
11102097,11,10,2097,Primavera
12102097,12,10,2097,Primavera
13102097,13,10,2097,Primavera
14102097,14,10,2097,Primavera
15102097,15,10,2097,Primavera
16102097,16,10,2097,Primavera
17102097,17,10,2097,Primavera
18102097,18,10,2097,Primavera
19102097,19,10,2097,Primavera
20102097,20,10,2097,Primavera
21102097,21,10,2097,Primavera
22102097,22,10,2097,Primavera
23102097,23,10,2097,Primavera
24102097,24,10,2097,Primavera
25102097,25,10,2097,Primavera
26102097,26,10,2097,Primavera
27102097,27,10,2097,Primavera
28102097,28,10,2097,Primavera
29102097,29,10,2097,Primavera
30102097,30,10,2097,Primavera
31102097,31,10,2097,Primavera
1112097,1,11,2097,Primavera
2112097,2,11,2097,Primavera
3112097,3,11,2097,Primavera
4112097,4,11,2097,Primavera
5112097,5,11,2097,Primavera
6112097,6,11,2097,Primavera
7112097,7,11,2097,Primavera
8112097,8,11,2097,Primavera
9112097,9,11,2097,Primavera
10112097,10,11,2097,Primavera
11112097,11,11,2097,Primavera
12112097,12,11,2097,Primavera
13112097,13,11,2097,Primavera
14112097,14,11,2097,Primavera
15112097,15,11,2097,Primavera
16112097,16,11,2097,Primavera
17112097,17,11,2097,Primavera
18112097,18,11,2097,Primavera
19112097,19,11,2097,Primavera
20112097,20,11,2097,Primavera
21112097,21,11,2097,Primavera
22112097,22,11,2097,Primavera
23112097,23,11,2097,Primavera
24112097,24,11,2097,Primavera
25112097,25,11,2097,Primavera
26112097,26,11,2097,Primavera
27112097,27,11,2097,Primavera
28112097,28,11,2097,Primavera
29112097,29,11,2097,Primavera
30112097,30,11,2097,Primavera
1122097,1,12,2097,Verano
2122097,2,12,2097,Verano
3122097,3,12,2097,Verano
4122097,4,12,2097,Verano
5122097,5,12,2097,Verano
6122097,6,12,2097,Verano
7122097,7,12,2097,Verano
8122097,8,12,2097,Verano
9122097,9,12,2097,Verano
10122097,10,12,2097,Verano
11122097,11,12,2097,Verano
12122097,12,12,2097,Verano
13122097,13,12,2097,Verano
14122097,14,12,2097,Verano
15122097,15,12,2097,Verano
16122097,16,12,2097,Verano
17122097,17,12,2097,Verano
18122097,18,12,2097,Verano
19122097,19,12,2097,Verano
20122097,20,12,2097,Verano
21122097,21,12,2097,Verano
22122097,22,12,2097,Verano
23122097,23,12,2097,Verano
24122097,24,12,2097,Verano
25122097,25,12,2097,Verano
26122097,26,12,2097,Verano
27122097,27,12,2097,Verano
28122097,28,12,2097,Verano
29122097,29,12,2097,Verano
30122097,30,12,2097,Verano
31122097,31,12,2097,Verano
1012098,1,1,2098,Verano
2012098,2,1,2098,Verano
3012098,3,1,2098,Verano
4012098,4,1,2098,Verano
5012098,5,1,2098,Verano
6012098,6,1,2098,Verano
7012098,7,1,2098,Verano
8012098,8,1,2098,Verano
9012098,9,1,2098,Verano
10012098,10,1,2098,Verano
11012098,11,1,2098,Verano
12012098,12,1,2098,Verano
13012098,13,1,2098,Verano
14012098,14,1,2098,Verano
15012098,15,1,2098,Verano
16012098,16,1,2098,Verano
17012098,17,1,2098,Verano
18012098,18,1,2098,Verano
19012098,19,1,2098,Verano
20012098,20,1,2098,Verano
21012098,21,1,2098,Verano
22012098,22,1,2098,Verano
23012098,23,1,2098,Verano
24012098,24,1,2098,Verano
25012098,25,1,2098,Verano
26012098,26,1,2098,Verano
27012098,27,1,2098,Verano
28012098,28,1,2098,Verano
29012098,29,1,2098,Verano
30012098,30,1,2098,Verano
31012098,31,1,2098,Verano
1022098,1,2,2098,Verano
2022098,2,2,2098,Verano
3022098,3,2,2098,Verano
4022098,4,2,2098,Verano
5022098,5,2,2098,Verano
6022098,6,2,2098,Verano
7022098,7,2,2098,Verano
8022098,8,2,2098,Verano
9022098,9,2,2098,Verano
10022098,10,2,2098,Verano
11022098,11,2,2098,Verano
12022098,12,2,2098,Verano
13022098,13,2,2098,Verano
14022098,14,2,2098,Verano
15022098,15,2,2098,Verano
16022098,16,2,2098,Verano
17022098,17,2,2098,Verano
18022098,18,2,2098,Verano
19022098,19,2,2098,Verano
20022098,20,2,2098,Verano
21022098,21,2,2098,Verano
22022098,22,2,2098,Verano
23022098,23,2,2098,Verano
24022098,24,2,2098,Verano
25022098,25,2,2098,Verano
26022098,26,2,2098,Verano
27022098,27,2,2098,Verano
28022098,28,2,2098,Verano
1032098,1,3,2098,Otoño
2032098,2,3,2098,Otoño
3032098,3,3,2098,Otoño
4032098,4,3,2098,Otoño
5032098,5,3,2098,Otoño
6032098,6,3,2098,Otoño
7032098,7,3,2098,Otoño
8032098,8,3,2098,Otoño
9032098,9,3,2098,Otoño
10032098,10,3,2098,Otoño
11032098,11,3,2098,Otoño
12032098,12,3,2098,Otoño
13032098,13,3,2098,Otoño
14032098,14,3,2098,Otoño
15032098,15,3,2098,Otoño
16032098,16,3,2098,Otoño
17032098,17,3,2098,Otoño
18032098,18,3,2098,Otoño
19032098,19,3,2098,Otoño
20032098,20,3,2098,Otoño
21032098,21,3,2098,Otoño
22032098,22,3,2098,Otoño
23032098,23,3,2098,Otoño
24032098,24,3,2098,Otoño
25032098,25,3,2098,Otoño
26032098,26,3,2098,Otoño
27032098,27,3,2098,Otoño
28032098,28,3,2098,Otoño
29032098,29,3,2098,Otoño
30032098,30,3,2098,Otoño
31032098,31,3,2098,Otoño
1042098,1,4,2098,Otoño
2042098,2,4,2098,Otoño
3042098,3,4,2098,Otoño
4042098,4,4,2098,Otoño
5042098,5,4,2098,Otoño
6042098,6,4,2098,Otoño
7042098,7,4,2098,Otoño
8042098,8,4,2098,Otoño
9042098,9,4,2098,Otoño
10042098,10,4,2098,Otoño
11042098,11,4,2098,Otoño
12042098,12,4,2098,Otoño
13042098,13,4,2098,Otoño
14042098,14,4,2098,Otoño
15042098,15,4,2098,Otoño
16042098,16,4,2098,Otoño
17042098,17,4,2098,Otoño
18042098,18,4,2098,Otoño
19042098,19,4,2098,Otoño
20042098,20,4,2098,Otoño
21042098,21,4,2098,Otoño
22042098,22,4,2098,Otoño
23042098,23,4,2098,Otoño
24042098,24,4,2098,Otoño
25042098,25,4,2098,Otoño
26042098,26,4,2098,Otoño
27042098,27,4,2098,Otoño
28042098,28,4,2098,Otoño
29042098,29,4,2098,Otoño
30042098,30,4,2098,Otoño
1052098,1,5,2098,Otoño
2052098,2,5,2098,Otoño
3052098,3,5,2098,Otoño
4052098,4,5,2098,Otoño
5052098,5,5,2098,Otoño
6052098,6,5,2098,Otoño
7052098,7,5,2098,Otoño
8052098,8,5,2098,Otoño
9052098,9,5,2098,Otoño
10052098,10,5,2098,Otoño
11052098,11,5,2098,Otoño
12052098,12,5,2098,Otoño
13052098,13,5,2098,Otoño
14052098,14,5,2098,Otoño
15052098,15,5,2098,Otoño
16052098,16,5,2098,Otoño
17052098,17,5,2098,Otoño
18052098,18,5,2098,Otoño
19052098,19,5,2098,Otoño
20052098,20,5,2098,Otoño
21052098,21,5,2098,Otoño
22052098,22,5,2098,Otoño
23052098,23,5,2098,Otoño
24052098,24,5,2098,Otoño
25052098,25,5,2098,Otoño
26052098,26,5,2098,Otoño
27052098,27,5,2098,Otoño
28052098,28,5,2098,Otoño
29052098,29,5,2098,Otoño
30052098,30,5,2098,Otoño
31052098,31,5,2098,Otoño
1062098,1,6,2098,Invierno
2062098,2,6,2098,Invierno
3062098,3,6,2098,Invierno
4062098,4,6,2098,Invierno
5062098,5,6,2098,Invierno
6062098,6,6,2098,Invierno
7062098,7,6,2098,Invierno
8062098,8,6,2098,Invierno
9062098,9,6,2098,Invierno
10062098,10,6,2098,Invierno
11062098,11,6,2098,Invierno
12062098,12,6,2098,Invierno
13062098,13,6,2098,Invierno
14062098,14,6,2098,Invierno
15062098,15,6,2098,Invierno
16062098,16,6,2098,Invierno
17062098,17,6,2098,Invierno
18062098,18,6,2098,Invierno
19062098,19,6,2098,Invierno
20062098,20,6,2098,Invierno
21062098,21,6,2098,Invierno
22062098,22,6,2098,Invierno
23062098,23,6,2098,Invierno
24062098,24,6,2098,Invierno
25062098,25,6,2098,Invierno
26062098,26,6,2098,Invierno
27062098,27,6,2098,Invierno
28062098,28,6,2098,Invierno
29062098,29,6,2098,Invierno
30062098,30,6,2098,Invierno
1072098,1,7,2098,Invierno
2072098,2,7,2098,Invierno
3072098,3,7,2098,Invierno
4072098,4,7,2098,Invierno
5072098,5,7,2098,Invierno
6072098,6,7,2098,Invierno
7072098,7,7,2098,Invierno
8072098,8,7,2098,Invierno
9072098,9,7,2098,Invierno
10072098,10,7,2098,Invierno
11072098,11,7,2098,Invierno
12072098,12,7,2098,Invierno
13072098,13,7,2098,Invierno
14072098,14,7,2098,Invierno
15072098,15,7,2098,Invierno
16072098,16,7,2098,Invierno
17072098,17,7,2098,Invierno
18072098,18,7,2098,Invierno
19072098,19,7,2098,Invierno
20072098,20,7,2098,Invierno
21072098,21,7,2098,Invierno
22072098,22,7,2098,Invierno
23072098,23,7,2098,Invierno
24072098,24,7,2098,Invierno
25072098,25,7,2098,Invierno
26072098,26,7,2098,Invierno
27072098,27,7,2098,Invierno
28072098,28,7,2098,Invierno
29072098,29,7,2098,Invierno
30072098,30,7,2098,Invierno
31072098,31,7,2098,Invierno
1082098,1,8,2098,Invierno
2082098,2,8,2098,Invierno
3082098,3,8,2098,Invierno
4082098,4,8,2098,Invierno
5082098,5,8,2098,Invierno
6082098,6,8,2098,Invierno
7082098,7,8,2098,Invierno
8082098,8,8,2098,Invierno
9082098,9,8,2098,Invierno
10082098,10,8,2098,Invierno
11082098,11,8,2098,Invierno
12082098,12,8,2098,Invierno
13082098,13,8,2098,Invierno
14082098,14,8,2098,Invierno
15082098,15,8,2098,Invierno
16082098,16,8,2098,Invierno
17082098,17,8,2098,Invierno
18082098,18,8,2098,Invierno
19082098,19,8,2098,Invierno
20082098,20,8,2098,Invierno
21082098,21,8,2098,Invierno
22082098,22,8,2098,Invierno
23082098,23,8,2098,Invierno
24082098,24,8,2098,Invierno
25082098,25,8,2098,Invierno
26082098,26,8,2098,Invierno
27082098,27,8,2098,Invierno
28082098,28,8,2098,Invierno
29082098,29,8,2098,Invierno
30082098,30,8,2098,Invierno
31082098,31,8,2098,Invierno
1092098,1,9,2098,Primavera
2092098,2,9,2098,Primavera
3092098,3,9,2098,Primavera
4092098,4,9,2098,Primavera
5092098,5,9,2098,Primavera
6092098,6,9,2098,Primavera
7092098,7,9,2098,Primavera
8092098,8,9,2098,Primavera
9092098,9,9,2098,Primavera
10092098,10,9,2098,Primavera
11092098,11,9,2098,Primavera
12092098,12,9,2098,Primavera
13092098,13,9,2098,Primavera
14092098,14,9,2098,Primavera
15092098,15,9,2098,Primavera
16092098,16,9,2098,Primavera
17092098,17,9,2098,Primavera
18092098,18,9,2098,Primavera
19092098,19,9,2098,Primavera
20092098,20,9,2098,Primavera
21092098,21,9,2098,Primavera
22092098,22,9,2098,Primavera
23092098,23,9,2098,Primavera
24092098,24,9,2098,Primavera
25092098,25,9,2098,Primavera
26092098,26,9,2098,Primavera
27092098,27,9,2098,Primavera
28092098,28,9,2098,Primavera
29092098,29,9,2098,Primavera
30092098,30,9,2098,Primavera
1102098,1,10,2098,Primavera
2102098,2,10,2098,Primavera
3102098,3,10,2098,Primavera
4102098,4,10,2098,Primavera
5102098,5,10,2098,Primavera
6102098,6,10,2098,Primavera
7102098,7,10,2098,Primavera
8102098,8,10,2098,Primavera
9102098,9,10,2098,Primavera
10102098,10,10,2098,Primavera
11102098,11,10,2098,Primavera
12102098,12,10,2098,Primavera
13102098,13,10,2098,Primavera
14102098,14,10,2098,Primavera
15102098,15,10,2098,Primavera
16102098,16,10,2098,Primavera
17102098,17,10,2098,Primavera
18102098,18,10,2098,Primavera
19102098,19,10,2098,Primavera
20102098,20,10,2098,Primavera
21102098,21,10,2098,Primavera
22102098,22,10,2098,Primavera
23102098,23,10,2098,Primavera
24102098,24,10,2098,Primavera
25102098,25,10,2098,Primavera
26102098,26,10,2098,Primavera
27102098,27,10,2098,Primavera
28102098,28,10,2098,Primavera
29102098,29,10,2098,Primavera
30102098,30,10,2098,Primavera
31102098,31,10,2098,Primavera
1112098,1,11,2098,Primavera
2112098,2,11,2098,Primavera
3112098,3,11,2098,Primavera
4112098,4,11,2098,Primavera
5112098,5,11,2098,Primavera
6112098,6,11,2098,Primavera
7112098,7,11,2098,Primavera
8112098,8,11,2098,Primavera
9112098,9,11,2098,Primavera
10112098,10,11,2098,Primavera
11112098,11,11,2098,Primavera
12112098,12,11,2098,Primavera
13112098,13,11,2098,Primavera
14112098,14,11,2098,Primavera
15112098,15,11,2098,Primavera
16112098,16,11,2098,Primavera
17112098,17,11,2098,Primavera
18112098,18,11,2098,Primavera
19112098,19,11,2098,Primavera
20112098,20,11,2098,Primavera
21112098,21,11,2098,Primavera
22112098,22,11,2098,Primavera
23112098,23,11,2098,Primavera
24112098,24,11,2098,Primavera
25112098,25,11,2098,Primavera
26112098,26,11,2098,Primavera
27112098,27,11,2098,Primavera
28112098,28,11,2098,Primavera
29112098,29,11,2098,Primavera
30112098,30,11,2098,Primavera
1122098,1,12,2098,Verano
2122098,2,12,2098,Verano
3122098,3,12,2098,Verano
4122098,4,12,2098,Verano
5122098,5,12,2098,Verano
6122098,6,12,2098,Verano
7122098,7,12,2098,Verano
8122098,8,12,2098,Verano
9122098,9,12,2098,Verano
10122098,10,12,2098,Verano
11122098,11,12,2098,Verano
12122098,12,12,2098,Verano
13122098,13,12,2098,Verano
14122098,14,12,2098,Verano
15122098,15,12,2098,Verano
16122098,16,12,2098,Verano
17122098,17,12,2098,Verano
18122098,18,12,2098,Verano
19122098,19,12,2098,Verano
20122098,20,12,2098,Verano
21122098,21,12,2098,Verano
22122098,22,12,2098,Verano
23122098,23,12,2098,Verano
24122098,24,12,2098,Verano
25122098,25,12,2098,Verano
26122098,26,12,2098,Verano
27122098,27,12,2098,Verano
28122098,28,12,2098,Verano
29122098,29,12,2098,Verano
30122098,30,12,2098,Verano
31122098,31,12,2098,Verano
1012099,1,1,2099,Verano
2012099,2,1,2099,Verano
3012099,3,1,2099,Verano
4012099,4,1,2099,Verano
5012099,5,1,2099,Verano
6012099,6,1,2099,Verano
7012099,7,1,2099,Verano
8012099,8,1,2099,Verano
9012099,9,1,2099,Verano
10012099,10,1,2099,Verano
11012099,11,1,2099,Verano
12012099,12,1,2099,Verano
13012099,13,1,2099,Verano
14012099,14,1,2099,Verano
15012099,15,1,2099,Verano
16012099,16,1,2099,Verano
17012099,17,1,2099,Verano
18012099,18,1,2099,Verano
19012099,19,1,2099,Verano
20012099,20,1,2099,Verano
21012099,21,1,2099,Verano
22012099,22,1,2099,Verano
23012099,23,1,2099,Verano
24012099,24,1,2099,Verano
25012099,25,1,2099,Verano
26012099,26,1,2099,Verano
27012099,27,1,2099,Verano
28012099,28,1,2099,Verano
29012099,29,1,2099,Verano
30012099,30,1,2099,Verano
31012099,31,1,2099,Verano
1022099,1,2,2099,Verano
2022099,2,2,2099,Verano
3022099,3,2,2099,Verano
4022099,4,2,2099,Verano
5022099,5,2,2099,Verano
6022099,6,2,2099,Verano
7022099,7,2,2099,Verano
8022099,8,2,2099,Verano
9022099,9,2,2099,Verano
10022099,10,2,2099,Verano
11022099,11,2,2099,Verano
12022099,12,2,2099,Verano
13022099,13,2,2099,Verano
14022099,14,2,2099,Verano
15022099,15,2,2099,Verano
16022099,16,2,2099,Verano
17022099,17,2,2099,Verano
18022099,18,2,2099,Verano
19022099,19,2,2099,Verano
20022099,20,2,2099,Verano
21022099,21,2,2099,Verano
22022099,22,2,2099,Verano
23022099,23,2,2099,Verano
24022099,24,2,2099,Verano
25022099,25,2,2099,Verano
26022099,26,2,2099,Verano
27022099,27,2,2099,Verano
28022099,28,2,2099,Verano
1032099,1,3,2099,Otoño
2032099,2,3,2099,Otoño
3032099,3,3,2099,Otoño
4032099,4,3,2099,Otoño
5032099,5,3,2099,Otoño
6032099,6,3,2099,Otoño
7032099,7,3,2099,Otoño
8032099,8,3,2099,Otoño
9032099,9,3,2099,Otoño
10032099,10,3,2099,Otoño
11032099,11,3,2099,Otoño
12032099,12,3,2099,Otoño
13032099,13,3,2099,Otoño
14032099,14,3,2099,Otoño
15032099,15,3,2099,Otoño
16032099,16,3,2099,Otoño
17032099,17,3,2099,Otoño
18032099,18,3,2099,Otoño
19032099,19,3,2099,Otoño
20032099,20,3,2099,Otoño
21032099,21,3,2099,Otoño
22032099,22,3,2099,Otoño
23032099,23,3,2099,Otoño
24032099,24,3,2099,Otoño
25032099,25,3,2099,Otoño
26032099,26,3,2099,Otoño
27032099,27,3,2099,Otoño
28032099,28,3,2099,Otoño
29032099,29,3,2099,Otoño
30032099,30,3,2099,Otoño
31032099,31,3,2099,Otoño
1042099,1,4,2099,Otoño
2042099,2,4,2099,Otoño
3042099,3,4,2099,Otoño
4042099,4,4,2099,Otoño
5042099,5,4,2099,Otoño
6042099,6,4,2099,Otoño
7042099,7,4,2099,Otoño
8042099,8,4,2099,Otoño
9042099,9,4,2099,Otoño
10042099,10,4,2099,Otoño
11042099,11,4,2099,Otoño
12042099,12,4,2099,Otoño
13042099,13,4,2099,Otoño
14042099,14,4,2099,Otoño
15042099,15,4,2099,Otoño
16042099,16,4,2099,Otoño
17042099,17,4,2099,Otoño
18042099,18,4,2099,Otoño
19042099,19,4,2099,Otoño
20042099,20,4,2099,Otoño
21042099,21,4,2099,Otoño
22042099,22,4,2099,Otoño
23042099,23,4,2099,Otoño
24042099,24,4,2099,Otoño
25042099,25,4,2099,Otoño
26042099,26,4,2099,Otoño
27042099,27,4,2099,Otoño
28042099,28,4,2099,Otoño
29042099,29,4,2099,Otoño
30042099,30,4,2099,Otoño
1052099,1,5,2099,Otoño
2052099,2,5,2099,Otoño
3052099,3,5,2099,Otoño
4052099,4,5,2099,Otoño
5052099,5,5,2099,Otoño
6052099,6,5,2099,Otoño
7052099,7,5,2099,Otoño
8052099,8,5,2099,Otoño
9052099,9,5,2099,Otoño
10052099,10,5,2099,Otoño
11052099,11,5,2099,Otoño
12052099,12,5,2099,Otoño
13052099,13,5,2099,Otoño
14052099,14,5,2099,Otoño
15052099,15,5,2099,Otoño
16052099,16,5,2099,Otoño
17052099,17,5,2099,Otoño
18052099,18,5,2099,Otoño
19052099,19,5,2099,Otoño
20052099,20,5,2099,Otoño
21052099,21,5,2099,Otoño
22052099,22,5,2099,Otoño
23052099,23,5,2099,Otoño
24052099,24,5,2099,Otoño
25052099,25,5,2099,Otoño
26052099,26,5,2099,Otoño
27052099,27,5,2099,Otoño
28052099,28,5,2099,Otoño
29052099,29,5,2099,Otoño
30052099,30,5,2099,Otoño
31052099,31,5,2099,Otoño
1062099,1,6,2099,Invierno
2062099,2,6,2099,Invierno
3062099,3,6,2099,Invierno
4062099,4,6,2099,Invierno
5062099,5,6,2099,Invierno
6062099,6,6,2099,Invierno
7062099,7,6,2099,Invierno
8062099,8,6,2099,Invierno
9062099,9,6,2099,Invierno
10062099,10,6,2099,Invierno
11062099,11,6,2099,Invierno
12062099,12,6,2099,Invierno
13062099,13,6,2099,Invierno
14062099,14,6,2099,Invierno
15062099,15,6,2099,Invierno
16062099,16,6,2099,Invierno
17062099,17,6,2099,Invierno
18062099,18,6,2099,Invierno
19062099,19,6,2099,Invierno
20062099,20,6,2099,Invierno
21062099,21,6,2099,Invierno
22062099,22,6,2099,Invierno
23062099,23,6,2099,Invierno
24062099,24,6,2099,Invierno
25062099,25,6,2099,Invierno
26062099,26,6,2099,Invierno
27062099,27,6,2099,Invierno
28062099,28,6,2099,Invierno
29062099,29,6,2099,Invierno
30062099,30,6,2099,Invierno
1072099,1,7,2099,Invierno
2072099,2,7,2099,Invierno
3072099,3,7,2099,Invierno
4072099,4,7,2099,Invierno
5072099,5,7,2099,Invierno
6072099,6,7,2099,Invierno
7072099,7,7,2099,Invierno
8072099,8,7,2099,Invierno
9072099,9,7,2099,Invierno
10072099,10,7,2099,Invierno
11072099,11,7,2099,Invierno
12072099,12,7,2099,Invierno
13072099,13,7,2099,Invierno
14072099,14,7,2099,Invierno
15072099,15,7,2099,Invierno
16072099,16,7,2099,Invierno
17072099,17,7,2099,Invierno
18072099,18,7,2099,Invierno
19072099,19,7,2099,Invierno
20072099,20,7,2099,Invierno
21072099,21,7,2099,Invierno
22072099,22,7,2099,Invierno
23072099,23,7,2099,Invierno
24072099,24,7,2099,Invierno
25072099,25,7,2099,Invierno
26072099,26,7,2099,Invierno
27072099,27,7,2099,Invierno
28072099,28,7,2099,Invierno
29072099,29,7,2099,Invierno
30072099,30,7,2099,Invierno
31072099,31,7,2099,Invierno
1082099,1,8,2099,Invierno
2082099,2,8,2099,Invierno
3082099,3,8,2099,Invierno
4082099,4,8,2099,Invierno
5082099,5,8,2099,Invierno
6082099,6,8,2099,Invierno
7082099,7,8,2099,Invierno
8082099,8,8,2099,Invierno
9082099,9,8,2099,Invierno
10082099,10,8,2099,Invierno
11082099,11,8,2099,Invierno
12082099,12,8,2099,Invierno
13082099,13,8,2099,Invierno
14082099,14,8,2099,Invierno
15082099,15,8,2099,Invierno
16082099,16,8,2099,Invierno
17082099,17,8,2099,Invierno
18082099,18,8,2099,Invierno
19082099,19,8,2099,Invierno
20082099,20,8,2099,Invierno
21082099,21,8,2099,Invierno
22082099,22,8,2099,Invierno
23082099,23,8,2099,Invierno
24082099,24,8,2099,Invierno
25082099,25,8,2099,Invierno
26082099,26,8,2099,Invierno
27082099,27,8,2099,Invierno
28082099,28,8,2099,Invierno
29082099,29,8,2099,Invierno
30082099,30,8,2099,Invierno
31082099,31,8,2099,Invierno
1092099,1,9,2099,Primavera
2092099,2,9,2099,Primavera
3092099,3,9,2099,Primavera
4092099,4,9,2099,Primavera
5092099,5,9,2099,Primavera
6092099,6,9,2099,Primavera
7092099,7,9,2099,Primavera
8092099,8,9,2099,Primavera
9092099,9,9,2099,Primavera
10092099,10,9,2099,Primavera
11092099,11,9,2099,Primavera
12092099,12,9,2099,Primavera
13092099,13,9,2099,Primavera
14092099,14,9,2099,Primavera
15092099,15,9,2099,Primavera
16092099,16,9,2099,Primavera
17092099,17,9,2099,Primavera
18092099,18,9,2099,Primavera
19092099,19,9,2099,Primavera
20092099,20,9,2099,Primavera
21092099,21,9,2099,Primavera
22092099,22,9,2099,Primavera
23092099,23,9,2099,Primavera
24092099,24,9,2099,Primavera
25092099,25,9,2099,Primavera
26092099,26,9,2099,Primavera
27092099,27,9,2099,Primavera
28092099,28,9,2099,Primavera
29092099,29,9,2099,Primavera
30092099,30,9,2099,Primavera
1102099,1,10,2099,Primavera
2102099,2,10,2099,Primavera
3102099,3,10,2099,Primavera
4102099,4,10,2099,Primavera
5102099,5,10,2099,Primavera
6102099,6,10,2099,Primavera
7102099,7,10,2099,Primavera
8102099,8,10,2099,Primavera
9102099,9,10,2099,Primavera
10102099,10,10,2099,Primavera
11102099,11,10,2099,Primavera
12102099,12,10,2099,Primavera
13102099,13,10,2099,Primavera
14102099,14,10,2099,Primavera
15102099,15,10,2099,Primavera
16102099,16,10,2099,Primavera
17102099,17,10,2099,Primavera
18102099,18,10,2099,Primavera
19102099,19,10,2099,Primavera
20102099,20,10,2099,Primavera
21102099,21,10,2099,Primavera
22102099,22,10,2099,Primavera
23102099,23,10,2099,Primavera
24102099,24,10,2099,Primavera
25102099,25,10,2099,Primavera
26102099,26,10,2099,Primavera
27102099,27,10,2099,Primavera
28102099,28,10,2099,Primavera
29102099,29,10,2099,Primavera
30102099,30,10,2099,Primavera
31102099,31,10,2099,Primavera
1112099,1,11,2099,Primavera
2112099,2,11,2099,Primavera
3112099,3,11,2099,Primavera
4112099,4,11,2099,Primavera
5112099,5,11,2099,Primavera
6112099,6,11,2099,Primavera
7112099,7,11,2099,Primavera
8112099,8,11,2099,Primavera
9112099,9,11,2099,Primavera
10112099,10,11,2099,Primavera
11112099,11,11,2099,Primavera
12112099,12,11,2099,Primavera
13112099,13,11,2099,Primavera
14112099,14,11,2099,Primavera
15112099,15,11,2099,Primavera
16112099,16,11,2099,Primavera
17112099,17,11,2099,Primavera
18112099,18,11,2099,Primavera
19112099,19,11,2099,Primavera
20112099,20,11,2099,Primavera
21112099,21,11,2099,Primavera
22112099,22,11,2099,Primavera
23112099,23,11,2099,Primavera
24112099,24,11,2099,Primavera
25112099,25,11,2099,Primavera
26112099,26,11,2099,Primavera
27112099,27,11,2099,Primavera
28112099,28,11,2099,Primavera
29112099,29,11,2099,Primavera
30112099,30,11,2099,Primavera
1122099,1,12,2099,Verano
2122099,2,12,2099,Verano
3122099,3,12,2099,Verano
4122099,4,12,2099,Verano
5122099,5,12,2099,Verano
6122099,6,12,2099,Verano
7122099,7,12,2099,Verano
8122099,8,12,2099,Verano
9122099,9,12,2099,Verano
10122099,10,12,2099,Verano
11122099,11,12,2099,Verano
12122099,12,12,2099,Verano
13122099,13,12,2099,Verano
14122099,14,12,2099,Verano
15122099,15,12,2099,Verano
16122099,16,12,2099,Verano
17122099,17,12,2099,Verano
18122099,18,12,2099,Verano
19122099,19,12,2099,Verano
20122099,20,12,2099,Verano
21122099,21,12,2099,Verano
22122099,22,12,2099,Verano
23122099,23,12,2099,Verano
24122099,24,12,2099,Verano
25122099,25,12,2099,Verano
26122099,26,12,2099,Verano
27122099,27,12,2099,Verano
28122099,28,12,2099,Verano
29122099,29,12,2099,Verano
30122099,30,12,2099,Verano
31122099,31,12,2099,Verano
